variant,layer,layers,tokens,dim,pca_var_0,pca_var_1,trajectory_signed_circulation,trajectory_abs_circulation,trajectory_signed_circulation_ratio,trajectory_signed_circulation_alignment,spectral_total,spectral_grad_ratio,spectral_curl_ratio,spectral_harmonic_ratio,spectral_grad,spectral_curl,spectral_harmonic,spectral_signed_curl_circulation,spectral_abs_curl_circulation,spectral_signed_curl_circulation_ratio,spectral_signed_curl_alignment,spectral_signed_vorticity_mean,spectral_abs_vorticity_mean,spectral_signed_vorticity_ratio,spectral_vorticity_rms,hodge_total,hodge_grad_ratio,hodge_curl_ratio,hodge_harmonic_ratio,hodge_grad,hodge_curl,hodge_harmonic,hodge_reconstruction_error,hodge_signed_curl_circulation,hodge_abs_curl_circulation,hodge_signed_curl_circulation_ratio,hodge_signed_curl_alignment,graph_total_power,graph_low_freq_power,graph_high_freq_power,graph_low_freq_ratio,graph_high_freq_ratio,graph_first_nonzero_eigenvalue,graph_eigs_used
real,0,13,1024,768,0.13196052707297048,0.06863496425399988,0.08869604687987592,3.6980982447522477,0.010983945091066913,0.02398423216736852,0.005778954783175855,0.5193826494897261,0.4806171378148132,2.126954606187704e-07,0.0030014888465672014,0.002777464707451204,1.2291574495026348e-09,-4.3560847977167665,75.84084358756616,-0.03363699829157039,-0.05743718808569439,-0.11157993777305962,0.9457304470206646,-0.11798281225329056,1.2329906962924684,2.3668959976638413,0.535440923220486,0.4636906160176374,0.0008684607626438449,1.2673329781560003,1.097507463206427,0.0020555563032298037,0.0,-0.09982522658151916,43.337041062509726,-0.001690544119004141,-0.002303461983884188,0.07958431833781754,0.0013695953481499931,0.00925453591448987,0.01720936205467475,0.11628592300315303,0.0002981127149765431,32.0
real,1,13,1024,768,0.13196052707297048,0.06863496425399988,-0.10333664443354665,15.455719569800372,-0.005556644479089501,-0.006685980809037244,0.004962189436428252,0.5341545847951229,0.46579918663934533,4.622856553205077e-05,0.0026505762380900776,0.002311383803438631,2.293948995443735e-07,-8.18997533860568,82.95190452208521,-0.06797482911020278,-0.09873161304482372,-0.14237335717255042,0.7996817225666883,-0.17803752812504403,1.089232727163622,1.8259710401385463,0.5095103746541118,0.49046905134710367,2.0573996918828014e-05,0.9303511887685489,0.8955822838440369,3.7567522553679636e-05,0.0,-0.03981961302437331,37.03689390187315,-0.0007476480259232161,-0.0010751337066729407,0.07269059893519178,0.0013451209256214597,0.017971592675649913,0.018504744015394883,0.24723407069011377,0.0001489563027028837,32.0
real,2,13,1024,768,0.13196052707297048,0.06863496425399988,-0.09216669689145622,15.679007300857752,-0.004911278346321718,-0.005878350275812044,0.005653664062151479,0.4296416560918914,0.5703223234259786,3.602048212993231e-05,0.0024290495906499716,0.003224410823796188,2.0364770531936786e-07,-0.41118743163446303,108.57868402275338,-0.002659791946764069,-0.0037869995877671163,-0.06158931885330904,1.0949604973464913,-0.056247982463809014,1.4688526917961902,2.1765903198280068,0.4968488146223215,0.5031151359609309,3.604941892774278e-05,1.0814363203249648,1.0950755346915138,7.846481627354947e-05,0.0,0.05119118630269376,39.92791239043616,0.0009285733537109356,0.0012820902280619975,0.0695077222216724,0.0011641516097184352,0.022480852550709005,0.016748521926898283,0.32342956771067244,0.0001665684188604501,32.0
real,3,13,1024,768,0.13196052707297048,0.06863496425399988,-0.15767755274576198,14.799699283276066,-0.008786356037752022,-0.01065410517657886,0.006548322055887815,0.49117741072844673,0.5088030973563136,1.9491915239628497e-05,0.003216387872026956,0.0033318065445223834,1.276393384751551e-07,-1.0735351020446813,94.84800590266104,-0.007639322736015318,-0.011318478357324772,-0.06827392584438884,0.9080864838560934,-0.07518438723421014,1.2351878233648808,2.3187141388786134,0.4853717620248985,0.5117282191397265,0.0029000188422579455,1.1254383672195578,1.1865514569824573,0.0067243146925578855,0.0,-0.05056158778182329,41.35747237450944,-0.0008601825151683586,-0.0012225502401105822,0.1145738401177962,0.0016469121142058986,0.028703695780249748,0.014374242082770966,0.2505257373824493,0.0001640283794643592,32.0
real,4,13,1024,768,0.13196052707297048,0.06863496425399988,-0.207127915118886,13.351917200476413,-0.01229774999265861,-0.015512971808385349,0.005787473285207919,0.49394265251894837,0.5060377330279354,1.9614453116343744e-05,0.002858679905878152,0.0029286798612063536,1.1351812341480264e-07,-6.642449255133672,93.54267386947231,-0.04910143251797527,-0.07100982878041759,-0.030374035679673363,0.8449838729581268,-0.03594629039882108,1.1076609171488592,2.3330329543647026,0.4919754953368751,0.5036541812638431,0.004370323396747158,1.1477950433608277,1.1750418024921192,0.010196108505842206,0.0,0.11391475838820109,41.83139388122593,0.001958048052065908,0.0027231882043339327,0.09218627787196992,0.0012574127238784735,0.029205591010037533,0.013639912066140607,0.31681061090891227,0.0001517110030978626,32.0
real,5,13,1024,768,0.13196052707297048,0.06863496425399988,-0.2938786553974149,11.631832638811037,-0.019641874255014704,-0.02526503471317604,0.005961215454235643,0.4883767862747187,0.5116048431137109,1.8370611570503863e-05,0.0029113192458307905,0.003049786697231255,1.0951117359784774e-07,-12.136691671911873,90.74723928463271,-0.0903296215736674,-0.13374171784823785,0.02209123561025705,0.8151554786117834,0.027100640540229957,1.065984806621548,2.229962708742396,0.48806973849244273,0.5090656403757405,0.0028646211286515685,1.0883773161038004,1.1351973943399687,0.006387998291568551,0.0,0.11215540819332281,42.49557377967781,0.0019790938591207545,0.0026392256467650675,0.10261661270466838,0.002391509130817465,0.015089829561176122,0.023305282329872376,0.1470505521811054,0.00022304302385548676,32.0
real,6,13,1024,768,0.13196052707297048,0.06863496425399988,-0.2806587089473319,9.276175972683738,-0.021344843359103513,-0.030255862951911325,0.0048843542395602575,0.5017863915889358,0.49819268599163335,2.0922419431003652e-05,0.002450902489111062,0.0024333495579411464,1.021925080496806e-07,-13.091123917332219,71.82356440824803,-0.11781207012751513,-0.18226781175773654,-0.015719108583202905,0.7646606878651723,-0.020556972305047484,1.016207387761282,2.127643697091549,0.48406178439305786,0.5113803005207371,0.004557915086588273,1.0299110045667779,1.0880350732197284,0.00969761930585802,0.0,-0.02255404499385899,40.35444297298568,-0.00041626389975765954,-0.0005588986820845789,0.07994828039462731,0.0013453804226283646,0.018899978720221738,0.016828134588855733,0.2364025670962631,0.00012726371276884207,32.0
real,7,13,1024,768,0.13196052707297048,0.06863496425399988,-0.15050994307629628,7.473652429059722,-0.013452180117412008,-0.020138739994259042,0.004600276712100256,0.4955367044206362,0.5044434343148197,1.9861264544054833e-05,0.0022796059613371606,0.00232057938345034,9.136731275487795e-08,-8.438899803462329,67.18127711823627,-0.08100638332670956,-0.12561386394322654,-0.04570771540514166,0.7529429551429399,-0.0607054161180968,0.9843028663764569,1.9533575738613136,0.48924922261743065,0.5097579827589582,0.0009927946208042545,0.955678674505518,0.9957396164584759,0.0019392828918367616,0.0,0.06119449541333605,38.227383289859766,0.0011773360531220913,0.001600802622280677,0.10138590146876827,0.008682161532108526,0.015117469110778858,0.0856348013513797,0.14910819839616227,0.00026796132212482447,32.0
real,8,13,1024,768,0.13196052707297048,0.06863496425399988,0.09556718562471014,5.9625999063797845,0.010140897866329228,0.01602777095985535,0.004253960914967418,0.49705902610843367,0.5029226520468284,1.832184473795113e-05,0.0021144696694970462,0.0021394133050589665,7.794041140534557e-08,-1.6436571887172928,64.6527072567833,-0.015685147292061843,-0.025422867169183266,-0.024880108258746002,0.7689820890369635,-0.03235460046917954,1.0089308284029963,1.8603462650200289,0.48156893521449423,0.5127764383813685,0.005654626411685157,0.8958849699759566,0.953941731933052,0.01051956312506209,0.0,0.29530578595986245,37.16624098941658,0.0058104115702700306,0.007945538157704822,0.1390872102382218,0.017972839527905286,0.07123276636072463,0.12921992969103546,0.5121446194709105,0.0003008402484688295,32.0
real,9,13,1024,768,0.13196052707297048,0.06863496425399988,0.014509101807660112,5.43620887827127,0.0017006724692888613,0.0026689743040694287,0.0044610304825703235,0.5399052761675945,0.4600796683026198,1.5055529785777714e-05,0.002408533894684188,0.0020524294247088303,6.716317730559984e-08,-0.05696369139900259,51.07693885975442,-0.0006583358467656673,-0.0011152526496431558,-0.03891916621276061,0.6997761564789453,-0.05561659375276472,0.9183362447870328,2.2123069953154255,0.5142240569432387,0.4837513723870692,0.0020245706761576475,1.1376214783350047,1.0702065451253506,0.004478971869374044,0.0,0.0030495499932388093,39.16586462863272,5.567827018533266e-05,7.786244532463087e-05,0.24333222525969345,0.04507254153537355,0.013325899119180487,0.185230466237139,0.05476421836424904,0.0004151355275116833,32.0
real,10,13,1024,768,0.13196052707297048,0.06863496425399988,0.7393408675857923,5.760259884107802,0.08854672525371647,0.12835199842729106,0.006625656254745554,0.47008959625412894,0.5299008236282381,9.580117632992451e-06,0.0031146520737119817,0.003510940706467257,6.347456631623461e-08,16.488891704505647,70.49904614984914,0.1505044645947184,0.23388815317384168,-0.03517478599533624,0.9862852356501226,-0.03566390809059443,1.2958616537611376,3.0378792333279696,0.45627142969040135,0.5427290455337882,0.000999524775766359,1.386097501017333,1.6487452967510052,0.0030364355594974172,0.0,0.2907160421165104,44.990383577864804,0.004519398293612574,0.006461737353569536,0.610646349170046,0.33543266717938613,0.012242614057910342,0.5493075781674387,0.02004861582248018,1.176085004277068e-06,32.0
real,11,13,1024,768,0.13196052707297048,0.06863496425399988,0.4285344760027224,9.027940975854332,0.03326223601332957,0.047467576178096285,0.02281479297881369,0.46618994914057815,0.5338052368456503,4.8140137715598185e-06,0.010636027178445974,0.012178655969640122,1.0983072759529535e-07,11.580950575906922,139.55132754178302,0.05741840427431839,0.08298703265606322,-0.08083438384000209,1.8908011216918388,-0.042751394058658916,2.566678489320807,9.48915512614156,0.4726602066205482,0.5266966012393249,0.0006431921393079751,4.485146022576504,4.9979057535714775,0.006103349985808228,0.0,0.12365249404452183,83.84315852202894,0.0010773578774384202,0.0014748072022123713,0.7643234490267792,0.09756663385493572,0.28493366208052623,0.12765097548579507,0.3727919932894054,0.0008692543082760988,32.0
real,12,13,1024,768,0.13196052707297048,0.06863496425399988,-0.11971016912339301,0.45143465213122963,-0.0038126190555420924,-0.26517718247422867,0.035448262973071396,0.3274754379463875,0.6725245517486496,1.0304962811719464e-08,0.011608435441545268,0.02383982716623309,3.652930316775528e-10,-36.164901871826494,96.61051217601022,-0.17334811905609374,-0.3743371301659113,-2.827915943177334,4.364966791965548,-0.6478665423944545,5.769810295041159,23.340431366673737,0.6106500096393477,0.38920491851519623,0.00014507184566275137,14.252834639045851,9.084210688175782,0.0033860394569281333,0.0,1.3621683599725478,28.116022402397128,0.008794293177656476,0.048448117606294534,2.097986941855097,1.8161589634990942,0.008652760665089472,0.8656674296996325,0.004124315786941202,1.160415617370368e-09,32.0
shuffle_tokens,0,13,1024,768,0.1319605270729705,0.06863496425399994,-0.8017940025291974,8.30675882281293,-0.058099106558849145,-0.09652308675764404,0.03376055316651325,0.5135332731993619,0.48646663034073345,9.645990446063476e-08,0.017337167372620633,0.01642338253735288,3.2565397329800487e-09,-44.28547706419434,149.3120007692625,-0.1857333650951766,-0.2965969033703484,-0.018746209227301795,2.324152940982123,-0.008065824282364208,3.130216343195323,12.068938102613414,0.5209712639438644,0.4716995790438485,0.007329157011634158,6.287569937778774,5.692913022509011,0.08845514231774776,0.0,-0.8788550821012328,89.51993368309098,-0.006792446144864691,-0.009817423292698838,0.9582582292064095,0.1660686831432523,0.07107072851571859,0.17330264231676218,0.0741665725892868,5.2806074799089844e-05,32.0
shuffle_tokens,1,13,1024,768,0.1319605270729705,0.06863496425399994,-1.6062470631012422,18.294934213098976,-0.025395990089710576,-0.08779736753309485,0.1958940060872698,0.51012473257005,0.48987473048356145,5.369463884333373e-07,0.09993037746734426,0.09596352343534645,1.0518457908429772e-07,-86.95320138754606,307.52925973941115,-0.16956906614015396,-0.28274773418707205,0.1815460160058994,5.944366737554474,0.030540850526424256,8.131790347773952,66.0283491230955,0.5213088308682063,0.4781855855884167,0.0005055835443136858,34.42116148551867,31.57380479086384,0.03338284677483607,0.0,0.8509834275585318,193.29395218090485,0.002718654157015057,0.004402535195524855,4.300305620513416,0.2258942306276196,0.09804856130654284,0.052529808474554414,0.022800370475723718,0.0005843710233189229,32.0
shuffle_tokens,2,13,1024,768,0.1319605270729705,0.06863496425399994,-0.9026563760935524,17.37030635455106,-0.01533210979547855,-0.05196548395112527,0.18563767683501892,0.525607441854968,0.4743921370463456,4.210986862499919e-07,0.09757254443315355,0.08806505423008351,7.817178183372702e-08,-26.2855935272817,288.5394042132346,-0.05409410067103954,-0.09109880017585496,0.08415449237101481,5.91482150662218,0.014227731517645328,7.986799834087893,63.84663106420696,0.5207457627290909,0.4787948561341228,0.0004593811681315709,33.24786259121332,30.56943853503539,0.029329939959540835,0.0,0.7176191971247707,188.38057688091476,0.002447465035101647,0.0038094118247573657,3.2574437391535724,0.14471689727441558,0.30361178642528486,0.04442652240926175,0.0932055349954184,0.0006139045695701637,32.0
shuffle_tokens,3,13,1024,768,0.1319605270729705,0.06863496425399994,-0.5799006836337184,15.973219050765906,-0.01099336092011867,-0.03630455963764627,0.17249536967253343,0.5287744839165818,0.47122511744969686,3.986337212179527e-07,0.09121115007659386,0.08128415083346845,6.876247110542838e-08,-20.860058912640472,292.61119259123404,-0.04520050616848702,-0.0712893403971089,0.1043811191455988,4.410583360505204,0.023666057438180378,6.000200786688112,56.51666919790925,0.5380089686964828,0.4606040448167232,0.001386986489602157,30.406474909327436,26.031806432125713,0.07838785661481451,0.0,-0.9320531743154503,174.91023044560325,-0.0033732025291491395,-0.005328751622709211,5.141350953941481,0.2082947689458205,2.448560793659753,0.04051362585667038,0.4762485221481776,0.0005938835096420637,32.0
shuffle_tokens,4,13,1024,768,0.1319605270729705,0.06863496425399994,-0.7249908977948246,14.744009899449761,-0.015779178255682293,-0.04917189439908616,0.16249857102281695,0.4685080017316237,0.5314916649023441,3.3336603213906235e-07,0.0761318807941443,0.0863666360571688,5.41715038501441e-08,-15.8450514737312,290.15009031385046,-0.035160443738673414,-0.05460984505154513,-0.32110760409257494,5.075460291694677,-0.06326669614931779,7.298991964599196,53.17147046699012,0.5516587326079866,0.44795654120819617,0.00038472620007492907,29.33250600872276,23.818508001346647,0.020456457785161423,0.0,-0.7905240389139065,172.45113186466796,-0.0029475572995328473,-0.004584046682478576,2.7630913117326465,0.16532978163042325,0.806651007742337,0.05983507708500238,0.29193787563846807,9.853942235166953e-06,32.0
shuffle_tokens,5,13,1024,768,0.1319605270729705,0.06863496425399994,-0.5868287517435626,12.903954701952603,-0.014451498001411597,-0.04547665931086729,0.14622621025764052,0.4941907359112004,0.5058089327538294,3.3133497023112397e-07,0.07226363845672928,0.07396252335105422,4.8449857022725395e-08,5.250960323021565,268.4257123380784,0.012490443263988682,0.019562061612071104,0.05402353101937648,5.074767329151947,0.010645518802219539,7.011830050002943,40.806475531237226,0.510722423074446,0.4875752387095003,0.0017023382145929537,20.84078206044157,19.896227048036373,0.06946642269967743,0.0,-0.7432408790470391,158.74154371568682,-0.0030337688652118198,-0.004682081713771265,3.141814212230194,0.38081936836932184,0.7271230429200273,0.12121002154961925,0.23143413130208113,1.1624269061884801e-06,32.0
shuffle_tokens,6,13,1024,768,0.1319605270729705,0.06863496425399994,-0.49319372180602766,11.03532128287619,-0.014241714908457138,-0.04469228481560658,0.11423503515362184,0.5087267118929218,0.4912729227738514,3.6533322681021735e-07,0.05811441381667437,0.056120579603093454,4.173385400745128e-08,-16.964603620901343,220.36620612143787,-0.045052000856787025,-0.07698368964773396,-0.2906692069126228,4.686909093971551,-0.06201724869946606,6.493012448688056,35.406833043247396,0.5321592066623995,0.46726625836739094,0.0005745349697165363,18.842072182722564,16.544418396757113,0.0203424637502606,0.0,-0.12682639881238122,145.5042138499255,-0.00055464321183597,-0.0008716338548324878,2.414602314916731,0.34624807288430565,0.06463138221250293,0.14339755691663297,0.026766884887514816,0.0007421401801148047,32.0
shuffle_tokens,7,13,1024,768,0.1319605270729705,0.06863496425399994,-0.5178726514733806,8.91384065965262,-0.018254650442239097,-0.05809758904682536,0.0965828442617429,0.502868871475017,0.4971307747323369,3.537926461119963e-07,0.048568505897749976,0.04801430419369289,3.417030004038486e-08,-29.660365014663267,214.1085470238572,-0.08818121811938351,-0.13852957029014978,-0.10111632843163658,3.8280126603712894,-0.02641483647074172,5.465302837593107,29.00439595419622,0.5015335036392435,0.4982255455097666,0.0002409508516187635,14.54667632384793,14.45073099646068,0.0069886339058513975,0.0,-0.3249449902931536,138.04153807984858,-0.0014996350902157522,-0.002353965297787343,2.338927456722754,0.3410689848089569,0.6922512779240413,0.1458228145676883,0.2959695376332904,0.0006956281028792551,32.0
shuffle_tokens,8,13,1024,768,0.1319605270729705,0.06863496425399994,-0.3691778226132109,7.656650032922793,-0.016387032300637188,-0.04821662489806703,0.07505145078303838,0.5077897717769834,0.492209916994367,3.1122864966615333e-07,0.03811035906465056,0.03694106836022614,2.33581616826908e-08,-17.94221255321121,207.7680971793447,-0.05568223157335063,-0.08635691810626515,0.06802286102568973,3.385106792886319,0.020094745952664576,4.734270956118233,26.474883209831802,0.5068707256335008,0.4910257809837986,0.0021034933842557758,13.419343263629631,12.999850204562518,0.055689741680825515,0.0,0.009975201393797928,127.65005250210537,5.1459013230067205e-05,7.814490631434252e-05,1.6451607664626953,0.20114632465806864,0.32481039825385566,0.12226545195978555,0.19743383435543463,0.0005254121556540791,32.0
shuffle_tokens,9,13,1024,768,0.1319605270729705,0.06863496425399994,-0.22622852706265695,6.726933428986463,-0.013010891604170613,-0.033630261017276404,0.04854915139662752,0.45757441311654806,0.5424252539497241,3.3293372789786374e-07,0.02221484945761828,0.026334285775359283,1.616364996075698e-08,-28.59458869729118,155.76434736150964,-0.09911926401246092,-0.1835759542003967,-0.10155371511182375,3.2102958736713205,-0.031633755612589715,4.366287107251462,19.678320519057937,0.5156434830088019,0.4835555262054346,0.0008009907869517117,10.14699773221061,9.515560633432262,0.015762153438448234,0.0,-0.3423052496271265,114.27008689613328,-0.0020520282951854768,-0.0029955805488996227,1.4807526724622133,0.07039490648101283,0.12420722833786951,0.04753994896660179,0.08388114412877354,0.0008918670879508348,32.0
shuffle_tokens,10,13,1024,768,0.1319605270729705,0.06863496425399994,0.011256997117791837,7.191005835377096,0.0008012171830340548,0.001565427337356836,0.04304237992670139,0.43697957191252906,0.5630201194221639,3.08665306964351e-07,0.018808640754466407,0.024233725886545564,1.3285689412551506e-08,-18.749125067454138,162.37768502817698,-0.06819750389403748,-0.11546614341866403,0.15260728004029253,3.368005688793579,0.045310873597412635,4.540417241813495,15.914674139563232,0.47552178635282216,0.5146362859297191,0.009841927718624846,7.567774276068171,8.19026879096657,0.1566310725470494,0.0,0.17780947233749522,106.32199392836387,0.001196019060253413,0.0016723677366067568,0.9138896439878945,0.12646774246846113,0.15218863880366335,0.13838404155298245,0.16652846413661654,0.00017304744057639518,32.0
shuffle_tokens,11,13,1024,768,0.1319605270729705,0.06863496425399994,0.41369530552031647,10.082693701090133,0.027529638234762902,0.04103023634205888,0.03983567843077038,0.4839517054157797,0.5160471717021698,1.1228820503950144e-06,0.019278544512965914,0.020557089187036186,4.4730768275219895e-08,-6.362615916390766,160.59083724324344,-0.025178799321688646,-0.03962004324539046,-0.0211641569422512,2.418252244805662,-0.008751840089350156,3.3611555753634446,17.448555032829898,0.48150886595278575,0.5184590249871217,3.210906072093038e-05,8.401633946372696,9.046360829755123,0.0005602567130416306,0.0,0.5520690782769244,110.52188073661303,0.0037793097959877334,0.004995111145390039,1.1244697651686815,0.023456884209730355,0.08103163889316078,0.020860395660537476,0.07206208775298217,0.0013689156278833073,32.0
shuffle_tokens,12,13,1024,768,0.1319605270729705,0.06863496425399994,0.12216560606720465,0.5186621122670987,0.0038885941972368744,0.23553986917072567,0.04430929666034125,0.4817234031614601,0.5182765950056194,1.8329203883349479e-09,0.021344825178910308,0.022964471400215528,8.12154132415211e-11,-3.0952537276252463,96.4720583759971,-0.018603398680377473,-0.032084458233093596,-0.1635063479436353,2.614796651993522,-0.06253119064496966,3.80852715246174,0.6535551291929785,0.5472691368211803,0.45183445274569195,0.0008964104278443944,0.35767055141849635,0.2952987241380495,0.0005858536329797763,0.0,0.3882184974698179,11.415279546405227,0.010311773380489959,0.03400867196389171,0.12418085189141241,0.009848051858530965,0.019832654218336146,0.07930410935771649,0.15970782867296188,1.1221677334062306e-09,32.0
reverse_tokens,0,13,1024,768,0.13196052707297048,0.06863496425399991,-0.08869604687985186,3.6980982447521877,-0.010983945091064103,-0.023984232167362403,0.0057789547831758,0.5193826494897272,0.48061713781481225,2.1269546061883104e-07,0.003001488846567179,0.0027774647074511718,1.2291574495029736e-09,4.356084797716093,75.8408435875659,0.033636998291564434,0.05743718808568571,0.11157993777307358,0.9457304470207046,0.11798281225330032,1.2329906962925263,2.366895997663825,0.5354409232203201,0.46369061601765504,0.0008684607626439944,1.267332978155599,1.0975074632064612,0.0020555563032301433,0.0,0.0998252265816062,43.33704106248009,0.0016905441190056428,0.0023034619838877713,0.07958431833781664,0.0013695953481500554,0.009254535914488824,0.017209362054675728,0.11628592300314121,0.0002981127149764351,32.0
reverse_tokens,1,13,1024,768,0.13196052707297048,0.06863496425399991,0.10333664443354232,15.455719569800406,0.005556644479089336,0.006685980809036949,0.004962189436427964,0.5341545847951257,0.4657991866393423,4.6228565532053694e-05,0.0026505762380899375,0.0023113838034384817,2.293948995443747e-07,8.189975338605812,82.9519045220826,0.06797482911020565,0.09873161304482843,0.14237335717254138,0.7996817225666637,0.1780375281250382,1.0892327271635873,1.825971040138357,0.5095103746516378,0.4904690513471034,2.0573996918818894e-05,0.9303511887639351,0.8955822838439437,3.756752255365909e-05,0.0,0.03981961302433934,37.03689390187061,0.0007476480259226244,0.001075133706672097,0.07269059893520223,0.0013451209256212782,0.017971592675718864,0.018504744015389724,0.2472340706910268,0.0001489563027029278,32.0
reverse_tokens,2,13,1024,768,0.13196052707297048,0.06863496425399991,0.0921666968914509,15.67900730085779,0.004911278346321489,0.00587835027581169,0.005653664062151136,0.42964165609189386,0.5703223234259761,3.6020482129934e-05,0.002429049590649838,0.003224410823795978,2.0364770531936508e-07,0.41118743163335747,108.57868402275048,0.002659791946756978,0.0037869995877570354,0.06158931885330489,1.0949604973464913,0.056247982463805225,1.46885269179618,2.1765903198278007,0.4968488146702208,0.5031151359609122,3.604941892775805e-05,1.0814363204291195,1.0950755346913692,7.846481627357526e-05,0.0,-0.05119118630264852,39.9279123904346,-0.0009285733537102056,-0.0012820902280609146,0.06950772222166815,0.0011641516097186113,0.022480852550708853,0.01674852192690184,0.32342956771069004,0.00016656841886041068,32.0
reverse_tokens,3,13,1024,768,0.13196052707297048,0.06863496425399991,0.157677552745757,14.799699283276109,0.008786356037751849,0.010654105176578494,0.006548322055887417,0.49117741072844334,0.508803097356317,1.9491915239630655e-05,0.0032163878720267384,0.003331806544522203,1.2763933847516148e-07,1.073535102044406,94.8480059026613,0.007639322736013391,0.011318478357321839,0.06827392584439408,0.9080864838560734,0.07518438723421757,1.2351878233648452,2.3187141388786134,0.48537176202354454,0.5117282191396468,0.002900018842256656,1.1254383672164183,1.1865514569822726,0.006724314692554896,0.0,0.050561587780807715,41.35747237454194,0.000860182515151319,0.0012225502400850655,0.11457384011778872,0.0016469121142060595,0.028703695780255684,0.01437424208277331,0.2505257373825175,0.0001640283794642235,32.0
reverse_tokens,4,13,1024,768,0.13196052707297048,0.06863496425399991,0.20712791511887446,13.351917200476453,0.012297749992658077,0.015512971808384436,0.005787473285207672,0.49394265251895214,0.5060377330279314,1.9614453116345587e-05,0.0028586799058780516,0.0029286798612062053,1.1351812341480845e-07,6.642449255133667,93.54267386947461,0.0491014325179751,0.0710098287804158,0.03037403567967844,0.8449838729580873,0.03594629039882877,1.107660917148817,2.333032954364579,0.4919754953393935,0.5036541812633998,0.004370323396745992,1.1477950433666424,1.1750418024910227,0.010196108505838944,0.0,-0.11391475838864784,41.83139388097602,-0.0019580480520772652,-0.002723188204360881,0.09218627787196731,0.0012574127238782827,0.029205591010028606,0.013639912066138925,0.3168106109088244,0.00015171100309768114,32.0
reverse_tokens,5,13,1024,768,0.13196052707297048,0.06863496425399991,0.293878655397397,11.63183263881108,0.019641874255013778,0.025265034713174407,0.005961215454235372,0.4883767862747156,0.511604843113714,1.8370611570505367e-05,0.00291131924583064,0.0030497866972311353,1.0951117359785174e-07,12.136691671910361,90.74723928463246,0.09032962157365752,0.13374171784822156,-0.022091235610265065,0.8151554786117681,-0.0271006405402403,1.0659848066215172,2.2299627087421934,0.4880697384873496,0.5090656403757372,0.002864621128650777,1.088377316092344,1.1351973943398583,0.006387998291566206,0.0,-0.11215540819358905,42.4955737796579,-0.001979093859125581,-0.002639225646772569,0.10261661270466277,0.0023915091308173023,0.015089829561172838,0.023305282329872064,0.14705055218108146,0.00022304302385567975,32.0
reverse_tokens,6,13,1024,768,0.13196052707297048,0.06863496425399991,0.2806587089473091,9.276175972683752,0.0213448433591022,0.03025586295190882,0.004884354239559812,0.5017863915889222,0.49819268599164673,2.0922419431006156e-05,0.0024509024891107723,0.00243334955794099,1.021925080496835e-07,13.091123917331002,71.82356440824896,0.11781207012750544,0.18226781175771725,0.015719108583206142,0.764660687865143,0.020556972305052504,1.0162073877612323,2.1276436970913806,0.48406178439200537,0.5113803005207465,0.004557915086586467,1.029911004564457,1.0880350732196622,0.009697619305853411,0.0,0.022554044993877448,40.354442972983875,0.00041626389975800974,0.0005588986820850612,0.07994828039461122,0.0013453804226280465,0.018899978720214428,0.016828134588855143,0.23640256709621923,0.0001272637127687521,32.0
reverse_tokens,7,13,1024,768,0.13196052707297048,0.06863496425399991,0.1505099430762854,7.473652429059722,0.013452180117411403,0.02013873999425759,0.004600276712099824,0.49553670442063635,0.5044434343148195,1.986126454405699e-05,0.002279605961336947,0.0023205793834501216,9.13673127548793e-08,8.438899803461858,67.18127711823342,0.08100638332670833,0.12561386394322485,0.045707715405135706,0.7529429551428991,0.06070541611809218,0.9843028663764114,1.9533575738609867,0.4892492226370667,0.509757982758981,0.0009927946208030287,0.9556786745437144,0.9957396164583537,0.0019392828918340427,0.0,-0.0611944954134227,38.227383289856476,-0.0011773360531238983,-0.0016008026222830815,0.10138590146875676,0.008682161532110225,0.015117469110763265,0.08563480135140618,0.1491081983960254,0.0002679613221247477,32.0
reverse_tokens,8,13,1024,768,0.13196052707297048,0.06863496425399991,-0.09556718562469807,5.962599906379783,-0.010140897866328264,-0.01602777095985333,0.004253960914966999,0.49705902610842745,0.5029226520468345,1.8321844737952934e-05,0.0021144696694968116,0.002139413305058782,7.794041140534556e-08,1.6436571887171483,64.65270725678162,0.01568514729206087,0.025422867169181688,0.024880108258754634,0.768982089036938,0.032354600469191835,1.0089308284029748,1.8603462650198945,0.4815689352098986,0.5127764383813838,0.005654626411687082,0.8958849699673423,0.9539417319330115,0.010519563125064912,0.0,-0.29530578595994045,37.1662409894452,-0.005810411570271276,-0.007945538157700802,0.1390872102381284,0.017972839527906813,0.07123276636068618,0.1292199296911332,0.512144619470978,0.00030084024846914546,32.0
reverse_tokens,9,13,1024,768,0.13196052707297048,0.06863496425399991,-0.014509101807653427,5.436208878271263,-0.0017006724692881343,-0.002668974304068202,0.0044610304825699,0.5399052761675837,0.46007966830263075,1.5055529785779122e-05,0.002408533894683911,0.0020524294247086846,6.716317730559974e-08,0.05696369140068036,51.076938859753774,0.0006583358467850746,0.0011152526496760178,0.03891916621275146,0.6997761564789182,0.05561659375275379,0.9183362447870019,2.2123069953151853,0.5142240569361957,0.4837513723870723,0.002024570676159897,1.1376214783192997,1.0702065451252412,0.0044789718693785344,0.0,-0.0030495499930328074,39.16586462863006,-5.56782701815704e-05,-7.786244531937642e-05,0.2433322252596249,0.04507254153541011,0.013325899119177385,0.18523046623734146,0.054764218364251716,0.0004151355275122159,32.0
reverse_tokens,10,13,1024,768,0.13196052707297048,0.06863496425399991,-0.7393408675857179,5.760259884107809,-0.08854672525370917,-0.12835199842727799,0.006625656254745123,0.4700895962541282,0.5299008236282389,9.580117632992946e-06,0.0031146520737117744,0.003510940706467033,6.347456631623376e-08,-16.488891704505757,70.49904614984699,-0.1505044645947244,-0.23388815317385034,0.03517478599535564,0.9862852356500862,0.03566390809061541,1.2958616537610812,3.0378792333277502,0.4562714296903832,0.5427290455337558,0.0009995247757651033,1.3860975010171779,1.6487452967507876,0.0030364355594933836,0.0,-0.2907160421164295,44.9903835778299,-0.004519398293611929,-0.00646173735357275,0.6106463491700336,0.33543266717905207,0.012242614057917975,0.5493075781669029,0.02004861582249309,1.176085004710836e-06,32.0
reverse_tokens,11,13,1024,768,0.13196052707297048,0.06863496425399991,-0.4285344760026327,9.027940975854346,-0.03326223601332269,-0.04746757617808628,0.022814792978813617,0.466189949140562,0.5338052368456665,4.814013771559733e-06,0.010636027178445572,0.012178655969640451,1.0983072759529305e-07,-11.580950575904524,139.5513275417896,-0.05741840427430348,-0.08298703265604213,0.08083438383999411,1.890801121691745,0.042751394058656814,2.5666784893206915,9.489155126141249,0.47266020662153235,0.5266966012393116,0.0006431921393075043,4.485146022585695,4.997905753571187,0.006103349985803561,0.0,-0.12365249404355083,83.8431585220299,-0.0010773578774300057,-0.0014748072022007733,0.7643234490267676,0.09756663385493153,0.28493366208056636,0.12765097548579152,0.3727919932894635,0.0008692543082780906,32.0
reverse_tokens,12,13,1024,768,0.13196052707297048,0.06863496425399991,0.11971016912338381,0.4514346521311938,0.0038126190555417953,0.2651771824742293,0.03544826297307525,0.3274754379463771,0.6725245517486601,1.0304962811718228e-08,0.011608435441546161,0.023839827166236054,3.6529303167754864e-10,36.164901871819694,96.61051217601432,0.17334811905605166,0.374337130165825,2.827915943176703,4.364966791965139,0.6478665423943707,5.769810295040907,23.340431366674938,0.6106500096385848,0.38920491851520517,0.00014507184566272662,14.252834639028778,9.084210688176459,0.00338603945692773,0.0,-1.3621683599725547,28.11602240239725,-0.008794293177655921,-0.04844811760629457,2.098099167711209,0.009712954111416613,0.008816817847406754,0.0046294065890185535,0.004202288425205808,1.160415554163225e-09,32.0
random_hidden,0,13,1024,768,0.24853560779642742,0.17186064301335452,0.5028736211245217,197.38872050137832,0.0019117580672193362,0.0025476309884738843,0.7151489775938942,0.49784141480948235,0.5021575637141553,1.021476362123768e-06,0.3560307788048991,0.359117468281219,7.305077760091431e-07,-36.31544671285806,721.4903717510645,-0.035677543976106944,-0.05033393117183269,0.1483221631555674,9.805032841477088,0.015127145982432352,13.679239113665105,210.17848841448497,0.5047531195495837,0.48976273989221114,0.005484140556929707,106.08824768942732,102.93759235228151,1.1526483725080576,0.0,1.138079624529417,379.57322797701937,0.0020576021137018305,0.0029983137393407525,12.212791846557902,0.6465280167373245,1.674301255409193,0.052938592981877794,0.13709406304841626,0.0024222648826340352,32.0
random_hidden,1,13,1024,768,0.24853560779642742,0.17186064301335452,-2.7824345753378075,194.24358409340306,-0.01081158607289728,-0.01432446064215876,0.6603322685956831,0.45003238452752364,0.549966822841971,7.926305053766793e-07,0.2971709054165845,0.3631608397795988,5.233994997735254e-07,-50.74808173558415,697.7889108810091,-0.051798597108756936,-0.07272698224956171,-1.0424779564117523,10.485452090679049,-0.09942136470571966,14.576107687671021,203.45718431475993,0.4855758269056857,0.514352385217886,7.178788027717348e-05,98.79389051354205,104.64868804201183,0.014605759989118804,0.0,-0.1307751355234954,382.7463501751087,-0.00023207989571870323,-0.00034167572195963465,16.533450463392462,0.46141400353073886,3.0312138220192146,0.02790790733926827,0.1833382468306163,0.0003808443434379393,32.0
random_hidden,2,13,1024,768,0.24853560779642742,0.17186064301335452,-6.375841766519965,203.17434518446117,-0.023559726555762925,-0.03138113604220732,0.7206342092041285,0.5023124760901079,0.49768660751160854,9.163982834565699e-07,0.3619835539805626,0.3586499948356135,6.60387952314746e-07,-51.627978824729226,738.0527789223795,-0.050211603986663474,-0.06995160820356305,-0.18869681192202378,9.014983138515055,-0.020931465874389408,12.149366532551623,198.9853412562812,0.5430559565946017,0.4569275078619796,1.6535563832856177e-05,108.06017484423305,90.92187608129812,0.0032903348121459076,0.0,1.7028715520145434,373.4630310146331,0.003161086180176312,0.004559679032722843,25.235866553632142,1.2131306164200155,4.4309316542944295,0.048071684554276274,0.17558072138627215,0.0025429477400116716,32.0
random_hidden,3,13,1024,768,0.24853560779642742,0.17186064301335452,8.811364352492442,207.45587317701865,0.03237044646527437,0.04247343889355136,0.7033735036350819,0.47718996470530917,0.5228076728246791,2.362470011750531e-06,0.3356427773742744,0.36772906456199816,1.661698809397784e-06,53.606208339865205,724.8026472481549,0.05260234663943231,0.07395973033954957,0.005059718106235772,9.447115159339521,0.0005355834051873158,12.810787826080134,206.38955837458016,0.47273471482084095,0.5269808260047094,0.0002844591713461172,97.56750902020646,108.76333995098344,0.05870940274972415,0.0,-0.8631706575152966,387.3297289639165,-0.0015296102849726297,-0.0022285164111317396,19.557742320623454,0.886802918167645,6.483434384024852,0.045342806118910756,0.3315021886339167,0.002799738086585268,32.0
random_hidden,4,13,1024,768,0.24853560779642742,0.17186064301335452,-0.2970817761004789,198.94781811849876,-0.0011272982568509172,-0.0014932648113965689,0.6403681511288708,0.5647332363541452,0.4352659736666572,7.899791975650919e-07,0.36163717844512755,0.27873046680622504,5.058775181750268e-07,-5.179794319684898,609.1715328249711,-0.005769361340701706,-0.00850301440657302,-0.6731370495614625,8.759020166679669,-0.07685072493863572,11.535354822806077,208.04660395452817,0.521861138953028,0.47795661520476934,0.00018224583356585289,108.57143769501961,99.43725063095346,0.03791562675823785,0.0,-1.1167156437963817,390.6421609838851,-0.002048119549562285,-0.0028586664608443242,16.28004304601864,1.202947905998181,4.4040080343079,0.07389095364169614,0.2705157487519617,0.0028167237926973315,32.0
random_hidden,5,13,1024,768,0.24853560779642742,0.17186064301335452,-14.019485778678124,191.15368523558024,-0.0531187914667503,-0.07334143603561884,0.7683537396734664,0.47255697883557013,0.5274415135559622,1.5076084676530671e-06,0.36309092189710546,0.4052616593997569,1.1583766040846184e-06,-189.32257343774103,748.6275190644878,-0.1805679740929371,-0.25289288546903194,-0.5515413891729635,10.074445818272528,-0.05474657357058839,13.791839318750647,206.72637312735765,0.48434449350495584,0.515594065927214,6.1440597481421e-05,100.12678048648655,106.58689125512069,0.012701391880112028,0.0,0.5982266485562615,369.8080688507122,0.001071091715486652,0.0016176679173481195,21.20470409443466,3.8596869765496984,4.88334418895248,0.18202031772575894,0.2302953234907037,0.0026701591195203486,32.0
random_hidden,6,13,1024,768,0.24853560779642742,0.17186064301335452,-0.030889927191074307,194.64636437718895,-0.00011832857689949991,-0.00015869768382221255,0.6954073177551847,0.4128967172106977,0.5871022259817537,1.0568075487384296e-06,0.2871313986254123,0.40827518421806963,7.34911702851623e-07,0.16936614002649542,779.0953213778782,0.000152921591325361,0.0002173882134562956,0.3910571692439214,11.169159028870931,0.03501223039559968,15.36328578838527,198.65820998943926,0.4936177271056035,0.5054860042798913,0.0008962686150629038,98.0612140858547,100.41894478495725,0.17805111873811025,0.0,3.5846880625951614,366.54960639545413,0.006746637767102052,0.009779544160055106,18.226135646290558,0.6593562989775232,5.645313399507694,0.036176417852553266,0.30973726461081436,0.002571588346476684,32.0
random_hidden,7,13,1024,768,0.24853560779642742,0.17186064301335452,-2.7492117614669436,196.15801904234286,-0.010333394472976435,-0.014015291217197173,0.7282727924845163,0.44861270697703554,0.551386692580698,6.004422664472352e-07,0.3267124288542037,0.4015599263445464,4.3728576611125996e-07,9.054259464828615,801.8590435295209,0.008167806627734989,0.011291584896236537,-0.48511833784197866,9.890520195645061,-0.049048819298259286,13.407946216528263,190.42609208315065,0.4620489197976248,0.5378038611084105,0.00014721909397944134,87.98617014830279,102.41188757810414,0.028034356746527104,0.0,0.013318982456752337,373.80320235451484,2.4264708919975993e-05,3.563100148115002e-05,13.879708870338183,1.3044298645731736,1.842833389933197,0.0939810681015668,0.13277176107572752,0.0006736695828885823,32.0
random_hidden,8,13,1024,768,0.24853560779642742,0.17186064301335452,-2.4949947160283217,203.07652659717834,-0.009279712198740861,-0.012285982815617984,0.7114911701941258,0.38634531475110484,0.6136535726054527,1.112643442548753e-06,0.27488128009128143,0.43660909846685947,7.916359849478328e-07,27.057032255537727,780.4057183167479,0.023480920953398696,0.034670468988741994,0.6316358316266645,12.341703196516283,0.051178984097183404,16.48924764126734,208.38712317262014,0.46466417703475077,0.5352281279053853,0.00010769505076354307,96.83003109364478,111.53464981527041,0.02244226180854403,0.0,-2.66792997894888,389.73566148026293,-0.004611591034233899,-0.00684548590913072,17.794173333411933,0.8882873351928973,2.129341360379064,0.049920123770232666,0.11966509039118002,0.0026491816676654308,32.0
random_hidden,9,13,1024,768,0.24853560779642742,0.17186064301335452,-9.788549575564739,198.13506298872866,-0.03735207595186739,-0.049403419202595056,0.6124766623238035,0.47625896064552875,0.5237388246820112,2.2146724600633185e-06,0.2916974986179771,0.3207778072706299,1.3564351964800282e-06,-129.11089252401754,726.9559085858439,-0.13040259950704125,-0.1776048464551014,-0.3917320953526866,9.326845842478777,-0.042000489980069916,12.643878179778941,191.63193047326433,0.49683906106767356,0.5027667255614805,0.0003942133708751471,95.21022840692235,96.3461581970684,0.07554386927917735,0.0,-0.12157303161964039,358.84929085681784,-0.00023788272443943677,-0.0003387857652703248,18.011236205981948,0.9369677127709045,3.250930190551526,0.05202128838106714,0.18049456202633204,0.0027696416462033506,32.0
random_hidden,10,13,1024,768,0.24853560779642742,0.17186064301335452,-3.3833703436253373,198.39782198980575,-0.01294054289823078,-0.01705346515245104,0.7132936952583231,0.5169184355102513,0.48308091881956094,6.45670187864179e-07,0.3687146610122583,0.34457857369359063,4.605524742197759e-07,7.113193353002538,669.3313627602797,0.007316406535052086,0.01062731219357208,0.2728773398187864,10.001822618124086,0.02728276137634268,13.601737862741436,216.20924570271262,0.49355167159020247,0.505925327533528,0.0005230008750335616,106.71043462983062,109.38573344792192,0.11307762469286502,0.0,0.1977597422511863,388.49600885927185,0.00034223005715487145,0.0005090393150546432,13.5548577106174,0.17446301695743166,4.330331566839175,0.012870885160290273,0.31946713564150986,0.00018405151658693332,32.0
random_hidden,11,13,1024,768,0.24853560779642742,0.17186064301335452,-11.830065022246021,202.37134375691238,-0.04438105001127965,-0.05845721435963901,0.7943857528113161,0.4814579153181759,0.5185419095214092,1.751604149001874e-07,0.382463308506996,0.411922305159382,1.3914493805322782e-07,-153.05571504364616,807.5603789562518,-0.1408201268984948,-0.1895285096099764,-0.7521353035248541,11.036998449510335,-0.0681467254856979,15.439136530440592,197.02935829785417,0.4799233871540781,0.5141078897453639,0.005968723099925176,94.55899700310064,101.29434761239303,1.1760136822358365,0.0,0.3282758558326613,375.3419617876227,0.0005977959038906557,0.0008746047318269398,17.850102718373137,1.2542600516780555,4.18920155776043,0.07026626521241493,0.23468781238152084,0.0015642646861817415,32.0
random_hidden,12,13,1024,768,0.24853560779642742,0.17186064301335452,-13.408754249115155,194.7453396092637,-0.05159669822114001,-0.06885276061557329,0.6869936536009229,0.4665140751381588,0.5334857134358174,2.1142602389026967e-07,0.3204922089354192,0.36650129941716714,1.4524833661869238e-07,-132.11023748782281,700.0540515298222,-0.1290922279544559,-0.18871433884158434,-0.26603637935388813,10.711184132296731,-0.02483725198521479,14.673561867723784,216.7335341175603,0.4992614382120465,0.49794329628054024,0.00279526550746036,108.20669595231281,107.92101039302891,0.6058277722287995,0.0,1.1881050733079928,372.20955121107943,0.0022064447880588323,0.0031920327391980878,14.95147869305197,1.9201873820852668,5.0970353908538915,0.1284279248565286,0.3409051034679607,0.0023341172033450445,32.0
