prompt_id,token_index,fp16_replay,fp32_fixed_field,fp32_rebuilt_field
literal_01,1,1,1,1
literal_01,2,1,1,1
literal_01,3,1,1,1
literal_01,4,1,1,1
literal_01,5,1,1,1
literal_01,6,1,1,1
literal_01,7,1,1,1
literal_01,8,1,1,1
literal_01,9,1,1,1
literal_01,10,1,1,1
literal_01,11,1,1,1
literal_01,12,1,1,1
literal_01,13,1,1,1
literal_01,14,1,1,1
literal_01,15,1,1,1
literal_01,16,1,1,1
literal_01,17,1,1,1
literal_01,18,1,1,1
literal_01,19,1,1,1
literal_01,20,1,1,1
literal_01,21,1,1,1
literal_01,22,1,1,1
literal_01,23,1,1,1
literal_01,24,1,1,1
literal_01,25,1,1,1
literal_01,26,1,1,1
literal_01,27,0,0,0
literal_01,28,0,0,0
literal_01,29,1,1,1
literal_01,30,1,1,1
literal_01,31,0,0,0
literal_01,32,0,0,0
literal_02,1,1,1,1
literal_02,2,1,1,1
literal_02,3,1,1,1
literal_02,4,1,1,1
literal_02,5,1,1,1
literal_02,6,1,1,1
literal_02,7,1,1,1
literal_02,8,1,1,1
literal_02,9,1,1,1
literal_02,10,1,1,1
literal_02,11,1,1,1
literal_02,12,1,1,1
literal_02,13,1,1,1
literal_02,14,1,1,1
literal_02,15,1,1,1
literal_02,16,1,1,1
literal_02,17,1,1,1
literal_02,18,1,1,1
literal_02,19,1,1,1
literal_02,20,1,1,1
literal_02,21,1,1,1
literal_02,22,0,0,0
literal_02,23,0,0,0
literal_02,24,0,0,0
literal_02,25,0,0,0
literal_02,26,1,1,1
literal_02,27,1,1,1
literal_03,1,1,1,1
literal_03,2,1,1,1
literal_03,3,1,1,1
literal_03,4,1,1,1
literal_03,5,1,1,1
literal_03,6,1,1,1
literal_03,7,1,1,1
literal_03,8,1,1,1
literal_03,9,1,1,1
literal_03,10,1,1,1
literal_03,11,1,1,1
literal_03,12,1,1,1
literal_03,13,1,1,1
literal_03,14,1,1,1
literal_03,15,1,1,1
literal_03,16,1,1,1
literal_03,17,1,1,1
literal_03,18,1,1,1
literal_03,19,1,1,1
literal_03,20,1,1,1
literal_03,21,1,1,1
literal_03,22,1,1,1
literal_03,23,1,1,1
literal_03,24,1,1,1
literal_03,25,1,1,1
literal_03,26,0,0,0
literal_04,1,1,1,1
literal_04,2,1,1,1
literal_04,3,1,1,1
literal_04,4,1,1,1
literal_04,5,1,1,1
literal_04,6,1,1,1
literal_04,7,1,1,1
literal_04,8,1,1,1
literal_04,9,1,1,1
literal_04,10,1,1,1
literal_04,11,1,1,1
literal_04,12,1,1,1
literal_04,13,1,1,1
literal_04,14,1,1,1
literal_04,15,1,1,1
literal_04,16,1,1,1
literal_04,17,1,1,1
literal_04,18,1,1,1
literal_04,19,1,1,1
literal_04,20,1,1,1
literal_04,21,1,1,1
literal_04,22,1,1,1
literal_04,23,1,1,1
literal_04,24,1,1,1
literal_05,1,1,1,1
literal_05,2,1,1,1
literal_05,3,1,1,1
literal_05,4,1,1,1
literal_05,5,1,1,1
literal_05,6,1,1,1
literal_05,7,1,1,1
literal_05,8,1,1,1
literal_05,9,1,1,1
literal_05,10,1,1,1
literal_05,11,1,1,1
literal_05,12,1,1,1
literal_05,13,1,1,1
literal_05,14,1,1,1
literal_05,15,1,1,1
literal_05,16,1,1,1
literal_05,17,1,1,1
literal_05,18,1,1,1
literal_05,19,1,1,1
literal_05,20,1,1,1
literal_05,21,1,1,1
literal_05,22,1,1,1
literal_05,23,1,1,1
literal_05,24,0,0,0
literal_05,25,1,1,1
metaphor_01,1,1,1,1
metaphor_01,2,1,1,1
metaphor_01,3,1,1,1
metaphor_01,4,0,0,0
metaphor_01,5,1,1,1
metaphor_01,6,1,1,1
metaphor_01,7,1,1,1
metaphor_01,8,1,1,1
metaphor_01,9,1,1,1
metaphor_01,10,1,1,1
metaphor_01,11,1,1,1
metaphor_01,12,1,1,1
metaphor_01,13,1,1,1
metaphor_01,14,1,1,1
metaphor_01,15,1,1,1
metaphor_01,16,1,1,1
metaphor_01,17,1,1,1
metaphor_01,18,1,1,1
metaphor_01,19,1,1,1
metaphor_01,20,1,1,1
metaphor_01,21,1,1,1
metaphor_01,22,0,0,0
metaphor_01,23,1,1,1
metaphor_01,24,1,1,1
metaphor_01,25,1,1,1
metaphor_01,26,1,1,1
metaphor_01,27,1,1,1
metaphor_01,28,1,1,1
metaphor_01,29,1,1,1
metaphor_01,30,1,1,1
metaphor_01,31,1,1,1
metaphor_01,32,1,1,1
metaphor_01,33,0,0,0
metaphor_02,1,1,1,1
metaphor_02,2,1,1,1
metaphor_02,3,1,1,1
metaphor_02,4,1,1,1
metaphor_02,5,1,1,1
metaphor_02,6,1,1,1
metaphor_02,7,1,1,1
metaphor_02,8,1,1,1
metaphor_02,9,1,1,1
metaphor_02,10,1,1,1
metaphor_02,11,1,1,1
metaphor_02,12,1,1,1
metaphor_02,13,1,1,1
metaphor_02,14,1,1,1
metaphor_02,15,0,0,0
metaphor_02,16,1,1,1
metaphor_02,17,1,1,1
metaphor_02,18,1,1,1
metaphor_02,19,1,1,1
metaphor_02,20,1,1,1
metaphor_02,21,1,1,1
metaphor_02,22,1,1,1
metaphor_02,23,1,1,1
metaphor_02,24,1,1,1
metaphor_02,25,0,0,0
metaphor_02,26,1,1,1
metaphor_02,27,1,1,1
metaphor_02,28,1,1,1
metaphor_03,1,1,1,1
metaphor_03,2,1,1,1
metaphor_03,3,1,1,1
metaphor_03,4,1,1,1
metaphor_03,5,1,1,1
metaphor_03,6,1,1,1
metaphor_03,7,1,1,1
metaphor_03,8,1,1,1
metaphor_03,9,1,1,1
metaphor_03,10,1,1,1
metaphor_03,11,1,1,1
metaphor_03,12,1,1,1
metaphor_03,13,1,1,1
metaphor_03,14,1,1,1
metaphor_03,15,0,0,0
metaphor_03,16,1,1,1
metaphor_03,17,1,1,1
metaphor_03,18,1,1,1
metaphor_03,19,1,1,1
metaphor_03,20,1,1,1
metaphor_03,21,1,1,1
metaphor_03,22,1,1,1
metaphor_03,23,1,1,1
metaphor_03,24,1,1,1
metaphor_03,25,1,1,1
metaphor_03,26,0,0,0
metaphor_03,27,1,1,1
metaphor_03,28,1,1,1
metaphor_03,29,1,1,1
metaphor_04,1,1,1,1
metaphor_04,2,1,1,1
metaphor_04,3,1,1,1
metaphor_04,4,1,1,1
metaphor_04,5,1,1,1
metaphor_04,6,1,1,1
metaphor_04,7,1,1,1
metaphor_04,8,1,1,1
metaphor_04,9,1,1,1
metaphor_04,10,1,1,1
metaphor_04,11,1,1,1
metaphor_04,12,1,1,1
metaphor_04,13,1,1,1
metaphor_04,14,1,1,1
metaphor_04,15,1,1,1
metaphor_04,16,1,1,1
metaphor_04,17,1,1,1
metaphor_04,18,1,1,1
metaphor_04,19,1,1,1
metaphor_04,20,1,1,1
metaphor_04,21,1,1,1
metaphor_04,22,1,1,1
metaphor_04,23,1,1,1
metaphor_04,24,1,1,1
metaphor_04,25,1,1,1
metaphor_04,26,1,1,1
metaphor_04,27,0,0,0
metaphor_05,1,1,1,1
metaphor_05,2,1,1,1
metaphor_05,3,1,1,1
metaphor_05,4,1,1,1
metaphor_05,5,1,1,1
metaphor_05,6,1,1,1
metaphor_05,7,1,1,1
metaphor_05,8,1,1,1
metaphor_05,9,1,1,1
metaphor_05,10,1,1,1
metaphor_05,11,1,1,1
metaphor_05,12,1,1,1
metaphor_05,13,1,1,1
metaphor_05,14,1,1,1
metaphor_05,15,1,1,1
metaphor_05,16,1,1,1
metaphor_05,17,1,1,1
metaphor_05,18,1,1,1
metaphor_05,19,1,1,1
metaphor_05,20,1,1,1
metaphor_05,21,1,1,1
metaphor_05,22,1,1,1
metaphor_05,23,1,1,1
metaphor_05,24,0,0,0
metaphor_05,25,1,1,1
metaphor_05,26,1,1,1
identity_01,1,1,1,1
identity_01,2,1,1,1
identity_01,3,1,1,1
identity_01,4,1,1,1
identity_01,5,1,1,1
identity_01,6,1,1,1
identity_01,7,1,1,1
identity_01,8,1,1,1
identity_01,9,1,1,1
identity_01,10,1,1,1
identity_01,11,1,1,1
identity_01,12,1,1,1
identity_01,13,1,1,1
identity_01,14,1,1,1
identity_01,15,1,1,1
identity_01,16,1,1,1
identity_01,17,1,1,1
identity_01,18,1,1,1
identity_01,19,1,1,1
identity_01,20,1,1,1
identity_01,21,1,1,1
identity_01,22,1,1,1
identity_01,23,1,1,1
identity_01,24,1,1,1
identity_01,25,1,1,1
identity_01,26,1,1,1
identity_01,27,1,1,1
identity_01,28,1,1,1
identity_01,29,1,1,1
identity_01,30,1,1,1
identity_01,31,1,1,1
identity_01,32,1,1,1
identity_01,33,1,1,1
identity_02,1,1,1,1
identity_02,2,1,1,1
identity_02,3,1,1,1
identity_02,4,1,1,1
identity_02,5,1,1,1
identity_02,6,1,1,1
identity_02,7,1,1,1
identity_02,8,1,1,1
identity_02,9,1,1,1
identity_02,10,1,1,1
identity_02,11,1,1,1
identity_02,12,1,1,1
identity_02,13,1,1,1
identity_02,14,0,0,0
identity_02,15,1,1,1
identity_02,16,1,1,1
identity_02,17,1,1,1
identity_02,18,0,0,0
identity_02,19,1,1,1
identity_02,20,1,1,1
identity_02,21,1,1,1
identity_02,22,1,1,1
identity_02,23,1,1,1
identity_02,24,1,1,1
identity_02,25,1,1,1
identity_02,26,1,1,1
identity_02,27,0,0,0
identity_02,28,0,0,0
identity_02,29,1,1,1
identity_02,30,1,1,1
identity_03,1,1,1,1
identity_03,2,1,1,1
identity_03,3,1,1,1
identity_03,4,1,1,1
identity_03,5,1,1,1
identity_03,6,1,1,1
identity_03,7,1,1,1
identity_03,8,1,1,1
identity_03,9,1,1,1
identity_03,10,1,1,1
identity_03,11,1,1,1
identity_03,12,1,1,1
identity_03,13,1,1,1
identity_03,14,1,1,1
identity_03,15,1,1,1
identity_03,16,1,1,1
identity_03,17,1,1,1
identity_03,18,1,1,1
identity_03,19,1,1,1
identity_03,20,0,0,0
identity_03,21,1,1,1
identity_03,22,1,1,1
identity_03,23,0,0,0
identity_03,24,1,1,1
identity_03,25,1,1,1
identity_03,26,1,1,1
identity_03,27,1,1,1
identity_03,28,1,1,1
identity_03,29,1,1,1
identity_03,30,0,0,0
identity_04,1,1,1,1
identity_04,2,1,1,1
identity_04,3,1,1,1
identity_04,4,1,1,1
identity_04,5,1,1,1
identity_04,6,1,1,1
identity_04,7,1,1,1
identity_04,8,1,1,1
identity_04,9,1,1,1
identity_04,10,1,1,1
identity_04,11,1,1,1
identity_04,12,0,0,0
identity_04,13,1,1,1
identity_04,14,1,1,1
identity_04,15,1,1,1
identity_04,16,1,1,1
identity_04,17,1,1,1
identity_04,18,1,1,1
identity_04,19,1,1,1
identity_04,20,1,1,1
identity_04,21,1,1,1
identity_04,22,1,1,1
identity_04,23,1,1,1
identity_04,24,1,1,1
identity_04,25,0,0,0
identity_04,26,1,1,1
identity_04,27,0,0,0
identity_05,1,1,1,1
identity_05,2,1,1,1
identity_05,3,1,1,1
identity_05,4,1,1,1
identity_05,5,1,1,1
identity_05,6,1,1,1
identity_05,7,1,1,1
identity_05,8,1,1,1
identity_05,9,1,1,1
identity_05,10,1,1,1
identity_05,11,1,1,1
identity_05,12,1,1,1
identity_05,13,1,1,1
identity_05,14,1,1,1
identity_05,15,1,1,1
identity_05,16,1,1,1
identity_05,17,1,1,1
identity_05,18,0,0,0
identity_05,19,1,1,1
identity_05,20,1,1,1
identity_05,21,1,1,1
identity_05,22,1,1,1
identity_05,23,1,1,1
identity_05,24,1,1,1
identity_05,25,1,1,1
identity_05,26,1,1,1
identity_05,27,1,1,1
ontology_01,1,1,1,1
ontology_01,2,1,1,1
ontology_01,3,1,1,1
ontology_01,4,1,1,1
ontology_01,5,1,1,1
ontology_01,6,1,1,1
ontology_01,7,1,1,1
ontology_01,8,1,1,1
ontology_01,9,1,1,1
ontology_01,10,1,1,1
ontology_01,11,0,0,0
ontology_01,12,1,1,1
ontology_01,13,1,1,1
ontology_01,14,1,1,1
ontology_01,15,1,1,1
ontology_01,16,1,1,1
ontology_01,17,1,1,1
ontology_01,18,1,1,1
ontology_01,19,1,1,1
ontology_01,20,1,1,1
ontology_01,21,1,1,1
ontology_01,22,0,0,0
ontology_01,23,1,1,1
ontology_01,24,1,1,1
ontology_01,25,1,1,1
ontology_01,26,1,1,1
ontology_01,27,1,1,1
ontology_01,28,1,1,1
ontology_01,29,1,1,1
ontology_01,30,0,0,0
ontology_02,1,1,1,1
ontology_02,2,1,1,1
ontology_02,3,1,1,1
ontology_02,4,1,1,1
ontology_02,5,1,1,1
ontology_02,6,1,1,1
ontology_02,7,1,1,1
ontology_02,8,1,1,1
ontology_02,9,1,1,1
ontology_02,10,1,1,1
ontology_02,11,1,1,1
ontology_02,12,1,1,1
ontology_02,13,1,1,1
ontology_02,14,1,1,1
ontology_02,15,1,1,1
ontology_02,16,1,1,1
ontology_02,17,1,1,1
ontology_02,18,1,1,1
ontology_02,19,1,1,1
ontology_02,20,1,1,1
ontology_02,21,1,1,1
ontology_02,22,1,1,1
ontology_02,23,1,1,1
ontology_02,24,1,1,1
ontology_02,25,1,1,1
ontology_02,26,1,1,1
ontology_02,27,1,1,1
ontology_03,1,1,1,1
ontology_03,2,1,1,1
ontology_03,3,1,1,1
ontology_03,4,1,1,1
ontology_03,5,1,1,1
ontology_03,6,1,1,1
ontology_03,7,1,1,1
ontology_03,8,1,1,1
ontology_03,9,1,1,1
ontology_03,10,1,1,1
ontology_03,11,1,1,1
ontology_03,12,1,1,1
ontology_03,13,1,1,1
ontology_03,14,1,1,1
ontology_03,15,1,1,1
ontology_03,16,1,1,1
ontology_03,17,1,1,1
ontology_03,18,1,1,1
ontology_03,19,1,1,1
ontology_03,20,1,1,1
ontology_03,21,1,1,1
ontology_03,22,1,1,1
ontology_03,23,1,1,1
ontology_03,24,0,0,0
ontology_03,25,1,1,1
ontology_03,26,1,1,1
ontology_03,27,1,1,1
ontology_03,28,1,1,1
ontology_04,1,1,1,1
ontology_04,2,1,1,1
ontology_04,3,1,1,1
ontology_04,4,1,1,1
ontology_04,5,1,1,1
ontology_04,6,1,1,1
ontology_04,7,1,1,1
ontology_04,8,1,1,1
ontology_04,9,1,1,1
ontology_04,10,1,1,1
ontology_04,11,1,1,1
ontology_04,12,1,1,1
ontology_04,13,1,1,1
ontology_04,14,1,1,1
ontology_04,15,1,1,1
ontology_04,16,1,1,1
ontology_04,17,1,1,1
ontology_04,18,1,1,1
ontology_04,19,1,1,1
ontology_04,20,1,1,1
ontology_04,21,1,1,1
ontology_04,22,1,1,1
ontology_04,23,1,1,1
ontology_04,24,1,1,1
ontology_04,25,1,1,1
ontology_04,26,1,1,1
ontology_04,27,1,1,1
ontology_04,28,1,1,1
ontology_05,1,1,1,1
ontology_05,2,1,1,1
ontology_05,3,1,1,1
ontology_05,4,1,1,1
ontology_05,5,1,1,1
ontology_05,6,1,1,1
ontology_05,7,1,1,1
ontology_05,8,1,1,1
ontology_05,9,1,1,1
ontology_05,10,1,1,1
ontology_05,11,1,1,1
ontology_05,12,1,1,1
ontology_05,13,1,1,1
ontology_05,14,0,0,0
ontology_05,15,1,1,1
ontology_05,16,1,1,1
ontology_05,17,1,1,1
ontology_05,18,1,1,1
ontology_05,19,1,1,1
ontology_05,20,1,1,1
ontology_05,21,1,1,1
ontology_05,22,1,1,1
ontology_05,23,1,1,1
ontology_05,24,1,1,1
ontology_05,25,1,1,1
ontology_05,26,1,1,1
ontology_05,27,0,0,0
