family,prompt_id,fp16_replay,fp32_fixed_field,fp32_rebuilt_field,fp32_fixed_field_minus_fp16,fp32_rebuilt_field_minus_fp16,precision_subset
literal_stable,literal_01,0.5923170489275354,0.5943732485269944,0.5957997779357125,0.0020561995994589077,0.0034827290081770323,pilot4
literal_stable,literal_02,0.6253140825174096,0.6254496754031141,0.6265800257168863,0.00013559288570452743,0.0012659431994767045,remaining16
literal_stable,literal_03,0.43036934318299147,0.42963883420809856,0.3900257761350846,-0.0007305089748929072,-0.04034356704790687,remaining16
literal_stable,literal_04,0.9517529360392953,0.9504935722923711,0.9506106929248477,-0.001259363746924258,-0.0011422431144476608,remaining16
literal_stable,literal_05,0.2978449025950781,0.30124635929155874,0.2997325833428881,0.0034014566964806203,0.0018876807478099833,remaining16
metaphor_shift,metaphor_01,0.21594642451564047,0.21437336725251624,0.21595225400834617,-0.0015730572631242334,5.82949270569455e-06,pilot4
metaphor_shift,metaphor_02,0.9263595697089615,0.9279213142460468,0.9287309273918166,0.0015617445370853522,0.002371357682855124,remaining16
metaphor_shift,metaphor_03,0.8149884489640394,0.8087238448131769,0.8080892474529997,-0.006264604150862496,-0.006899201511039732,remaining16
metaphor_shift,metaphor_04,0.7449057845554846,0.7428362627674134,0.7414598178264301,-0.0020695217880711825,-0.003445966729054506,remaining16
metaphor_shift,metaphor_05,0.5773703274004481,0.574574642265331,0.5732761470437846,-0.0027956851351171874,-0.004094180356663535,remaining16
identity_stress,identity_01,0.016568144690121064,0.019368506652444842,0.020076432496590677,0.0028003619623237774,0.003508287806469612,pilot4
identity_stress,identity_02,0.33014909252550895,0.32921144389643753,0.3284991395924799,-0.0009376486290714192,-0.001649952933029053,remaining16
identity_stress,identity_03,0.5156795712589749,0.5149072950698391,0.5150336238590929,-0.0007722761891357788,-0.0006459473998819965,remaining16
identity_stress,identity_04,0.587367458260736,0.5847648756347461,0.6135777369374457,-0.002602582625989891,0.026210278676709664,remaining16
identity_stress,identity_05,0.6461492680374555,0.6507367676233069,0.6503854488151672,0.004587499585851362,0.004236180777711707,remaining16
ontology_collapse,ontology_01,0.5544477679073472,0.5536421913714236,0.5403858089057867,-0.0008055765359236133,-0.014061959001560487,pilot4
ontology_collapse,ontology_02,0.8953494277523337,0.8970909660492852,0.8959477457126055,0.0017415382969514503,0.0005983179602717659,remaining16
ontology_collapse,ontology_03,0.7043147649200959,0.7056716038753174,0.6806496743448398,0.0013568389552214288,-0.02366509057525612,remaining16
ontology_collapse,ontology_04,0.38502816513367777,0.3863584193791889,0.3732849996034423,0.0013302542455111421,-0.011743165530235466,remaining16
ontology_collapse,ontology_05,0.5056119125683018,0.5092667604230472,0.5094688402119278,0.0036548478547453467,0.003856927643625996,remaining16
