prompt_id,l7_previous,l8_current,l8_minus_l7
literal_01,0.5957997779357125,0.1795598753464369,-0.41623990258927557
literal_02,0.6265800257168863,0.7488146812418675,0.12223465552498114
literal_03,0.3900257761350846,0.4873367847970148,0.09731100866193021
literal_04,0.9506106929248478,0.8992898537906877,-0.05132083913416008
literal_05,0.2997325833428881,0.2870292634395565,-0.012703319903331622
metaphor_01,0.21595225400834617,0.4735798770056625,0.25762762299731634
metaphor_02,0.9287309273918166,0.8975567145057751,-0.031174212886041497
metaphor_03,0.8080892474529997,0.9064814492910515,0.09839220183805175
metaphor_04,0.74145981782643,0.9754586520471313,0.23399883422070133
metaphor_05,0.5732761470437846,0.7766507944674873,0.2033746474237027
identity_01,0.020076432496590677,0.2727644791142031,0.2526880466176124
identity_02,0.32849913959247984,0.24574566224583366,-0.08275347734664618
identity_03,0.515033623859093,0.5798797775794592,0.06484615372036617
identity_04,0.6135777369374458,0.5889865540494674,-0.024591182887978347
identity_05,0.6503854488151671,0.5903606278017823,-0.0600248210133848
ontology_01,0.5403858089057868,0.4750708064829952,-0.06531500242279159
ontology_02,0.8959477457126055,1.1599816936331808,0.26403394792057533
ontology_03,0.6806496743448398,0.4106125713725284,-0.2700371029723114
ontology_04,0.3732849996034423,0.3556469656111655,-0.017638033992276814
ontology_05,0.5094688402119278,0.25831839983799887,-0.251150440373929
