comparator,draw,scope,paired_nodes,paired_prompts,actual_cosine,control_cosine,paired_gap,actual_resultant_fraction,control_resultant_fraction
v2_random,0,all,1117,40,0.12207935188171129,0.004895562562508712,0.11718378931920258,0.4551359385021276,0.40582072381272205
v2_random,0,supported,1098,40,0.12115151065675259,0.004917381295516004,0.11623412936123659,0.4554053842144805,0.40586744189012763
v2_random,1,all,1117,40,0.12207935188171129,0.0031871976595837805,0.11889215422212751,0.4551359385021276,0.4040144066908131
v2_random,1,supported,1098,40,0.12115151065675259,0.0032532173903656947,0.11789829326638689,0.4554053842144805,0.40407344559340624
v2_random,2,all,1117,40,0.12207935188171129,-0.004420733029326397,0.12650008491103767,0.4551359385021276,0.40649483743792825
v2_random,2,supported,1098,40,0.12115151065675259,-0.005297136460297477,0.12644864711705006,0.4554053842144805,0.4062917478267126
v2_random,3,all,1117,40,0.12207935188171129,-0.00047189677614236996,0.12255124865785366,0.4551359385021276,0.4037661007520062
v2_random,3,supported,1098,40,0.12115151065675259,-0.0005756308348125177,0.1217271414915651,0.4554053842144805,0.4036845501033718
v2_random,4,all,1117,40,0.12207935188171129,0.0004825302806722595,0.12159682160103903,0.4551359385021276,0.4043692901941136
v2_random,4,supported,1098,40,0.12115151065675259,0.0006419197298351172,0.12050959092691747,0.4554053842144805,0.4041959189061233
v2_random,5,all,1117,40,0.12207935188171129,0.010011021248974395,0.1120683306327369,0.4551359385021276,0.4033025310242067
v2_random,5,supported,1098,40,0.12115151065675259,0.010431196413064137,0.11072031424368844,0.4554053842144805,0.4032372511623703
v2_random,6,all,1117,40,0.12207935188171129,0.008669866943636551,0.11340948493807473,0.4551359385021276,0.40494305808876635
v2_random,6,supported,1098,40,0.12115151065675259,0.010218104941007838,0.11093340571574475,0.4554053842144805,0.4047832472769999
v2_random,7,all,1117,40,0.12207935188171129,-0.0068771699696550375,0.12895652185136633,0.4551359385021276,0.4024450105045321
v2_random,7,supported,1098,40,0.12115151065675259,-0.006383440918265525,0.12753495157501812,0.4554053842144805,0.4026383224490388
within_prompt_shuffle,0,all,1117,40,0.12207935188171129,0.007344852686857401,0.11473449919485389,0.4551359385021276,0.40681527582485444
within_prompt_shuffle,0,supported,1098,40,0.12115151065675259,0.006496335428270284,0.1146551752284823,0.4554053842144805,0.40617288368379756
within_prompt_shuffle,1,all,1117,40,0.12207935188171129,-0.0009686978004937545,0.12304804968220505,0.4551359385021276,0.4061530808613458
within_prompt_shuffle,1,supported,1098,40,0.12115151065675259,-2.0774347765642463e-05,0.12117228500451822,0.4554053842144805,0.4061098637647517
within_prompt_shuffle,2,all,1117,40,0.12207935188171129,-0.0032193361390022005,0.12529868802071348,0.4551359385021276,0.40537143802255804
within_prompt_shuffle,2,supported,1098,40,0.12115151065675259,-0.003025793511449258,0.12417730416820184,0.4554053842144805,0.40486831725061273
within_prompt_shuffle,3,all,1117,40,0.12207935188171129,-0.0050333816475422195,0.1271127335292535,0.4551359385021276,0.4059381323453726
within_prompt_shuffle,3,supported,1098,40,0.12115151065675259,-0.005467946370332671,0.12661945702708527,0.4554053842144805,0.4057251900423786
within_prompt_shuffle,4,all,1117,40,0.12207935188171129,0.004627075277101946,0.11745227660460934,0.4551359385021276,0.408963730225525
within_prompt_shuffle,4,supported,1098,40,0.12115151065675259,0.0051062366704897775,0.11604527398626281,0.4554053842144805,0.4084656497226363
within_prompt_shuffle,5,all,1117,40,0.12207935188171129,0.01331659661045279,0.1087627552712585,0.4551359385021276,0.4093338778049292
within_prompt_shuffle,5,supported,1098,40,0.12115151065675259,0.012858322680468357,0.10829318797628423,0.4554053842144805,0.40924930762579625
within_prompt_shuffle,6,all,1117,40,0.12207935188171129,0.0019819662984223363,0.12009738558328896,0.4551359385021276,0.4077322662536835
within_prompt_shuffle,6,supported,1098,40,0.12115151065675259,0.0024588676186086205,0.11869264303814396,0.4554053842144805,0.40758767033069976
within_prompt_shuffle,7,all,1117,40,0.12207935188171129,0.005681514376324983,0.1163978375053863,0.4551359385021276,0.40639041588187563
within_prompt_shuffle,7,supported,1098,40,0.12115151065675259,0.005087061938153901,0.11606444871859868,0.4554053842144805,0.40636997458896323
within_prompt_shuffle,8,all,1117,40,0.12207935188171129,0.0007487613709528274,0.12133059051075847,0.4551359385021276,0.40951971942827614
within_prompt_shuffle,8,supported,1098,40,0.12115151065675259,0.0007317928160272067,0.12041971784072537,0.4554053842144805,0.40956492469355366
within_prompt_shuffle,9,all,1117,40,0.12207935188171129,-0.005834111287394103,0.1279134631691054,0.4551359385021276,0.40958610191582795
within_prompt_shuffle,9,supported,1098,40,0.12115151065675259,-0.005161704671316823,0.1263132153280694,0.4554053842144805,0.4095496140884519
within_prompt_shuffle,10,all,1117,40,0.12207935188171129,0.0017989331737497747,0.12028041870796151,0.4551359385021276,0.40997017231793986
within_prompt_shuffle,10,supported,1098,40,0.12115151065675259,0.0019442738722479987,0.1192072367845046,0.4554053842144805,0.409742466094945
within_prompt_shuffle,11,all,1117,40,0.12207935188171129,0.007656737049386247,0.11442261483232505,0.4551359385021276,0.4047772489418846
within_prompt_shuffle,11,supported,1098,40,0.12115151065675259,0.007672207620886271,0.11347930303586631,0.4554053842144805,0.4047402931958025
within_prompt_shuffle,12,all,1117,40,0.12207935188171129,-0.00999646144160086,0.13207581332331214,0.4551359385021276,0.4079103364421461
within_prompt_shuffle,12,supported,1098,40,0.12115151065675259,-0.009849673921709202,0.1310011845784618,0.4554053842144805,0.40770982555757557
within_prompt_shuffle,13,all,1117,40,0.12207935188171129,0.007768266090733994,0.11431108579097729,0.4551359385021276,0.4049082908587778
within_prompt_shuffle,13,supported,1098,40,0.12115151065675259,0.008010216174850437,0.11314129448190215,0.4554053842144805,0.4044583272245753
within_prompt_shuffle,14,all,1117,40,0.12207935188171129,-0.0019062706576902504,0.12398562253940154,0.4551359385021276,0.4074014778650331
within_prompt_shuffle,14,supported,1098,40,0.12115151065675259,-0.0021174885795854476,0.12326899923633804,0.4554053842144805,0.4074008336002729
within_prompt_shuffle,15,all,1117,40,0.12207935188171129,0.005079495272101974,0.11699985660960932,0.4551359385021276,0.41120656731997035
within_prompt_shuffle,15,supported,1098,40,0.12115151065675259,0.00626671245175133,0.11488479820500126,0.4554053842144805,0.4114460211112901
within_prompt_shuffle,16,all,1117,40,0.12207935188171129,0.0002935304314147895,0.1217858214502965,0.4551359385021276,0.40853767854831846
within_prompt_shuffle,16,supported,1098,40,0.12115151065675259,-0.0003585882568107986,0.12151009891356339,0.4554053842144805,0.40778563526723327
within_prompt_shuffle,17,all,1117,40,0.12207935188171129,0.006472213754188225,0.11560713812752306,0.4551359385021276,0.41134617843719806
within_prompt_shuffle,17,supported,1098,40,0.12115151065675259,0.005921587625895184,0.1152299230308574,0.4554053842144805,0.4112651743394634
within_prompt_shuffle,18,all,1117,40,0.12207935188171129,-0.006203161266917283,0.12828251314862857,0.4551359385021276,0.40563693947789703
within_prompt_shuffle,18,supported,1098,40,0.12115151065675259,-0.005693483792716463,0.12684499444946906,0.4554053842144805,0.4053885150455493
within_prompt_shuffle,19,all,1117,40,0.12207935188171129,-0.002252772462946356,0.12433212434465765,0.4551359385021276,0.41178124527311166
within_prompt_shuffle,19,supported,1098,40,0.12115151065675259,-0.0013885972887474791,0.12254010794550006,0.4554053842144805,0.4114634717482019
within_prompt_shuffle,20,all,1117,40,0.12207935188171129,0.005206928419821571,0.11687242346188972,0.4551359385021276,0.4077220368367886
within_prompt_shuffle,20,supported,1098,40,0.12115151065675259,0.006545529506888459,0.11460598114986413,0.4554053842144805,0.4072543069692511
within_prompt_shuffle,21,all,1117,40,0.12207935188171129,0.0023268740731710582,0.11975247780854023,0.4551359385021276,0.41151718187593433
within_prompt_shuffle,21,supported,1098,40,0.12115151065675259,0.0019252668387498082,0.11922624381800277,0.4554053842144805,0.4114133604797166
within_prompt_shuffle,22,all,1117,40,0.12207935188171129,0.008776286175144633,0.11330306570656666,0.4551359385021276,0.40372088102173687
within_prompt_shuffle,22,supported,1098,40,0.12115151065675259,0.00839206901133351,0.11275944164541908,0.4554053842144805,0.40378057647205445
within_prompt_shuffle,23,all,1117,40,0.12207935188171129,-0.00054906087720802,0.12262841275891931,0.4551359385021276,0.4086809456180142
within_prompt_shuffle,23,supported,1098,40,0.12115151065675259,-0.00034157923281414974,0.12149308988956674,0.4554053842144805,0.40897412600539573
within_prompt_shuffle,24,all,1117,40,0.12207935188171129,0.0049602206564319335,0.11711913122527935,0.4551359385021276,0.40504982397302136
within_prompt_shuffle,24,supported,1098,40,0.12115151065675259,0.004564994836361672,0.11658651582039091,0.4554053842144805,0.4050128476105243
within_prompt_shuffle,25,all,1117,40,0.12207935188171129,0.00890728707907125,0.11317206480264004,0.4551359385021276,0.40047833069684324
within_prompt_shuffle,25,supported,1098,40,0.12115151065675259,0.007690597969001867,0.11346091268775071,0.4554053842144805,0.4006317963575823
within_prompt_shuffle,26,all,1117,40,0.12207935188171129,0.0002199024984213347,0.12185944938328995,0.4551359385021276,0.40897121705548356
within_prompt_shuffle,26,supported,1098,40,0.12115151065675259,0.0010372439617575028,0.12011426669499509,0.4554053842144805,0.4093724739829521
within_prompt_shuffle,27,all,1117,40,0.12207935188171129,-0.004315411883819168,0.12639476376553047,0.4551359385021276,0.4040612377038723
within_prompt_shuffle,27,supported,1098,40,0.12115151065675259,-0.005033493871252856,0.12618500452800543,0.4554053842144805,0.4038602623890636
within_prompt_shuffle,28,all,1117,40,0.12207935188171129,0.0032943412201901804,0.11878501066152111,0.4551359385021276,0.4067405307086158
within_prompt_shuffle,28,supported,1098,40,0.12115151065675259,0.004189822830433482,0.1169616878263191,0.4554053842144805,0.40636362716547136
within_prompt_shuffle,29,all,1117,40,0.12207935188171129,0.00467399448890125,0.11740535739281004,0.4551359385021276,0.41151771562631156
within_prompt_shuffle,29,supported,1098,40,0.12115151065675259,0.0047825333067028335,0.11636897735004975,0.4554053842144805,0.41169807116387824
within_prompt_shuffle,30,all,1117,40,0.12207935188171129,0.0026693306319432552,0.11941002124976803,0.4551359385021276,0.4037898313711886
within_prompt_shuffle,30,supported,1098,40,0.12115151065675259,0.002446013392055044,0.11870549726469755,0.4554053842144805,0.40417490943750256
within_prompt_shuffle,31,all,1117,40,0.12207935188171129,0.000294492986476197,0.12178485889523509,0.4551359385021276,0.4053500918385623
within_prompt_shuffle,31,supported,1098,40,0.12115151065675259,-2.5922645343737054e-05,0.12117743330209632,0.4554053842144805,0.40539018766099355
within_prompt_shuffle,32,all,1117,40,0.12207935188171129,0.0203501584115794,0.10172919347013189,0.4551359385021276,0.4085312253732013
within_prompt_shuffle,32,supported,1098,40,0.12115151065675259,0.019515321069176354,0.10163618958757623,0.4554053842144805,0.4085852509753707
within_prompt_shuffle,33,all,1117,40,0.12207935188171129,-0.0002652912597008366,0.12234464314141212,0.4551359385021276,0.40376128431139885
within_prompt_shuffle,33,supported,1098,40,0.12115151065675259,-0.0007340138994019555,0.12188552455615455,0.4554053842144805,0.40384057646421495
within_prompt_shuffle,34,all,1117,40,0.12207935188171129,0.00033672011116079844,0.12174263177055049,0.4551359385021276,0.4053430506047965
within_prompt_shuffle,34,supported,1098,40,0.12115151065675259,-3.138706478841872e-05,0.121182897721541,0.4554053842144805,0.405390260798562
within_prompt_shuffle,35,all,1117,40,0.12207935188171129,0.005336238549476324,0.11674311333223497,0.4551359385021276,0.4037287920337633
within_prompt_shuffle,35,supported,1098,40,0.12115151065675259,0.005871871775385868,0.11527963888136672,0.4554053842144805,0.4035475608265656
within_prompt_shuffle,36,all,1117,40,0.12207935188171129,0.005868028774236889,0.1162113231074744,0.4551359385021276,0.40546333111674554
within_prompt_shuffle,36,supported,1098,40,0.12115151065675259,0.004854391175447037,0.11629711948130556,0.4554053842144805,0.4051899047745291
within_prompt_shuffle,37,all,1117,40,0.12207935188171129,0.014174340525173256,0.10790501135653803,0.4551359385021276,0.4103425828908283
within_prompt_shuffle,37,supported,1098,40,0.12115151065675259,0.014622621980930197,0.10652888867582239,0.4554053842144805,0.4096885370389415
within_prompt_shuffle,38,all,1117,40,0.12207935188171129,-0.0006541487661873747,0.12273350064789866,0.4551359385021276,0.40711066956986475
within_prompt_shuffle,38,supported,1098,40,0.12115151065675259,-6.619083776077862e-05,0.12121770149451337,0.4554053842144805,0.40668232549551886
within_prompt_shuffle,39,all,1117,40,0.12207935188171129,0.0031746185862738794,0.11890473329543741,0.4551359385021276,0.4089980376709218
within_prompt_shuffle,39,supported,1098,40,0.12115151065675259,0.003343160615149654,0.11780835004160294,0.4554053842144805,0.40930103408047847
within_prompt_shuffle,40,all,1117,40,0.12207935188171129,0.0014305389979218206,0.12064881288378947,0.4551359385021276,0.4114653433973121
within_prompt_shuffle,40,supported,1098,40,0.12115151065675259,-0.00013917321022045292,0.12129068386697305,0.4554053842144805,0.41137202624559277
within_prompt_shuffle,41,all,1117,40,0.12207935188171129,-0.0005770355779617008,0.12265638745967299,0.4551359385021276,0.40676405408930805
within_prompt_shuffle,41,supported,1098,40,0.12115151065675259,0.0006907316085081716,0.12046077904824441,0.4554053842144805,0.406860384797515
within_prompt_shuffle,42,all,1117,40,0.12207935188171129,0.009553229036636133,0.11252612284507515,0.4551359385021276,0.405471523064825
within_prompt_shuffle,42,supported,1098,40,0.12115151065675259,0.009562882949999107,0.11158862770675348,0.4554053842144805,0.4050718658234717
within_prompt_shuffle,43,all,1117,40,0.12207935188171129,0.0020581597382113015,0.12002119214349999,0.4551359385021276,0.4071052330301977
within_prompt_shuffle,43,supported,1098,40,0.12115151065675259,0.002280287142688436,0.11887122351406415,0.4554053842144805,0.407313517928322
within_prompt_shuffle,44,all,1117,40,0.12207935188171129,0.001612300413370941,0.12046705146834034,0.4551359385021276,0.40778492317082105
within_prompt_shuffle,44,supported,1098,40,0.12115151065675259,0.001874409656394562,0.11927710100035803,0.4554053842144805,0.4079974790231229
within_prompt_shuffle,45,all,1117,40,0.12207935188171129,0.003742335052709452,0.11833701682900184,0.4551359385021276,0.4080267617425511
within_prompt_shuffle,45,supported,1098,40,0.12115151065675259,0.002342376491643888,0.1188091341651087,0.4554053842144805,0.4074280198583601
within_prompt_shuffle,46,all,1117,40,0.12207935188171129,0.006215829437754247,0.11586352244395705,0.4551359385021276,0.4094065081824246
within_prompt_shuffle,46,supported,1098,40,0.12115151065675259,0.007084377891224997,0.11406713276552759,0.4554053842144805,0.4086589064143487
within_prompt_shuffle,47,all,1117,40,0.12207935188171129,0.003953640312797432,0.11812571156891385,0.4551359385021276,0.3999684477872124
within_prompt_shuffle,47,supported,1098,40,0.12115151065675259,0.003307592608340495,0.11784391804841209,0.4554053842144805,0.4002602946049322
within_prompt_shuffle,48,all,1117,40,0.12207935188171129,0.004482921724497251,0.11759643015721404,0.4551359385021276,0.40486526623538477
within_prompt_shuffle,48,supported,1098,40,0.12115151065675259,0.005927253592666779,0.1152242570640858,0.4554053842144805,0.4051100692935803
within_prompt_shuffle,49,all,1117,40,0.12207935188171129,0.001357843487195836,0.12072150839451545,0.4551359385021276,0.4047445561869827
within_prompt_shuffle,49,supported,1098,40,0.12115151065675259,0.0007067064163941171,0.12044480424035847,0.4554053842144805,0.40439530159440296
within_prompt_shuffle,50,all,1117,40,0.12207935188171129,0.009943038151612961,0.11213631373009833,0.4551359385021276,0.40908701299990824
within_prompt_shuffle,50,supported,1098,40,0.12115151065675259,0.009609050105222781,0.1115424605515298,0.4554053842144805,0.40919391160934043
within_prompt_shuffle,51,all,1117,40,0.12207935188171129,0.006018735053817116,0.11606061682789418,0.4551359385021276,0.4072532360011161
within_prompt_shuffle,51,supported,1098,40,0.12115151065675259,0.006332764044824325,0.11481874661192826,0.4554053842144805,0.4069446599233448
within_prompt_shuffle,52,all,1117,40,0.12207935188171129,0.0012125380282716966,0.12086681385343959,0.4551359385021276,0.40980830024584397
within_prompt_shuffle,52,supported,1098,40,0.12115151065675259,0.001635555425276724,0.11951595523147586,0.4554053842144805,0.40994382810954616
within_prompt_shuffle,53,all,1117,40,0.12207935188171129,0.00014354371836555052,0.12193580816334573,0.4551359385021276,0.40733905833950235
within_prompt_shuffle,53,supported,1098,40,0.12115151065675259,-0.0009880870737289742,0.12213959773048157,0.4554053842144805,0.4067184492903264
within_prompt_shuffle,54,all,1117,40,0.12207935188171129,0.0020923523461112837,0.1199869995356,0.4551359385021276,0.40646701231270355
within_prompt_shuffle,54,supported,1098,40,0.12115151065675259,0.0022843816886262353,0.11886712896812635,0.4554053842144805,0.40636358092086
within_prompt_shuffle,55,all,1117,40,0.12207935188171129,0.0036234953111963647,0.11845585657051493,0.4551359385021276,0.4034651066906327
within_prompt_shuffle,55,supported,1098,40,0.12115151065675259,0.003755169769506843,0.11739634088724574,0.4554053842144805,0.40359378920479994
within_prompt_shuffle,56,all,1117,40,0.12207935188171129,-0.001601460062017744,0.12368081194372904,0.4551359385021276,0.4101255757301816
within_prompt_shuffle,56,supported,1098,40,0.12115151065675259,-0.0012141154149922565,0.12236562607174484,0.4554053842144805,0.40998111012860877
within_prompt_shuffle,57,all,1117,40,0.12207935188171129,0.0012397786232856318,0.12083957325842566,0.4551359385021276,0.4076195067158929
within_prompt_shuffle,57,supported,1098,40,0.12115151065675259,0.0006254777058288023,0.12052603295092379,0.4554053842144805,0.40788405243875464
within_prompt_shuffle,58,all,1117,40,0.12207935188171129,-0.00245295920574336,0.12453231108745465,0.4551359385021276,0.4095045091798368
within_prompt_shuffle,58,supported,1098,40,0.12115151065675259,-0.0028219691341994746,0.12397347979095207,0.4554053842144805,0.408773827289199
within_prompt_shuffle,59,all,1117,40,0.12207935188171129,0.0010035854376467279,0.12107576644406456,0.4551359385021276,0.4087058677509424
within_prompt_shuffle,59,supported,1098,40,0.12115151065675259,0.0011649489655017127,0.11998656169125087,0.4554053842144805,0.4081436987163696
within_prompt_shuffle,60,all,1117,40,0.12207935188171129,0.007123325802036408,0.11495602607967488,0.4551359385021276,0.4077126679217756
within_prompt_shuffle,60,supported,1098,40,0.12115151065675259,0.006634654091758528,0.11451685656499405,0.4554053842144805,0.4077140216869375
within_prompt_shuffle,61,all,1117,40,0.12207935188171129,0.021922130561920453,0.10015722131979084,0.4551359385021276,0.40301154040043147
within_prompt_shuffle,61,supported,1098,40,0.12115151065675259,0.022034375711858768,0.09911713494489383,0.4554053842144805,0.4024148771772696
within_prompt_shuffle,62,all,1117,40,0.12207935188171129,0.007814498034584038,0.11426485384712726,0.4551359385021276,0.40934292422944674
within_prompt_shuffle,62,supported,1098,40,0.12115151065675259,0.007170855226047932,0.11398065543070465,0.4554053842144805,0.40933661009444633
within_prompt_shuffle,63,all,1117,40,0.12207935188171129,-0.007942541461654937,0.13002189334336622,0.4551359385021276,0.41157815643694107
within_prompt_shuffle,63,supported,1098,40,0.12115151065675259,-0.007249417329648342,0.12840092798640093,0.4554053842144805,0.41067692286158114
within_prompt_shuffle,64,all,1117,40,0.12207935188171129,0.001319270701231378,0.12076008118047991,0.4551359385021276,0.40546664672914423
within_prompt_shuffle,64,supported,1098,40,0.12115151065675259,0.001509081684889247,0.11964242897186333,0.4554053842144805,0.40499351684359813
within_prompt_shuffle,65,all,1117,40,0.12207935188171129,-0.002278150575355751,0.12435750245706705,0.4551359385021276,0.40565028488944666
within_prompt_shuffle,65,supported,1098,40,0.12115151065675259,-0.002253559300089459,0.12340506995684204,0.4554053842144805,0.4053244731149762
within_prompt_shuffle,66,all,1117,40,0.12207935188171129,-0.002797351399147263,0.12487670328085855,0.4551359385021276,0.4075617438723292
within_prompt_shuffle,66,supported,1098,40,0.12115151065675259,-0.003953248827343289,0.12510475948409588,0.4554053842144805,0.4071094232244752
within_prompt_shuffle,67,all,1117,40,0.12207935188171129,0.00041174022115157797,0.12166761166055971,0.4551359385021276,0.4066814714787723
within_prompt_shuffle,67,supported,1098,40,0.12115151065675259,-0.00042012336031657107,0.12157163401706916,0.4554053842144805,0.40652734924179573
within_prompt_shuffle,68,all,1117,40,0.12207935188171129,0.004385117386280867,0.11769423449543043,0.4551359385021276,0.40593301341413
within_prompt_shuffle,68,supported,1098,40,0.12115151065675259,0.003938604638591489,0.1172129060181611,0.4554053842144805,0.4057835330664206
within_prompt_shuffle,69,all,1117,40,0.12207935188171129,0.0014641200652845588,0.12061523181642674,0.4551359385021276,0.4016670375409606
within_prompt_shuffle,69,supported,1098,40,0.12115151065675259,0.0020205551972855276,0.11913095545946706,0.4554053842144805,0.40119870255272916
within_prompt_shuffle,70,all,1117,40,0.12207935188171129,0.0071755200415504665,0.11490383184016083,0.4551359385021276,0.4113540881366803
within_prompt_shuffle,70,supported,1098,40,0.12115151065675259,0.007654246806879548,0.11349726384987303,0.4554053842144805,0.4114612500104899
within_prompt_shuffle,71,all,1117,40,0.12207935188171129,0.009476786199873466,0.11260256568183782,0.4551359385021276,0.40604164041648677
within_prompt_shuffle,71,supported,1098,40,0.12115151065675259,0.01005949712238317,0.11109201353436941,0.4554053842144805,0.4060060541607259
within_prompt_shuffle,72,all,1117,40,0.12207935188171129,0.015086064121626993,0.1069932877600843,0.4551359385021276,0.40449189344797637
within_prompt_shuffle,72,supported,1098,40,0.12115151065675259,0.01490672676313728,0.1062447838936153,0.4554053842144805,0.4045414140016511
within_prompt_shuffle,73,all,1117,40,0.12207935188171129,-0.0012452570694625295,0.12332460895117382,0.4551359385021276,0.4049297848154095
within_prompt_shuffle,73,supported,1098,40,0.12115151065675259,0.0007112628360410572,0.12044024782071153,0.4554053842144805,0.4042404659650208
within_prompt_shuffle,74,all,1117,40,0.12207935188171129,-0.0018143051996428589,0.12389365708135415,0.4551359385021276,0.4067026186996519
within_prompt_shuffle,74,supported,1098,40,0.12115151065675259,-0.002128845407964866,0.12328035606471745,0.4554053842144805,0.4065639760372621
within_prompt_shuffle,75,all,1117,40,0.12207935188171129,-0.005536384424941419,0.1276157363066527,0.4551359385021276,0.40736916746649515
within_prompt_shuffle,75,supported,1098,40,0.12115151065675259,-0.006110322193482882,0.12726183285023546,0.4554053842144805,0.40744684463700487
within_prompt_shuffle,76,all,1117,40,0.12207935188171129,0.0069231402632027915,0.1151562116185085,0.4551359385021276,0.4117724829814412
within_prompt_shuffle,76,supported,1098,40,0.12115151065675259,0.007382136459461719,0.11376937419729087,0.4554053842144805,0.4112636333581768
within_prompt_shuffle,77,all,1117,40,0.12207935188171129,0.011202051011344617,0.11087730087036668,0.4551359385021276,0.41056568764337553
within_prompt_shuffle,77,supported,1098,40,0.12115151065675259,0.011059137151881353,0.11009237350487124,0.4554053842144805,0.410473788794103
within_prompt_shuffle,78,all,1117,40,0.12207935188171129,0.009580808203764116,0.11249854367794718,0.4551359385021276,0.4096587691286038
within_prompt_shuffle,78,supported,1098,40,0.12115151065675259,0.00917536855771012,0.11197614209904247,0.4554053842144805,0.40948640718279117
within_prompt_shuffle,79,all,1117,40,0.12207935188171129,-0.0015924530733710568,0.12367180495508234,0.4551359385021276,0.41297776438759737
within_prompt_shuffle,79,supported,1098,40,0.12115151065675259,-0.0012977466962659653,0.12244925735301855,0.4554053842144805,0.41262633543219296
within_prompt_shuffle,80,all,1117,40,0.12207935188171129,0.013228125743144636,0.10885122613856665,0.4551359385021276,0.4087508438269019
within_prompt_shuffle,80,supported,1098,40,0.12115151065675259,0.012927753734652575,0.10822375692210001,0.4554053842144805,0.4081294788848699
within_prompt_shuffle,81,all,1117,40,0.12207935188171129,0.0062952414894258055,0.11578411039228548,0.4551359385021276,0.41035535760686326
within_prompt_shuffle,81,supported,1098,40,0.12115151065675259,0.006841539770099841,0.11430997088665275,0.4554053842144805,0.4098429068411632
within_prompt_shuffle,82,all,1117,40,0.12207935188171129,0.0068604038733574525,0.11521894800835383,0.4551359385021276,0.407407234544674
within_prompt_shuffle,82,supported,1098,40,0.12115151065675259,0.00617692650390745,0.11497458415284514,0.4554053842144805,0.4075151432229077
within_prompt_shuffle,83,all,1117,40,0.12207935188171129,-0.003931207222258316,0.1260105591039696,0.4551359385021276,0.4110980470582307
within_prompt_shuffle,83,supported,1098,40,0.12115151065675259,-0.003885198576048643,0.12503670923280122,0.4554053842144805,0.4107623753853112
within_prompt_shuffle,84,all,1117,40,0.12207935188171129,0.00464409408180008,0.11743525779991121,0.4551359385021276,0.40272144525096093
within_prompt_shuffle,84,supported,1098,40,0.12115151065675259,0.004873945494424923,0.11627756516232766,0.4554053842144805,0.4023614932507395
within_prompt_shuffle,85,all,1117,40,0.12207935188171129,0.007552153413194804,0.11452719846851649,0.4551359385021276,0.4109400623460848
within_prompt_shuffle,85,supported,1098,40,0.12115151065675259,0.0071560640497188716,0.11399544660703372,0.4554053842144805,0.4104694950984804
within_prompt_shuffle,86,all,1117,40,0.12207935188171129,0.002764665272658152,0.11931468660905314,0.4551359385021276,0.4068928494562455
within_prompt_shuffle,86,supported,1098,40,0.12115151065675259,0.0025545558907713755,0.11859695476598121,0.4554053842144805,0.40661261339298826
within_prompt_shuffle,87,all,1117,40,0.12207935188171129,0.009893654071666896,0.1121856978100444,0.4551359385021276,0.4055709170224624
within_prompt_shuffle,87,supported,1098,40,0.12115151065675259,0.01019204325773857,0.11095946739901402,0.4554053842144805,0.4052358924893271
within_prompt_shuffle,88,all,1117,40,0.12207935188171129,0.005303273221653596,0.1167760786600577,0.4551359385021276,0.40740633461371073
within_prompt_shuffle,88,supported,1098,40,0.12115151065675259,0.0044473526365577335,0.11670415802019485,0.4554053842144805,0.407179766610026
within_prompt_shuffle,89,all,1117,40,0.12207935188171129,0.00047144126908494813,0.12160791061262634,0.4551359385021276,0.4079744551298014
within_prompt_shuffle,89,supported,1098,40,0.12115151065675259,0.0013202204432103148,0.11983129021354227,0.4554053842144805,0.40778487030775085
within_prompt_shuffle,90,all,1117,40,0.12207935188171129,-0.00063880086585319,0.12271815274756448,0.4551359385021276,0.41010756367948265
within_prompt_shuffle,90,supported,1098,40,0.12115151065675259,-0.00096992918258302,0.12212143983933561,0.4554053842144805,0.41036520839620894
within_prompt_shuffle,91,all,1117,40,0.12207935188171129,-0.0020229449500155858,0.12410229683172688,0.4551359385021276,0.41034406390705946
within_prompt_shuffle,91,supported,1098,40,0.12115151065675259,-0.0011234089560095335,0.12227491961276211,0.4554053842144805,0.4101969240265285
within_prompt_shuffle,92,all,1117,40,0.12207935188171129,0.004256423855651093,0.1178229280260602,0.4551359385021276,0.4075446065497852
within_prompt_shuffle,92,supported,1098,40,0.12115151065675259,0.004626938431624176,0.11652457222512841,0.4554053842144805,0.40793698110361615
within_prompt_shuffle,93,all,1117,40,0.12207935188171129,-0.008274867447423881,0.13035421932913516,0.4551359385021276,0.4048210552019831
within_prompt_shuffle,93,supported,1098,40,0.12115151065675259,-0.007513823409774897,0.12866533406652747,0.4554053842144805,0.404714857208001
within_prompt_shuffle,94,all,1117,40,0.12207935188171129,0.00370398320198242,0.11837536867972887,0.4551359385021276,0.4035881557581519
within_prompt_shuffle,94,supported,1098,40,0.12115151065675259,0.0027610653048720283,0.11839044535188056,0.4554053842144805,0.4032360506819404
within_prompt_shuffle,95,all,1117,40,0.12207935188171129,0.001481135379219338,0.12059821650249195,0.4551359385021276,0.40285424037302525
within_prompt_shuffle,95,supported,1098,40,0.12115151065675259,0.0018863796413783967,0.11926513101537418,0.4554053842144805,0.4034653382066017
within_prompt_shuffle,96,all,1117,40,0.12207935188171129,0.005835892147598636,0.11624345973411265,0.4551359385021276,0.4061518925543462
within_prompt_shuffle,96,supported,1098,40,0.12115151065675259,0.006922029283048986,0.1142294813737036,0.4554053842144805,0.4057135301044051
within_prompt_shuffle,97,all,1117,40,0.12207935188171129,0.004042506087688849,0.11803684579402245,0.4551359385021276,0.404059536619807
within_prompt_shuffle,97,supported,1098,40,0.12115151065675259,0.0031116592133049303,0.11803985144344765,0.4554053842144805,0.40400338297542004
within_prompt_shuffle,98,all,1117,40,0.12207935188171129,-0.003267146731423286,0.12534649861313457,0.4551359385021276,0.41058459828405774
within_prompt_shuffle,98,supported,1098,40,0.12115151065675259,-0.0032414823788373195,0.1243929930355899,0.4554053842144805,0.40983667786008404
within_prompt_shuffle,99,all,1117,40,0.12207935188171129,-0.0039156586987144915,0.12599501058042578,0.4551359385021276,0.4140336495705393
within_prompt_shuffle,99,supported,1098,40,0.12115151065675259,-0.00426825100656966,0.12541976166332225,0.4554053842144805,0.41378800782476866
within_prompt_shuffle,100,all,1117,40,0.12207935188171129,0.0037667448332206663,0.11831260704849063,0.4551359385021276,0.4106664926971568
within_prompt_shuffle,100,supported,1098,40,0.12115151065675259,0.0026785134184253425,0.11847299723832724,0.4554053842144805,0.4101935111036097
within_prompt_shuffle,101,all,1117,40,0.12207935188171129,0.006313056164390446,0.11576629571732085,0.4551359385021276,0.4041950427721682
within_prompt_shuffle,101,supported,1098,40,0.12115151065675259,0.007176874055026225,0.11397463660172637,0.4554053842144805,0.40402968238262105
within_prompt_shuffle,102,all,1117,40,0.12207935188171129,0.003906419659122246,0.11817293222258904,0.4551359385021276,0.406060909480903
within_prompt_shuffle,102,supported,1098,40,0.12115151065675259,0.0036904384862761095,0.11746107217047648,0.4554053842144805,0.4057239130051956
within_prompt_shuffle,103,all,1117,40,0.12207935188171129,0.01465670701851042,0.10742264486320087,0.4551359385021276,0.40942124734469243
within_prompt_shuffle,103,supported,1098,40,0.12115151065675259,0.014438633518405705,0.10671287713834689,0.4554053842144805,0.4091140318884928
within_prompt_shuffle,104,all,1117,40,0.12207935188171129,-0.002752908082668806,0.12483225996438009,0.4551359385021276,0.4095544300995706
within_prompt_shuffle,104,supported,1098,40,0.12115151065675259,-0.0022944148226262256,0.12344592547937881,0.4554053842144805,0.409558601854677
within_prompt_shuffle,105,all,1117,40,0.12207935188171129,-0.00018928989627701662,0.12226864177798831,0.4551359385021276,0.4065969925662727
within_prompt_shuffle,105,supported,1098,40,0.12115151065675259,0.00028989056067131835,0.12086162009608127,0.4554053842144805,0.40658457890858235
within_prompt_shuffle,106,all,1117,40,0.12207935188171129,-0.015656455738028815,0.1377358076197401,0.4551359385021276,0.4109849295096174
within_prompt_shuffle,106,supported,1098,40,0.12115151065675259,-0.016403263091451042,0.13755477374820363,0.4554053842144805,0.4105435867740752
within_prompt_shuffle,107,all,1117,40,0.12207935188171129,0.007477045863041501,0.11460230601866979,0.4551359385021276,0.408759201996254
within_prompt_shuffle,107,supported,1098,40,0.12115151065675259,0.00816286331437575,0.11298864734237683,0.4554053842144805,0.40826261489425314
within_prompt_shuffle,108,all,1117,40,0.12207935188171129,0.0031304676330865073,0.11894888424862478,0.4551359385021276,0.40508864760792196
within_prompt_shuffle,108,supported,1098,40,0.12115151065675259,0.002836524905626022,0.11831498575112656,0.4554053842144805,0.4052143708811342
within_prompt_shuffle,109,all,1117,40,0.12207935188171129,0.0008200280090589806,0.12125932387265231,0.4551359385021276,0.4090514263405357
within_prompt_shuffle,109,supported,1098,40,0.12115151065675259,0.00025082611709443105,0.12090068453965816,0.4554053842144805,0.4085832939742965
within_prompt_shuffle,110,all,1117,40,0.12207935188171129,0.00114522340777104,0.12093412847394025,0.4551359385021276,0.40693705670635616
within_prompt_shuffle,110,supported,1098,40,0.12115151065675259,0.0012641571364615206,0.11988735352029106,0.4554053842144805,0.4067585094661766
within_prompt_shuffle,111,all,1117,40,0.12207935188171129,-0.009669435153964082,0.13174878703567539,0.4551359385021276,0.4062572057948918
within_prompt_shuffle,111,supported,1098,40,0.12115151065675259,-0.009148869187208303,0.1303003798439609,0.4554053842144805,0.4062715979770439
within_prompt_shuffle,112,all,1117,40,0.12207935188171129,0.0067741419139817115,0.11530520996772958,0.4551359385021276,0.4110293944883727
within_prompt_shuffle,112,supported,1098,40,0.12115151065675259,0.005410591859523953,0.11574091879722863,0.4554053842144805,0.4106987172960636
within_prompt_shuffle,113,all,1117,40,0.12207935188171129,0.002733147856819453,0.11934620402489184,0.4551359385021276,0.40776488366457997
within_prompt_shuffle,113,supported,1098,40,0.12115151065675259,0.002173281046442198,0.11897822961031039,0.4554053842144805,0.4075089181681714
within_prompt_shuffle,114,all,1117,40,0.12207935188171129,0.0037161607794716062,0.11836319110223968,0.4551359385021276,0.4094465771152372
within_prompt_shuffle,114,supported,1098,40,0.12115151065675259,0.004505049061013271,0.11664646159573931,0.4554053842144805,0.40933948479567117
within_prompt_shuffle,115,all,1117,40,0.12207935188171129,0.0036527194363023645,0.11842663244540892,0.4551359385021276,0.41212925284759494
within_prompt_shuffle,115,supported,1098,40,0.12115151065675259,0.004624047903712863,0.11652746275303973,0.4554053842144805,0.4125587411016518
within_prompt_shuffle,116,all,1117,40,0.12207935188171129,0.008328395312163731,0.11375095656954756,0.4551359385021276,0.4111103675927715
within_prompt_shuffle,116,supported,1098,40,0.12115151065675259,0.007722871527234612,0.11342863912951798,0.4554053842144805,0.4111428081069254
within_prompt_shuffle,117,all,1117,40,0.12207935188171129,-0.0031958005031899094,0.1252751523849012,0.4551359385021276,0.4041685283891526
within_prompt_shuffle,117,supported,1098,40,0.12115151065675259,-0.003208808965483844,0.12436031962223643,0.4554053842144805,0.40405271209298305
within_prompt_shuffle,118,all,1117,40,0.12207935188171129,-0.0009292479206823403,0.12300859980239363,0.4551359385021276,0.40162058890929087
within_prompt_shuffle,118,supported,1098,40,0.12115151065675259,-0.0023159018625346635,0.12346741251928725,0.4554053842144805,0.40153386237053146
within_prompt_shuffle,119,all,1117,40,0.12207935188171129,0.0016059939343810712,0.12047335794733022,0.4551359385021276,0.4113036506187024
within_prompt_shuffle,119,supported,1098,40,0.12115151065675259,0.0010685591541416916,0.12008295150261089,0.4554053842144805,0.4110296644397039
within_prompt_shuffle,120,all,1117,40,0.12207935188171129,0.0026284777790034548,0.11945087410270784,0.4551359385021276,0.40946329526289427
within_prompt_shuffle,120,supported,1098,40,0.12115151065675259,0.00201965386515556,0.11913185679159703,0.4554053842144805,0.40956728472703824
within_prompt_shuffle,121,all,1117,40,0.12207935188171129,0.009679997253031637,0.11239935462867966,0.4551359385021276,0.41071459269227495
within_prompt_shuffle,121,supported,1098,40,0.12115151065675259,0.009761896290933247,0.11138961436581934,0.4554053842144805,0.41084108692383553
within_prompt_shuffle,122,all,1117,40,0.12207935188171129,-0.004868734788517641,0.12694808667022894,0.4551359385021276,0.4108653292008723
within_prompt_shuffle,122,supported,1098,40,0.12115151065675259,-0.004356835865385336,0.12550834652213794,0.4554053842144805,0.4108941731878649
within_prompt_shuffle,123,all,1117,40,0.12207935188171129,0.0019673661198501427,0.12011198576186115,0.4551359385021276,0.4123567210909604
within_prompt_shuffle,123,supported,1098,40,0.12115151065675259,0.003065619976811071,0.11808589067994152,0.4554053842144805,0.4119371648567608
within_prompt_shuffle,124,all,1117,40,0.12207935188171129,0.003003931992246181,0.11907541988946511,0.4551359385021276,0.41224591719106324
within_prompt_shuffle,124,supported,1098,40,0.12115151065675259,0.002722269291811607,0.11842924136494098,0.4554053842144805,0.41226305976933036
within_prompt_shuffle,125,all,1117,40,0.12207935188171129,-0.00034630831718091974,0.12242566019889221,0.4551359385021276,0.41061629414874085
within_prompt_shuffle,125,supported,1098,40,0.12115151065675259,-0.0002503569090247796,0.12140186756577737,0.4554053842144805,0.41074150813972554
within_prompt_shuffle,126,all,1117,40,0.12207935188171129,-0.0067914438441303345,0.12887079572584162,0.4551359385021276,0.4109172847142295
within_prompt_shuffle,126,supported,1098,40,0.12115151065675259,-0.005853705171891094,0.12700521582864369,0.4554053842144805,0.4106392325020745
within_prompt_shuffle,127,all,1117,40,0.12207935188171129,0.0006944359081840164,0.12138491597352727,0.4551359385021276,0.4098807609829138
within_prompt_shuffle,127,supported,1098,40,0.12115151065675259,0.0004233673815296379,0.12072814327522295,0.4554053842144805,0.4096319187890802
