query_bin,donor_bin,query_nodes,query_prompts,geometric_mass,contribution_mass
early,early,378,40,0.6232346343316678,0.628542324685989
early,middle,378,40,0.27425822978045755,0.266977102918626
early,late,378,40,0.10250713588787463,0.10448057239538489
middle,early,401,40,0.2395737690912935,0.24343420666586796
middle,middle,401,40,0.48038465771367866,0.49190012481456324
middle,late,401,40,0.2800415731950278,0.2646656685195688
late,early,391,40,0.10293125760814208,0.10215502273578236
late,middle,391,40,0.34822795620680685,0.3611165381675471
late,late,391,40,0.5488407861850512,0.5367284390966706
