prompt_id,family,nodes,defined_recovery_nodes,supported_recovery_nodes,recovery_cosine,resultant_fraction,cancellation_fraction,pairwise_agreement,effective_contributors,max_contribution_share,unique_donor_prompts,largest_donor_prompt_mass,weighted_token_gap,weighted_relative_gap,same_position_bin_mass
fresh_identity_01,identity_stress,31,29,29,0.1422038027669069,0.4691159245027908,0.5308840754972092,0.05720191540178371,5.973273381888026,0.27671189927417317,7.161290322580645,0.21279857069612745,5.270259322034042,0.16534351169054867,0.5923874499098704
fresh_identity_02,identity_stress,30,28,27,0.11710818751390503,0.46200540903258386,0.5379945909674162,0.06356536684603457,6.312808605177841,0.2554741931636675,6.966666666666667,0.22446791192274138,6.1653593799520205,0.196372935740599,0.5347783127537032
fresh_identity_03,identity_stress,31,30,30,0.14439209951944149,0.45272684195967094,0.547273158040329,0.052791717365567065,6.385189696502624,0.2526646855092819,7.32258064516129,0.20998121745394163,6.250629613198357,0.20303388232551506,0.46193109783487074
fresh_identity_04,identity_stress,30,29,29,0.185520550942005,0.4660625869693637,0.5339374130306364,0.05454214141815074,6.109898297919608,0.28029976726077244,7.233333333333333,0.21817673268366275,5.612178332867007,0.17948702695441418,0.5681214947971877
fresh_identity_05,identity_stress,29,28,28,0.11143845282546613,0.4625027319027287,0.5374972680972713,0.06583645692979644,6.48639920744016,0.23973729626163615,6.9655172413793105,0.23561061855337834,5.099718009819012,0.17147323614770796,0.5962017632201332
fresh_literal_01,literal_stable,30,30,29,0.07137050892995088,0.45912402787684603,0.5408759721231539,0.04661773589822565,6.05658824299527,0.2614608203160767,7.133333333333334,0.2179444353169984,6.2012058680260145,0.19091163895068455,0.590902698958212
fresh_literal_02,literal_stable,29,26,26,0.05227081169604489,0.4456216067204615,0.5543783932795384,0.027490271140185037,5.873982164613494,0.27459689181633745,7.172413793103448,0.22311558208277227,6.368314052388948,0.20454123630917048,0.49932741903407857
fresh_literal_03,literal_stable,30,28,28,0.13581307456146519,0.4657365848025846,0.5342634151974153,0.04259488808561013,5.983778044857208,0.28626345937456155,7.133333333333334,0.21757433627425207,6.270904292149302,0.19914895967564175,0.5178431323558729
fresh_literal_04,literal_stable,32,30,30,0.1293486365913244,0.44637596567767346,0.5536240343223265,0.04283601083372654,6.276402321752339,0.2527229284772587,7.0625,0.21921040973639963,7.587382400339205,0.23680864162217682,0.47811552025743115
fresh_literal_05,literal_stable,32,31,30,0.09009556249220108,0.4773730686031835,0.5226269313968166,0.049918204906971145,5.869406704089993,0.28665157708263833,6.75,0.22674014986053953,6.383080970753665,0.1864049631383281,0.5564635440243589
fresh_metaphor_01,metaphor_shift,29,27,26,0.14422127122565648,0.4744370710947095,0.5255629289052904,0.06778705237551377,6.527423577554677,0.2467964867768679,7.068965517241379,0.2283688731135161,5.452291362312921,0.18003144871772328,0.5469728430478018
fresh_metaphor_02,metaphor_shift,31,27,27,0.16365757136483772,0.48615629283686895,0.513843707163131,0.06642706100637237,6.165621365442941,0.2681871643761745,7.387096774193548,0.20402259439707718,6.069525204519925,0.18733761369061058,0.526403786545855
fresh_metaphor_03,metaphor_shift,31,30,28,0.10213262607622788,0.44717475681141533,0.5528252431885847,0.05064332437425341,6.538513999869186,0.2327302785961336,7.258064516129032,0.21172992084795125,5.5700904445927835,0.1767749849270877,0.5597868194839747
fresh_metaphor_04,metaphor_shift,30,30,30,0.1634258049421735,0.46375227733198526,0.5362477226680146,0.06504392472526374,6.307585943749245,0.24104417233148354,7.266666666666667,0.21419912782743783,5.273516108453324,0.16703914579488227,0.5711487356192737
fresh_metaphor_05,metaphor_shift,29,26,26,0.11140673815937358,0.45408683020301016,0.5459131697969898,0.057892096112364254,6.501569172270087,0.24166653783898537,7.068965517241379,0.22775060204157804,5.86942524348484,0.19346403320123934,0.529479894559174
fresh_ontology_01,ontology_collapse,29,27,27,0.09971606275678584,0.45651396449175907,0.5434860355082409,0.05236012288651317,6.215011817504286,0.2510445189930683,7.0344827586206895,0.22465077765009417,5.810392994952109,0.19111312445700265,0.5382556058285674
fresh_ontology_02,ontology_collapse,29,29,28,0.11427575730301268,0.44950364163796985,0.5504963583620301,0.047196326484444676,6.294693022362421,0.25808798004264044,7.241379310344827,0.20443198465791543,5.7524647455668765,0.18487389570756665,0.5806556225488001
fresh_ontology_03,ontology_collapse,31,27,25,0.08490460109197581,0.4658492478701523,0.5341507521298476,0.06506112484528764,6.303916184124683,0.25364369784644947,7.258064516129032,0.21872371519503644,4.644942921638549,0.14744257271025923,0.6286642693146649
fresh_ontology_04,ontology_collapse,31,31,30,0.13475299216667344,0.4542595497926611,0.5457404502073389,0.047285731997238775,6.212257337677089,0.2639278544830821,7.451612903225806,0.20068437674090756,6.216728070079862,0.19184314053771206,0.5330352659801388
fresh_ontology_05,ontology_collapse,32,31,31,0.03416687545371619,0.45082603548893296,0.549173964511067,0.04240756398153919,6.123773382668286,0.26474637862964945,7.25,0.20380502676754142,5.959165552525599,0.17579816590505254,0.5650641173343243
identity_01,identity_stress,33,31,31,0.13541924314028903,0.4826652643504392,0.5173347356495608,0.06204819817488683,6.168738161301577,0.26848940375385905,7.515151515151516,0.1863255343990665,6.723537195546054,0.20425284432892923,0.5201845230108505
identity_02,identity_stress,30,27,27,0.11881235590147042,0.4772053041013641,0.5227946958986359,0.06374303508796134,5.99565153679293,0.27459424293168355,7.133333333333334,0.21588262402993352,5.520995719071001,0.17476264529747143,0.5708293933397911
identity_03,identity_stress,30,26,25,0.1702292070167397,0.4767819955316265,0.5232180044683735,0.07235821357307803,6.170818672005998,0.2604131346733633,7.166666666666667,0.22396005680048736,4.945250261535778,0.1586925835784173,0.6114744081021463
identity_04,identity_stress,27,27,27,0.1772874156973294,0.46788677058063605,0.532113229419364,0.058945628023328554,6.183054595764484,0.25888776234344557,7.333333333333333,0.2184494253239232,5.720418601184961,0.18822385465847738,0.5590730761479482
identity_05,identity_stress,27,25,25,0.16966985821702035,0.4939726134073738,0.5060273865926261,0.06695265967890508,6.137482350207194,0.281902904251481,7.037037037037037,0.21828260342915848,5.1726136648007355,0.17510553471519594,0.5664193612438005
literal_01,literal_stable,32,31,31,0.13313079260446045,0.44741047198571915,0.552589528014281,0.047278876508682385,6.361513117408354,0.24275067958831212,7.09375,0.22570422326412834,6.611503206896675,0.18852276326776596,0.5533590465740741
literal_02,literal_stable,27,27,26,0.15753433438095635,0.4494662116299996,0.5505337883700003,0.04241425455169337,6.072081961228114,0.26502577081611056,6.481481481481482,0.26315578821463537,5.792045387922036,0.19089307812506043,0.543925607817854
literal_03,literal_stable,26,26,26,0.16598906703852392,0.4453267456584237,0.5546732543415763,0.030412424584043286,5.9207879987700185,0.27131233605853006,6.653846153846154,0.25285288125738925,5.398621085764686,0.1677561979678909,0.6031567889710056
literal_04,literal_stable,24,23,23,0.13199829167338978,0.45071638752692783,0.5492836124730721,0.028136789818103018,6.10888845246964,0.27827893745510374,7.166666666666667,0.22566339689521778,6.706345995485253,0.235462629995575,0.45891849792532097
literal_05,literal_stable,25,25,24,0.031299886648669534,0.45947732157137294,0.540522678428627,0.05526833306069163,6.086641067714162,0.2651027562977003,6.64,0.23884859038690245,5.7881386092646485,0.18534577542899136,0.5677565385115994
metaphor_01,metaphor_shift,33,32,31,0.11487567112601475,0.5000596889533206,0.49994031104667946,0.07042367943258811,5.721965842197831,0.29501304714384585,7.121212121212121,0.2199427974429625,6.873547670676835,0.19825207412788476,0.48444295845817376
metaphor_02,metaphor_shift,28,28,28,0.09077898216345015,0.47033262585357816,0.5296673741464218,0.04669893865911652,5.725342562902324,0.29348447746634615,7.642857142857143,0.17529104391225245,5.591365045527563,0.1850726535735577,0.5219038539347036
metaphor_03,metaphor_shift,29,27,26,0.11320395883717366,0.4790506855780342,0.5209493144219658,0.04537995656710414,5.996309637018148,0.28722263158027295,7.482758620689655,0.18371085147017543,5.28921782918875,0.16747009509917424,0.592523356705582
metaphor_04,metaphor_shift,27,26,26,0.07734286045135294,0.49368574569373996,0.5063142543062601,0.06643847691316168,5.925772710453695,0.2867331891036086,7.296296296296297,0.20338676801026356,5.305561796912544,0.17053089903021626,0.5564052378009465
metaphor_05,metaphor_shift,26,24,23,0.11204574633036184,0.4555319137048767,0.5444680862951233,0.044833777200791104,5.970188654156384,0.2650100281617043,7.384615384615385,0.20090528790393594,5.792943042873687,0.1913613383548814,0.516911939337671
ontology_01,ontology_collapse,30,29,27,0.0855354987775179,0.457841976995884,0.542158023004116,0.04038640991480856,5.948170246934196,0.2720762813337645,7.266666666666667,0.21198334720429265,6.004059710903795,0.1936897446152839,0.5107740113598731
ontology_02,ontology_collapse,27,27,27,0.17985104448533826,0.4457470271794396,0.5542529728205604,0.0379894576683775,6.162330066045829,0.2639566041224905,7.444444444444445,0.1962093150737794,4.853159541807464,0.15811673651200572,0.5975253381634149
ontology_03,ontology_collapse,28,27,26,0.13389337934235415,0.44920220992956744,0.5507977900704326,0.05156017757714052,6.394284051881837,0.2334581767026994,7.464285714285714,0.19627295642561735,5.6088584741940295,0.18480818268113472,0.5822755747012325
ontology_04,ontology_collapse,28,28,28,0.11386946255039045,0.473895597535863,0.526104402464137,0.055579150604596714,5.858519422850847,0.27358634289319117,7.5,0.1901989808305613,4.883621114921105,0.15951259451771654,0.6204683543404699
ontology_05,ontology_collapse,27,27,27,0.13818503050650432,0.4410726569437379,0.5589273430562621,0.04248993940790699,6.3067471354304,0.2431674998265134,7.037037037037037,0.22147545856250753,7.108024552117173,0.23964684662910407,0.45884616868291284
