prompt_id,family,prefix_length,seed,coexact_odd,random_odd,odd_gap
v2_eval_identity_01,identity_stress,8,0,-0.5347531657073459,-0.44293658172926104,-0.09181658397808484
v2_eval_identity_01,identity_stress,8,1,-0.5347531657073459,-0.43197988377688934,-0.10277328193045654
v2_eval_identity_01,identity_stress,8,2,-0.5347531657073459,0.2260405213188492,-0.7607936870261951
v2_eval_identity_01,identity_stress,8,3,-0.5347531657073459,-0.70081707695292,0.16606391124557407
v2_eval_identity_01,identity_stress,8,4,-0.5347531657073459,-0.5306661006484251,-0.004087065058920758
v2_eval_identity_01,identity_stress,8,5,-0.5347531657073459,-0.8784903727200974,0.34373720701275157
v2_eval_identity_01,identity_stress,8,6,-0.5347531657073459,0.2873692215424653,-0.8221223872498111
v2_eval_identity_01,identity_stress,8,7,-0.5347531657073459,0.27226181542807887,-0.8070149811354248
v2_eval_identity_01,identity_stress,16,0,-0.10378267449064808,0.2269050096274062,-0.33068768411805427
v2_eval_identity_01,identity_stress,16,1,-0.10378267449064808,0.012487332132210548,-0.11627000662285863
v2_eval_identity_01,identity_stress,16,2,-0.10378267449064808,0.1831171684475264,-0.2868998429381745
v2_eval_identity_01,identity_stress,16,3,-0.10378267449064808,-0.2948407614579602,0.19105808696731208
v2_eval_identity_01,identity_stress,16,4,-0.10378267449064808,-0.3822529071058024,0.2784702326151543
v2_eval_identity_01,identity_stress,16,5,-0.10378267449064808,-0.06805978186879104,-0.035722892621857044
v2_eval_identity_01,identity_stress,16,6,-0.10378267449064808,-0.14522407931390613,0.041441404823258046
v2_eval_identity_01,identity_stress,16,7,-0.10378267449064808,0.3409690439052895,-0.4447517183959376
v2_eval_identity_01,identity_stress,24,0,-0.038965754978908945,0.2915944123215189,-0.3305601673004278
v2_eval_identity_01,identity_stress,24,1,-0.038965754978908945,0.06819495946803722,-0.10716071444694616
v2_eval_identity_01,identity_stress,24,2,-0.038965754978908945,-0.005759636625575533,-0.03320611835333341
v2_eval_identity_01,identity_stress,24,3,-0.038965754978908945,-0.14748565420056334,0.10851989922165439
v2_eval_identity_01,identity_stress,24,4,-0.038965754978908945,-0.06515390909240723,0.026188154113498285
v2_eval_identity_01,identity_stress,24,5,-0.038965754978908945,-0.21219448305232158,0.17322872807341264
v2_eval_identity_01,identity_stress,24,6,-0.038965754978908945,-0.07749623029984389,0.03853047532093494
v2_eval_identity_01,identity_stress,24,7,-0.038965754978908945,0.20036277024411084,-0.23932852522301978
v2_eval_identity_02,identity_stress,8,0,0.3663965776730226,0.44472734892640425,-0.07833077125338167
v2_eval_identity_02,identity_stress,8,1,0.3663965776730226,0.38172189829333547,-0.015325320620312888
v2_eval_identity_02,identity_stress,8,2,0.3663965776730226,-0.24567437961033262,0.6120709572833551
v2_eval_identity_02,identity_stress,8,3,0.3663965776730226,-0.43966760017544954,0.8060641778484721
v2_eval_identity_02,identity_stress,8,4,0.3663965776730226,0.91773878201159,-0.5513422043385674
v2_eval_identity_02,identity_stress,8,5,0.3663965776730226,0.0690970829693789,0.2972994947036437
v2_eval_identity_02,identity_stress,8,6,0.3663965776730226,-0.2830930852782489,0.6494896629512714
v2_eval_identity_02,identity_stress,8,7,0.3663965776730226,0.787406253519204,-0.42100967584618143
v2_eval_identity_02,identity_stress,16,0,0.48220812924757944,0.2628078025637827,0.21940032668379672
v2_eval_identity_02,identity_stress,16,1,0.48220812924757944,0.3448461249185944,0.13736200432898504
v2_eval_identity_02,identity_stress,16,2,0.48220812924757944,-0.12378745960246208,0.6059955888500416
v2_eval_identity_02,identity_stress,16,3,0.48220812924757944,-0.05021764444552716,0.5324257736931066
v2_eval_identity_02,identity_stress,16,4,0.48220812924757944,0.23939368309088072,0.24281444615669873
v2_eval_identity_02,identity_stress,16,5,0.48220812924757944,-0.37307438805888454,0.855282517306464
v2_eval_identity_02,identity_stress,16,6,0.48220812924757944,0.38473037765343693,0.09747775159414251
v2_eval_identity_02,identity_stress,16,7,0.48220812924757944,0.18260030678107292,0.2996078224665065
v2_eval_identity_02,identity_stress,24,0,-0.25255306380925563,0.17553881792029474,-0.42809188172955037
v2_eval_identity_02,identity_stress,24,1,-0.25255306380925563,-0.40457612728122666,0.15202306347197103
v2_eval_identity_02,identity_stress,24,2,-0.25255306380925563,-0.007759588736883231,-0.2447934750723724
v2_eval_identity_02,identity_stress,24,3,-0.25255306380925563,0.08729660908767437,-0.33984967289693
v2_eval_identity_02,identity_stress,24,4,-0.25255306380925563,-0.14753180182070005,-0.10502126198855558
v2_eval_identity_02,identity_stress,24,5,-0.25255306380925563,0.27952529942653487,-0.5320783632357905
v2_eval_identity_02,identity_stress,24,6,-0.25255306380925563,0.001445194854767351,-0.253998258664023
v2_eval_identity_02,identity_stress,24,7,-0.25255306380925563,0.034004710795184814,-0.28655777460444043
v2_eval_identity_03,identity_stress,8,0,-0.36934948336061624,0.42611966996021794,-0.7954691533208342
v2_eval_identity_03,identity_stress,8,1,-0.36934948336061624,-0.6236451508075469,0.25429566744693066
v2_eval_identity_03,identity_stress,8,2,-0.36934948336061624,0.32041989436987095,-0.6897693777304872
v2_eval_identity_03,identity_stress,8,3,-0.36934948336061624,0.9643074506038578,-1.3336569339644742
v2_eval_identity_03,identity_stress,8,4,-0.36934948336061624,0.1531962960115409,-0.5225457793721571
v2_eval_identity_03,identity_stress,8,5,-0.36934948336061624,-0.7332632108509697,0.36391372749035344
v2_eval_identity_03,identity_stress,8,6,-0.36934948336061624,-0.1524452648045702,-0.21690421855604602
v2_eval_identity_03,identity_stress,8,7,-0.36934948336061624,-0.8008568309214373,0.4315073475608211
v2_eval_identity_03,identity_stress,16,0,-0.8121168883189966,-0.300268685286013,-0.5118482030329836
v2_eval_identity_03,identity_stress,16,1,-0.8121168883189966,0.2006437181560159,-1.0127606064750125
v2_eval_identity_03,identity_stress,16,2,-0.8121168883189966,0.37173275471714023,-1.183849643036137
v2_eval_identity_03,identity_stress,16,3,-0.8121168883189966,0.41523993011979127,-1.227356818438788
v2_eval_identity_03,identity_stress,16,4,-0.8121168883189966,-0.0028766782084679626,-0.8092402101105287
v2_eval_identity_03,identity_stress,16,5,-0.8121168883189966,-0.10879367755475348,-0.7033232107642432
v2_eval_identity_03,identity_stress,16,6,-0.8121168883189966,-0.4116878689601733,-0.40042901935882336
v2_eval_identity_03,identity_stress,16,7,-0.8121168883189966,-0.9886332720809199,0.17651638376192325
v2_eval_identity_03,identity_stress,24,0,-0.47044267074899504,-0.09261340829361248,-0.37782926245538256
v2_eval_identity_03,identity_stress,24,1,-0.47044267074899504,-1.6341812708865926,1.1637386001375976
v2_eval_identity_03,identity_stress,24,2,-0.47044267074899504,-0.6445236152748945,0.1740809445258995
v2_eval_identity_03,identity_stress,24,3,-0.47044267074899504,0.1282619864508972,-0.5987046571998922
v2_eval_identity_03,identity_stress,24,4,-0.47044267074899504,-0.7915672081694674,0.3211245374204723
v2_eval_identity_03,identity_stress,24,5,-0.47044267074899504,-0.12329042523556327,-0.34715224551343177
v2_eval_identity_03,identity_stress,24,6,-0.47044267074899504,-0.6945264231394355,0.22408375239044043
v2_eval_identity_03,identity_stress,24,7,-0.47044267074899504,-0.13681712745282734,-0.33362554329616767
v2_eval_identity_04,identity_stress,8,0,0.046416655319385804,0.14863376525367553,-0.10221710993428973
v2_eval_identity_04,identity_stress,8,1,0.046416655319385804,-0.5389591527436044,0.5853758080629902
v2_eval_identity_04,identity_stress,8,2,0.046416655319385804,0.22076265133262313,-0.17434599601323733
v2_eval_identity_04,identity_stress,8,3,0.046416655319385804,-0.30674068073638033,0.35315733605576616
v2_eval_identity_04,identity_stress,8,4,0.046416655319385804,0.41451992797335957,-0.36810327265397375
v2_eval_identity_04,identity_stress,8,5,0.046416655319385804,0.38336424234990407,-0.33694758703051825
v2_eval_identity_04,identity_stress,8,6,0.046416655319385804,0.6995728365936464,-0.6531561812742607
v2_eval_identity_04,identity_stress,8,7,0.046416655319385804,0.31700585846151275,-0.2705892031421269
v2_eval_identity_04,identity_stress,16,0,-0.010806985565207719,1.2722867062801955,-1.2830936918454032
v2_eval_identity_04,identity_stress,16,1,-0.010806985565207719,0.3885293751896876,-0.3993363607548953
v2_eval_identity_04,identity_stress,16,2,-0.010806985565207719,0.9614902488739195,-0.9722972344391273
v2_eval_identity_04,identity_stress,16,3,-0.010806985565207719,0.16019842706608128,-0.171005412631289
v2_eval_identity_04,identity_stress,16,4,-0.010806985565207719,-0.46037660584020673,0.449569620274999
v2_eval_identity_04,identity_stress,16,5,-0.010806985565207719,0.49823215614222655,-0.5090391417074343
v2_eval_identity_04,identity_stress,16,6,-0.010806985565207719,0.800020873923548,-0.8108278594887558
v2_eval_identity_04,identity_stress,16,7,-0.010806985565207719,0.9528843758721505,-0.9636913614373582
v2_eval_identity_04,identity_stress,24,0,0.1293024740888584,-0.33948875588057925,0.4687912299694377
v2_eval_identity_04,identity_stress,24,1,0.1293024740888584,-0.6763083893784848,0.8056108634673432
v2_eval_identity_04,identity_stress,24,2,0.1293024740888584,0.19299148239670808,-0.06368900830784968
v2_eval_identity_04,identity_stress,24,3,0.1293024740888584,0.07737758582629524,0.051924888262563154
v2_eval_identity_04,identity_stress,24,4,0.1293024740888584,-0.14636604953648744,0.27566852362534583
v2_eval_identity_04,identity_stress,24,5,0.1293024740888584,-0.4107256798173155,0.5400281539061739
v2_eval_identity_04,identity_stress,24,6,0.1293024740888584,-0.587237146679938,0.7165396207687964
v2_eval_identity_04,identity_stress,24,7,0.1293024740888584,-0.20298122244423666,0.3322836965330951
v2_eval_identity_05,identity_stress,8,0,0.28298370615836516,-0.6800048897319335,0.9629885958902986
v2_eval_identity_05,identity_stress,8,1,0.28298370615836516,0.44510874076504775,-0.1621250346066826
v2_eval_identity_05,identity_stress,8,2,0.28298370615836516,-0.17524651814912995,0.4582302243074951
v2_eval_identity_05,identity_stress,8,3,0.28298370615836516,-0.23098855314840366,0.5139722593067688
v2_eval_identity_05,identity_stress,8,4,0.28298370615836516,0.45316620388577517,-0.17018249772741
v2_eval_identity_05,identity_stress,8,5,0.28298370615836516,0.3596361138587865,-0.07665240770042137
v2_eval_identity_05,identity_stress,8,6,0.28298370615836516,0.30402785576979835,-0.021044149611433194
v2_eval_identity_05,identity_stress,8,7,0.28298370615836516,0.7505312321672315,-0.46754752600886634
v2_eval_identity_05,identity_stress,16,0,-0.6323666557917853,-0.5081290363127691,-0.12423761947901624
v2_eval_identity_05,identity_stress,16,1,-0.6323666557917853,-0.9760153109799644,0.3436486551881791
v2_eval_identity_05,identity_stress,16,2,-0.6323666557917853,0.9990253968883808,-1.631392052680166
v2_eval_identity_05,identity_stress,16,3,-0.6323666557917853,1.3152261841586106,-1.947592839950396
v2_eval_identity_05,identity_stress,16,4,-0.6323666557917853,-0.5875140046277907,-0.04485265116399462
v2_eval_identity_05,identity_stress,16,5,-0.6323666557917853,0.22288927394372882,-0.8552559297355141
v2_eval_identity_05,identity_stress,16,6,-0.6323666557917853,0.049289023541658275,-0.6816556793334436
v2_eval_identity_05,identity_stress,16,7,-0.6323666557917853,-0.6051080241644581,-0.027258631627327223
v2_eval_identity_05,identity_stress,24,0,0.24049462558029622,0.2052535079467808,0.03524111763351542
v2_eval_identity_05,identity_stress,24,1,0.24049462558029622,0.38392047260065204,-0.14342584702035582
v2_eval_identity_05,identity_stress,24,2,0.24049462558029622,-0.665876300252666,0.9063709258329622
v2_eval_identity_05,identity_stress,24,3,0.24049462558029622,-0.5434878898619651,0.7839825154422613
v2_eval_identity_05,identity_stress,24,4,0.24049462558029622,-0.08761427573958665,0.32810890131988285
v2_eval_identity_05,identity_stress,24,5,0.24049462558029622,0.01584695518410973,0.2246476703961865
v2_eval_identity_05,identity_stress,24,6,0.24049462558029622,-0.472589050352169,0.7130836759324652
v2_eval_identity_05,identity_stress,24,7,0.24049462558029622,-0.3584093396724335,0.5989039652527297
v2_eval_literal_01,literal_stable,8,0,-0.7758262483480894,1.9843778051162286,-2.760204053464318
v2_eval_literal_01,literal_stable,8,1,-0.7758262483480894,-2.311608690284981,1.5357824419368913
v2_eval_literal_01,literal_stable,8,2,-0.7758262483480894,0.6998208807741738,-1.4756471291222633
v2_eval_literal_01,literal_stable,8,3,-0.7758262483480894,-0.11519043630878081,-0.6606358120393087
v2_eval_literal_01,literal_stable,8,4,-0.7758262483480894,1.0432043429989213,-1.8190305913470106
v2_eval_literal_01,literal_stable,8,5,-0.7758262483480894,0.1624778860743737,-0.9383041344224632
v2_eval_literal_01,literal_stable,8,6,-0.7758262483480894,0.8063623404808717,-1.582188588828961
v2_eval_literal_01,literal_stable,8,7,-0.7758262483480894,-0.23941800096357774,-0.5364082473845118
v2_eval_literal_01,literal_stable,16,0,-0.026046379930980783,-0.09881782795436525,0.07277144802338446
v2_eval_literal_01,literal_stable,16,1,-0.026046379930980783,0.06203110376691527,-0.08807748369789606
v2_eval_literal_01,literal_stable,16,2,-0.026046379930980783,0.013120472405798214,-0.039166852336778996
v2_eval_literal_01,literal_stable,16,3,-0.026046379930980783,-0.09157215155285112,0.06552577162187033
v2_eval_literal_01,literal_stable,16,4,-0.026046379930980783,0.14094277385408527,-0.16698915378506604
v2_eval_literal_01,literal_stable,16,5,-0.026046379930980783,0.10003421120406333,-0.1260805911350441
v2_eval_literal_01,literal_stable,16,6,-0.026046379930980783,0.007835960205023,-0.03388234013600378
v2_eval_literal_01,literal_stable,16,7,-0.026046379930980783,0.0029623545376120134,-0.029008734468592798
v2_eval_literal_01,literal_stable,24,0,0.15376289173211366,0.2559607909059641,-0.10219789917385041
v2_eval_literal_01,literal_stable,24,1,0.15376289173211366,0.584493780080597,-0.4307308883484834
v2_eval_literal_01,literal_stable,24,2,0.15376289173211366,0.22080728336930613,-0.06704439163719247
v2_eval_literal_01,literal_stable,24,3,0.15376289173211366,0.5651219375722041,-0.4113590458400904
v2_eval_literal_01,literal_stable,24,4,0.15376289173211366,-0.21145233146108786,0.36521522319320154
v2_eval_literal_01,literal_stable,24,5,0.15376289173211366,0.26491308003058867,-0.111150188298475
v2_eval_literal_01,literal_stable,24,6,0.15376289173211366,-0.19627439683832681,0.3500372885704405
v2_eval_literal_01,literal_stable,24,7,0.15376289173211366,0.2076935008966076,-0.05393060916449394
v2_eval_literal_02,literal_stable,8,0,0.16398682465471381,-0.181990555275106,0.3459773799298198
v2_eval_literal_02,literal_stable,8,1,0.16398682465471381,0.07003442302182011,0.0939524016328937
v2_eval_literal_02,literal_stable,8,2,0.16398682465471381,0.1592584405298721,0.0047283841248417224
v2_eval_literal_02,literal_stable,8,3,0.16398682465471381,0.15085115170552602,0.013135672949187799
v2_eval_literal_02,literal_stable,8,4,0.16398682465471381,0.3317337952284474,-0.1677469705737336
v2_eval_literal_02,literal_stable,8,5,0.16398682465471381,0.10619752540982236,0.05778929924489146
v2_eval_literal_02,literal_stable,8,6,0.16398682465471381,-0.5925609493243533,0.7565477739790671
v2_eval_literal_02,literal_stable,8,7,0.16398682465471381,0.874875949212741,-0.7108891245580272
v2_eval_literal_02,literal_stable,16,0,0.2787042252518385,-1.0398142763390013,1.3185185015908398
v2_eval_literal_02,literal_stable,16,1,0.2787042252518385,-0.6101578845884238,0.8888621098402623
v2_eval_literal_02,literal_stable,16,2,0.2787042252518385,-2.3363368238878235,2.615041049139662
v2_eval_literal_02,literal_stable,16,3,0.2787042252518385,-0.9576642541287624,1.236368479380601
v2_eval_literal_02,literal_stable,16,4,0.2787042252518385,-0.3012999206607769,0.5800041459126154
v2_eval_literal_02,literal_stable,16,5,0.2787042252518385,1.5773594130004125,-1.298655187748574
v2_eval_literal_02,literal_stable,16,6,0.2787042252518385,1.3230505306413018,-1.0443463053894633
v2_eval_literal_02,literal_stable,16,7,0.2787042252518385,0.007634122346882491,0.27107010290495603
v2_eval_literal_02,literal_stable,24,0,-0.03431468329091829,-0.6167347560444092,0.582420072753491
v2_eval_literal_02,literal_stable,24,1,-0.03431468329091829,0.19976746135080653,-0.23408214464172483
v2_eval_literal_02,literal_stable,24,2,-0.03431468329091829,-0.06400848361950905,0.029693800328590758
v2_eval_literal_02,literal_stable,24,3,-0.03431468329091829,-0.41290922432199295,0.37859454103107465
v2_eval_literal_02,literal_stable,24,4,-0.03431468329091829,-0.04234150090758519,0.008026817616666904
v2_eval_literal_02,literal_stable,24,5,-0.03431468329091829,0.09587753289327966,-0.13019221618419796
v2_eval_literal_02,literal_stable,24,6,-0.03431468329091829,-0.015592364445326655,-0.018722318845591633
v2_eval_literal_02,literal_stable,24,7,-0.03431468329091829,0.4713748315797862,-0.5056895148707045
v2_eval_literal_03,literal_stable,8,0,0.21462245533002933,-0.0774972868486313,0.29211974217866066
v2_eval_literal_03,literal_stable,8,1,0.21462245533002933,0.09994965858070075,0.11467279674932858
v2_eval_literal_03,literal_stable,8,2,0.21462245533002933,-0.12856443570785678,0.34318689103788613
v2_eval_literal_03,literal_stable,8,3,0.21462245533002933,-0.11976619153877334,0.33438864686880265
v2_eval_literal_03,literal_stable,8,4,0.21462245533002933,-0.007128692703385501,0.22175114803341484
v2_eval_literal_03,literal_stable,8,5,0.21462245533002933,0.09338344485946339,0.12123901047056594
v2_eval_literal_03,literal_stable,8,6,0.21462245533002933,-0.11293100099997912,0.32755345633000843
v2_eval_literal_03,literal_stable,8,7,0.21462245533002933,-0.03366346820489038,0.2482859235349197
v2_eval_literal_03,literal_stable,16,0,-0.17011339565798084,0.08883227632100259,-0.25894567197898344
v2_eval_literal_03,literal_stable,16,1,-0.17011339565798084,-0.4179726039884396,0.24785920833045877
v2_eval_literal_03,literal_stable,16,2,-0.17011339565798084,0.18192515350721583,-0.35203854916519667
v2_eval_literal_03,literal_stable,16,3,-0.17011339565798084,-0.10801451544606894,-0.0620988802119119
v2_eval_literal_03,literal_stable,16,4,-0.17011339565798084,0.028908980242483666,-0.1990223759004645
v2_eval_literal_03,literal_stable,16,5,-0.17011339565798084,-0.17760465253115312,0.007491256873172286
v2_eval_literal_03,literal_stable,16,6,-0.17011339565798084,-0.11940588501331766,-0.05070751064466318
v2_eval_literal_03,literal_stable,16,7,-0.17011339565798084,-0.027809479940423272,-0.14230391571755757
v2_eval_literal_03,literal_stable,24,0,-0.007886022776387693,-0.01877350077204266,0.010887477995654968
v2_eval_literal_03,literal_stable,24,1,-0.007886022776387693,-0.009614130926095078,0.0017281081497073844
v2_eval_literal_03,literal_stable,24,2,-0.007886022776387693,0.002644479580170799,-0.010530502356558492
v2_eval_literal_03,literal_stable,24,3,-0.007886022776387693,-0.03273979032930389,0.024853767552916194
v2_eval_literal_03,literal_stable,24,4,-0.007886022776387693,0.004930276583984377,-0.01281629936037207
v2_eval_literal_03,literal_stable,24,5,-0.007886022776387693,-0.3012750807550536,0.29338905797866593
v2_eval_literal_03,literal_stable,24,6,-0.007886022776387693,-0.020705000446241684,0.01281897766985399
v2_eval_literal_03,literal_stable,24,7,-0.007886022776387693,-0.022215233701063295,0.014329210924675602
v2_eval_literal_04,literal_stable,8,0,0.07589627020919243,0.2640399306181272,-0.18814366040893477
v2_eval_literal_04,literal_stable,8,1,0.07589627020919243,-0.052365828643000135,0.12826209885219256
v2_eval_literal_04,literal_stable,8,2,0.07589627020919243,0.639620148075812,-0.5637238778666196
v2_eval_literal_04,literal_stable,8,3,0.07589627020919243,-0.3658861033516592,0.44178237356085165
v2_eval_literal_04,literal_stable,8,4,0.07589627020919243,-0.2630965688402479,0.33899283904944033
v2_eval_literal_04,literal_stable,8,5,0.07589627020919243,-0.3742320794159969,0.45012834962518933
v2_eval_literal_04,literal_stable,8,6,0.07589627020919243,-0.2173403225060773,0.2932365927152697
v2_eval_literal_04,literal_stable,8,7,0.07589627020919243,-0.1693177590026759,0.24521402921186833
v2_eval_literal_04,literal_stable,16,0,-0.08782388154664914,-0.16566089680057416,0.07783701525392503
v2_eval_literal_04,literal_stable,16,1,-0.08782388154664914,0.025967712058396215,-0.11379159360504534
v2_eval_literal_04,literal_stable,16,2,-0.08782388154664914,0.09100545356023322,-0.17882933510688237
v2_eval_literal_04,literal_stable,16,3,-0.08782388154664914,0.13541834944386585,-0.223242230990515
v2_eval_literal_04,literal_stable,16,4,-0.08782388154664914,-0.026323374302736267,-0.06150050724391287
v2_eval_literal_04,literal_stable,16,5,-0.08782388154664914,0.002261240694050484,-0.09008512224069962
v2_eval_literal_04,literal_stable,16,6,-0.08782388154664914,0.04641690511115961,-0.13424078665780875
v2_eval_literal_04,literal_stable,16,7,-0.08782388154664914,0.16254174604353688,-0.250365627590186
v2_eval_literal_04,literal_stable,24,0,0.22747771448881404,1.0454008889119752,-0.8179231744231612
v2_eval_literal_04,literal_stable,24,1,0.22747771448881404,-0.48886044239015786,0.716338156878972
v2_eval_literal_04,literal_stable,24,2,0.22747771448881404,-0.7513046851377626,0.9787823996265766
v2_eval_literal_04,literal_stable,24,3,0.22747771448881404,0.3160294541748886,-0.08855173968607455
v2_eval_literal_04,literal_stable,24,4,0.22747771448881404,0.46022124736751246,-0.23274353287869842
v2_eval_literal_04,literal_stable,24,5,0.22747771448881404,0.07970925000466471,0.14776846448414932
v2_eval_literal_04,literal_stable,24,6,0.22747771448881404,-0.08234184461955979,0.30981955910837383
v2_eval_literal_04,literal_stable,24,7,0.22747771448881404,0.6148693836939829,-0.3873916692051689
v2_eval_literal_05,literal_stable,8,0,0.17421928737403072,-0.12446817555498937,0.2986874629290201
v2_eval_literal_05,literal_stable,8,1,0.17421928737403072,0.10840953965020936,0.06580974772382137
v2_eval_literal_05,literal_stable,8,2,0.17421928737403072,-0.12190267408833966,0.29612196146237035
v2_eval_literal_05,literal_stable,8,3,0.17421928737403072,-0.43764617906298786,0.6118654664370186
v2_eval_literal_05,literal_stable,8,4,0.17421928737403072,-0.4071041503734461,0.5813234377474769
v2_eval_literal_05,literal_stable,8,5,0.17421928737403072,0.36958725401880177,-0.19536796664477105
v2_eval_literal_05,literal_stable,8,6,0.17421928737403072,0.14265233537099134,0.031566952003039384
v2_eval_literal_05,literal_stable,8,7,0.17421928737403072,0.15708017820731038,0.017139109166720345
v2_eval_literal_05,literal_stable,16,0,0.2818712628074057,-0.3013845625937988,0.5832558254012046
v2_eval_literal_05,literal_stable,16,1,0.2818712628074057,-0.5722935806842085,0.8541648434916143
v2_eval_literal_05,literal_stable,16,2,0.2818712628074057,-0.2559748113140905,0.5378460741214962
v2_eval_literal_05,literal_stable,16,3,0.2818712628074057,0.16644082053418124,0.11543044227322447
v2_eval_literal_05,literal_stable,16,4,0.2818712628074057,0.40836339676924843,-0.12649213396184272
v2_eval_literal_05,literal_stable,16,5,0.2818712628074057,0.3751173040503664,-0.09324604124296071
v2_eval_literal_05,literal_stable,16,6,0.2818712628074057,0.39510489963036494,-0.11323363682295923
v2_eval_literal_05,literal_stable,16,7,0.2818712628074057,-0.17851554664679134,0.4603868094541971
v2_eval_literal_05,literal_stable,24,0,-0.0026233210092906725,0.22824188489415423,-0.2308652059034449
v2_eval_literal_05,literal_stable,24,1,-0.0026233210092906725,0.4087074155517138,-0.4113307365610045
v2_eval_literal_05,literal_stable,24,2,-0.0026233210092906725,0.024530572957213996,-0.02715389396650467
v2_eval_literal_05,literal_stable,24,3,-0.0026233210092906725,0.02774146874156578,-0.030364789750856453
v2_eval_literal_05,literal_stable,24,4,-0.0026233210092906725,-0.9371902481918201,0.9345669271825294
v2_eval_literal_05,literal_stable,24,5,-0.0026233210092906725,-0.1844366158648554,0.18181329485556474
v2_eval_literal_05,literal_stable,24,6,-0.0026233210092906725,0.3991182064923532,-0.4017415275016439
v2_eval_literal_05,literal_stable,24,7,-0.0026233210092906725,-0.31037744416145974,0.30775412315216905
v2_eval_metaphor_01,metaphor_shift,8,0,0.09619836498280117,-0.045019808131922356,0.1412181731147235
v2_eval_metaphor_01,metaphor_shift,8,1,0.09619836498280117,-0.1803877907413805,0.27658615572418166
v2_eval_metaphor_01,metaphor_shift,8,2,0.09619836498280117,0.09198652871590357,0.004211836266897598
v2_eval_metaphor_01,metaphor_shift,8,3,0.09619836498280117,0.23365068737199057,-0.13745232238918942
v2_eval_metaphor_01,metaphor_shift,8,4,0.09619836498280117,0.04510665615513398,0.05109170882766719
v2_eval_metaphor_01,metaphor_shift,8,5,0.09619836498280117,-0.08879927505378896,0.18499764003659014
v2_eval_metaphor_01,metaphor_shift,8,6,0.09619836498280117,-0.08707064401356693,0.1832690089963681
v2_eval_metaphor_01,metaphor_shift,8,7,0.09619836498280117,0.08941904447588572,0.0067793205069154455
v2_eval_metaphor_01,metaphor_shift,16,0,-0.3794244955803149,0.6871390354051582,-1.066563530985473
v2_eval_metaphor_01,metaphor_shift,16,1,-0.3794244955803149,0.06502768080055094,-0.4444521763808658
v2_eval_metaphor_01,metaphor_shift,16,2,-0.3794244955803149,0.20558362788600806,-0.5850081234663229
v2_eval_metaphor_01,metaphor_shift,16,3,-0.3794244955803149,0.1650862896870738,-0.5445107852673887
v2_eval_metaphor_01,metaphor_shift,16,4,-0.3794244955803149,0.26658080514789345,-0.6460053007282083
v2_eval_metaphor_01,metaphor_shift,16,5,-0.3794244955803149,1.113024865907509,-1.4924493614878238
v2_eval_metaphor_01,metaphor_shift,16,6,-0.3794244955803149,-0.5746958144818008,0.19527131890148597
v2_eval_metaphor_01,metaphor_shift,16,7,-0.3794244955803149,-0.046772215783359376,-0.3326522797969555
v2_eval_metaphor_01,metaphor_shift,24,0,-0.008469632596666358,0.3867341046471311,-0.3952037372437974
v2_eval_metaphor_01,metaphor_shift,24,1,-0.008469632596666358,0.390963356550857,-0.39943298914752334
v2_eval_metaphor_01,metaphor_shift,24,2,-0.008469632596666358,0.05200699823053258,-0.06047663082719894
v2_eval_metaphor_01,metaphor_shift,24,3,-0.008469632596666358,-0.7586154820387465,0.7501458494420802
v2_eval_metaphor_01,metaphor_shift,24,4,-0.008469632596666358,0.8487951145215531,-0.8572647471182194
v2_eval_metaphor_01,metaphor_shift,24,5,-0.008469632596666358,0.0439071695686997,-0.05237680216536606
v2_eval_metaphor_01,metaphor_shift,24,6,-0.008469632596666358,-0.6011940711876708,0.5927244385910044
v2_eval_metaphor_01,metaphor_shift,24,7,-0.008469632596666358,0.18756623106284023,-0.1960358636595066
v2_eval_metaphor_02,metaphor_shift,8,0,-0.2677420093580465,-1.1856751123897609,0.9179331030317144
v2_eval_metaphor_02,metaphor_shift,8,1,-0.2677420093580465,-0.686591479948638,0.4188494705905915
v2_eval_metaphor_02,metaphor_shift,8,2,-0.2677420093580465,0.022387871478560414,-0.2901298808366069
v2_eval_metaphor_02,metaphor_shift,8,3,-0.2677420093580465,-0.7327225810949797,0.4649805717369332
v2_eval_metaphor_02,metaphor_shift,8,4,-0.2677420093580465,-1.2319792072943545,0.964237197936308
v2_eval_metaphor_02,metaphor_shift,8,5,-0.2677420093580465,1.039844327419587,-1.3075863367776335
v2_eval_metaphor_02,metaphor_shift,8,6,-0.2677420093580465,1.2233034568010244,-1.4910454661590709
v2_eval_metaphor_02,metaphor_shift,8,7,-0.2677420093580465,0.528658043732141,-0.7964000530901875
v2_eval_metaphor_02,metaphor_shift,16,0,-1.2045320717534642,0.09859638382479965,-1.3031284555782638
v2_eval_metaphor_02,metaphor_shift,16,1,-1.2045320717534642,-0.5934153513022896,-0.6111167204511746
v2_eval_metaphor_02,metaphor_shift,16,2,-1.2045320717534642,0.5883580193101298,-1.7928900910635939
v2_eval_metaphor_02,metaphor_shift,16,3,-1.2045320717534642,-0.04878890789338525,-1.155743163860079
v2_eval_metaphor_02,metaphor_shift,16,4,-1.2045320717534642,0.011498133867175533,-1.2160302056206398
v2_eval_metaphor_02,metaphor_shift,16,5,-1.2045320717534642,0.1444618260716522,-1.3489938978251164
v2_eval_metaphor_02,metaphor_shift,16,6,-1.2045320717534642,0.30113346862205503,-1.5056655403755193
v2_eval_metaphor_02,metaphor_shift,16,7,-1.2045320717534642,0.3210940304679617,-1.525626102221426
v2_eval_metaphor_02,metaphor_shift,24,0,0.25036786589875315,-0.019665101819258877,0.27003296771801205
v2_eval_metaphor_02,metaphor_shift,24,1,0.25036786589875315,0.2454008315421385,0.0049670343566146635
v2_eval_metaphor_02,metaphor_shift,24,2,0.25036786589875315,0.10076499251910659,0.14960287337964656
v2_eval_metaphor_02,metaphor_shift,24,3,0.25036786589875315,-0.013974227864769958,0.26434209376352313
v2_eval_metaphor_02,metaphor_shift,24,4,0.25036786589875315,-0.22552232038332032,0.47589018628207347
v2_eval_metaphor_02,metaphor_shift,24,5,0.25036786589875315,-0.04720402104195338,0.2975718869407065
v2_eval_metaphor_02,metaphor_shift,24,6,0.25036786589875315,-0.11275511408480622,0.36312297998355936
v2_eval_metaphor_02,metaphor_shift,24,7,0.25036786589875315,-0.021744608805892626,0.2721124747046458
v2_eval_metaphor_03,metaphor_shift,8,0,-0.0253163391923687,0.32604848379978624,-0.35136482299215493
v2_eval_metaphor_03,metaphor_shift,8,1,-0.0253163391923687,-0.6472392860692773,0.6219229468769085
v2_eval_metaphor_03,metaphor_shift,8,2,-0.0253163391923687,-0.4362303345781589,0.4109139953857902
v2_eval_metaphor_03,metaphor_shift,8,3,-0.0253163391923687,-0.016389847999666547,-0.008926491192702155
v2_eval_metaphor_03,metaphor_shift,8,4,-0.0253163391923687,0.2422507767523211,-0.2675671159446898
v2_eval_metaphor_03,metaphor_shift,8,5,-0.0253163391923687,-0.1508280499777849,0.1255117107854162
v2_eval_metaphor_03,metaphor_shift,8,6,-0.0253163391923687,-0.22564312405891737,0.20032678486654867
v2_eval_metaphor_03,metaphor_shift,8,7,-0.0253163391923687,0.3845205367554795,-0.4098368759478482
v2_eval_metaphor_03,metaphor_shift,16,0,-0.9495464665394958,-0.3466351250360501,-0.6029113415034457
v2_eval_metaphor_03,metaphor_shift,16,1,-0.9495464665394958,-0.5729875914342293,-0.37655887510526653
v2_eval_metaphor_03,metaphor_shift,16,2,-0.9495464665394958,-0.20746743826353237,-0.7420790282759635
v2_eval_metaphor_03,metaphor_shift,16,3,-0.9495464665394958,-0.3620517217523811,-0.5874947447871147
v2_eval_metaphor_03,metaphor_shift,16,4,-0.9495464665394958,0.1037277176608151,-1.0532741842003108
v2_eval_metaphor_03,metaphor_shift,16,5,-0.9495464665394958,-0.4054117865166721,-0.5441346800228237
v2_eval_metaphor_03,metaphor_shift,16,6,-0.9495464665394958,-0.5961710844956927,-0.35337538204380314
v2_eval_metaphor_03,metaphor_shift,16,7,-0.9495464665394958,0.5494913576261253,-1.499037824165621
v2_eval_metaphor_03,metaphor_shift,24,0,-0.04483235901671194,0.08346829838200706,-0.128300657398719
v2_eval_metaphor_03,metaphor_shift,24,1,-0.04483235901671194,0.10478346635279054,-0.14961582536950246
v2_eval_metaphor_03,metaphor_shift,24,2,-0.04483235901671194,-0.306410329582553,0.26157797056584103
v2_eval_metaphor_03,metaphor_shift,24,3,-0.04483235901671194,-0.3554453973601101,0.31061303834339815
v2_eval_metaphor_03,metaphor_shift,24,4,-0.04483235901671194,-0.14607242510737165,0.1012400660906597
v2_eval_metaphor_03,metaphor_shift,24,5,-0.04483235901671194,-0.38199531801013464,0.3371629589934227
v2_eval_metaphor_03,metaphor_shift,24,6,-0.04483235901671194,-0.28858148480915297,0.243749125792441
v2_eval_metaphor_03,metaphor_shift,24,7,-0.04483235901671194,-0.5613271132477957,0.5164947542310838
v2_eval_metaphor_04,metaphor_shift,8,0,1.2706188696488323,-0.11271529506921868,1.383334164718051
v2_eval_metaphor_04,metaphor_shift,8,1,1.2706188696488323,-0.5825202380284739,1.8531391076773063
v2_eval_metaphor_04,metaphor_shift,8,2,1.2706188696488323,0.16590886047005426,1.104710009178778
v2_eval_metaphor_04,metaphor_shift,8,3,1.2706188696488323,-0.08577360449885282,1.3563924741476852
v2_eval_metaphor_04,metaphor_shift,8,4,1.2706188696488323,-0.7374619031503438,2.0080807727991763
v2_eval_metaphor_04,metaphor_shift,8,5,1.2706188696488323,-0.5186975168351493,1.7893163864839816
v2_eval_metaphor_04,metaphor_shift,8,6,1.2706188696488323,-1.326699770300065,2.597318639948897
v2_eval_metaphor_04,metaphor_shift,8,7,1.2706188696488323,0.4260491306670592,0.8445697389817731
v2_eval_metaphor_04,metaphor_shift,16,0,0.7374662012899965,0.04314251559282092,0.6943236856971756
v2_eval_metaphor_04,metaphor_shift,16,1,0.7374662012899965,-0.572746285520911,1.3102124868109075
v2_eval_metaphor_04,metaphor_shift,16,2,0.7374662012899965,0.24204293281583422,0.4954232684741623
v2_eval_metaphor_04,metaphor_shift,16,3,0.7374662012899965,-0.11169005073361134,0.8491562520236079
v2_eval_metaphor_04,metaphor_shift,16,4,0.7374662012899965,-0.06623848705245498,0.8037046883424515
v2_eval_metaphor_04,metaphor_shift,16,5,0.7374662012899965,-0.35993919789552953,1.0974053991855262
v2_eval_metaphor_04,metaphor_shift,16,6,0.7374662012899965,-0.02627297802184054,0.7637391793118371
v2_eval_metaphor_04,metaphor_shift,16,7,0.7374662012899965,0.31491455251322503,0.4225516487767715
v2_eval_metaphor_04,metaphor_shift,24,0,0.08613747780426484,0.3836808847702151,-0.2975434069659503
v2_eval_metaphor_04,metaphor_shift,24,1,0.08613747780426484,-0.10634094118392211,0.19247841898818696
v2_eval_metaphor_04,metaphor_shift,24,2,0.08613747780426484,-0.15195240824223383,0.23808988604649867
v2_eval_metaphor_04,metaphor_shift,24,3,0.08613747780426484,0.33328848437677533,-0.2471510065725105
v2_eval_metaphor_04,metaphor_shift,24,4,0.08613747780426484,0.18851178269446628,-0.10237430489020144
v2_eval_metaphor_04,metaphor_shift,24,5,0.08613747780426484,-0.3654483974752122,0.451585875279477
v2_eval_metaphor_04,metaphor_shift,24,6,0.08613747780426484,0.0975941218472967,-0.011456644043031858
v2_eval_metaphor_04,metaphor_shift,24,7,0.08613747780426484,0.08716668324124537,-0.0010292054369805265
v2_eval_metaphor_05,metaphor_shift,8,0,0.19281701848269894,0.21591169901957333,-0.023094680536874385
v2_eval_metaphor_05,metaphor_shift,8,1,0.19281701848269894,-0.924519076490909,1.117336094973608
v2_eval_metaphor_05,metaphor_shift,8,2,0.19281701848269894,0.0023627947528620467,0.1904542237298369
v2_eval_metaphor_05,metaphor_shift,8,3,0.19281701848269894,-0.29829296449246573,0.49110998297516467
v2_eval_metaphor_05,metaphor_shift,8,4,0.19281701848269894,-0.9622916215987841,1.1551086400814832
v2_eval_metaphor_05,metaphor_shift,8,5,0.19281701848269894,0.32778587611131876,-0.13496885762861982
v2_eval_metaphor_05,metaphor_shift,8,6,0.19281701848269894,-0.25521910840536827,0.4480361268880672
v2_eval_metaphor_05,metaphor_shift,8,7,0.19281701848269894,0.26639365924698055,-0.07357664076428161
v2_eval_metaphor_05,metaphor_shift,16,0,-0.2284927901899756,0.6377573562381028,-0.8662501464280784
v2_eval_metaphor_05,metaphor_shift,16,1,-0.2284927901899756,-0.08181333929294153,-0.14667945089703405
v2_eval_metaphor_05,metaphor_shift,16,2,-0.2284927901899756,-0.006017059153308645,-0.22247573103666696
v2_eval_metaphor_05,metaphor_shift,16,3,-0.2284927901899756,0.2745986112223645,-0.5030914014123401
v2_eval_metaphor_05,metaphor_shift,16,4,-0.2284927901899756,-1.5293820807238638,1.3008892905338882
v2_eval_metaphor_05,metaphor_shift,16,5,-0.2284927901899756,-0.9751366427827522,0.7466438525927767
v2_eval_metaphor_05,metaphor_shift,16,6,-0.2284927901899756,0.15644088627443256,-0.3849336764644081
v2_eval_metaphor_05,metaphor_shift,16,7,-0.2284927901899756,0.012596767571330875,-0.24108955776130647
v2_eval_metaphor_05,metaphor_shift,24,0,-0.11253028774987277,-0.5565819766054952,0.44405168885562246
v2_eval_metaphor_05,metaphor_shift,24,1,-0.11253028774987277,-0.1762219327947862,0.06369164504491344
v2_eval_metaphor_05,metaphor_shift,24,2,-0.11253028774987277,-0.48464899898704467,0.3721187112371719
v2_eval_metaphor_05,metaphor_shift,24,3,-0.11253028774987277,0.08418218408842547,-0.19671247183829824
v2_eval_metaphor_05,metaphor_shift,24,4,-0.11253028774987277,-0.10131062753131778,-0.011219660218554986
v2_eval_metaphor_05,metaphor_shift,24,5,-0.11253028774987277,-0.2624410093862474,0.14991072163637464
v2_eval_metaphor_05,metaphor_shift,24,6,-0.11253028774987277,-0.14514179371738306,0.03261150596751029
v2_eval_metaphor_05,metaphor_shift,24,7,-0.11253028774987277,-0.1841941936984651,0.07166390594859233
v2_eval_ontology_01,ontology_collapse,8,0,-0.31236863079380617,-2.0430108142158447,1.7306421834220385
v2_eval_ontology_01,ontology_collapse,8,1,-0.31236863079380617,1.795931940006568,-2.1083005708003744
v2_eval_ontology_01,ontology_collapse,8,2,-0.31236863079380617,-0.7677341646793184,0.45536553388551226
v2_eval_ontology_01,ontology_collapse,8,3,-0.31236863079380617,0.46223592564042193,-0.7746045564342281
v2_eval_ontology_01,ontology_collapse,8,4,-0.31236863079380617,2.2110496499064194,-2.5234182807002257
v2_eval_ontology_01,ontology_collapse,8,5,-0.31236863079380617,-2.060507422818046,1.74813879202424
v2_eval_ontology_01,ontology_collapse,8,6,-0.31236863079380617,0.3421923877965799,-0.6545610185903861
v2_eval_ontology_01,ontology_collapse,8,7,-0.31236863079380617,-0.965329892164223,0.6529612613704169
v2_eval_ontology_01,ontology_collapse,16,0,-0.12620765231844594,0.7613266393567487,-0.8875342916751947
v2_eval_ontology_01,ontology_collapse,16,1,-0.12620765231844594,-0.6197059638503165,0.49349831153187057
v2_eval_ontology_01,ontology_collapse,16,2,-0.12620765231844594,0.2818238019464256,-0.40803145426487153
v2_eval_ontology_01,ontology_collapse,16,3,-0.12620765231844594,-0.03130377641523518,-0.09490387590321075
v2_eval_ontology_01,ontology_collapse,16,4,-0.12620765231844594,0.38186737910015045,-0.5080750314185964
v2_eval_ontology_01,ontology_collapse,16,5,-0.12620765231844594,-0.9926622388376503,0.8664545865192044
v2_eval_ontology_01,ontology_collapse,16,6,-0.12620765231844594,0.06789201713411737,-0.1940996694525633
v2_eval_ontology_01,ontology_collapse,16,7,-0.12620765231844594,0.29973207990835654,-0.4259397322268025
v2_eval_ontology_01,ontology_collapse,24,0,-0.5217429492803105,-0.27431685492074176,-0.24742609435956875
v2_eval_ontology_01,ontology_collapse,24,1,-0.5217429492803105,0.5041765970126286,-1.0259195462929391
v2_eval_ontology_01,ontology_collapse,24,2,-0.5217429492803105,-1.041085784300546,0.5193428350202356
v2_eval_ontology_01,ontology_collapse,24,3,-0.5217429492803105,-1.0841672208960063,0.5624242716156957
v2_eval_ontology_01,ontology_collapse,24,4,-0.5217429492803105,0.5841874343023289,-1.1059303835826393
v2_eval_ontology_01,ontology_collapse,24,5,-0.5217429492803105,-0.6114522248224026,0.08970927554209207
v2_eval_ontology_01,ontology_collapse,24,6,-0.5217429492803105,-0.06432868289263502,-0.45741426638767546
v2_eval_ontology_01,ontology_collapse,24,7,-0.5217429492803105,1.1979495255247938,-1.7196924748051043
v2_eval_ontology_02,ontology_collapse,8,0,-0.6578053299624165,-0.054489525090202405,-0.603315804872214
v2_eval_ontology_02,ontology_collapse,8,1,-0.6578053299624165,0.45599569088636555,-1.113801020848782
v2_eval_ontology_02,ontology_collapse,8,2,-0.6578053299624165,0.1338140149536151,-0.7916193449160316
v2_eval_ontology_02,ontology_collapse,8,3,-0.6578053299624165,-0.07948320729021707,-0.5783221226721994
v2_eval_ontology_02,ontology_collapse,8,4,-0.6578053299624165,1.2095588377606925,-1.867364167723109
v2_eval_ontology_02,ontology_collapse,8,5,-0.6578053299624165,0.04442728044821143,-0.7022326104106279
v2_eval_ontology_02,ontology_collapse,8,6,-0.6578053299624165,1.6639933847895227,-2.321798714751939
v2_eval_ontology_02,ontology_collapse,8,7,-0.6578053299624165,-0.9247294826904509,0.2669241527280344
v2_eval_ontology_02,ontology_collapse,16,0,0.6301050554223628,-0.044169047015880585,0.6742741024382434
v2_eval_ontology_02,ontology_collapse,16,1,0.6301050554223628,0.6297391661834573,0.0003658892389055701
v2_eval_ontology_02,ontology_collapse,16,2,0.6301050554223628,-0.7216481794583869,1.3517532348807497
v2_eval_ontology_02,ontology_collapse,16,3,0.6301050554223628,-1.3177596057221348,1.9478646611444976
v2_eval_ontology_02,ontology_collapse,16,4,0.6301050554223628,0.2292142215380728,0.40089083388429003
v2_eval_ontology_02,ontology_collapse,16,5,0.6301050554223628,-0.5173584966858259,1.1474635521081886
v2_eval_ontology_02,ontology_collapse,16,6,0.6301050554223628,-0.36523861849360084,0.9953436739159637
v2_eval_ontology_02,ontology_collapse,16,7,0.6301050554223628,0.787545009919148,-0.15743995449678516
v2_eval_ontology_02,ontology_collapse,24,0,0.08084828658707417,-0.7013300088652773,0.7821782954523515
v2_eval_ontology_02,ontology_collapse,24,1,0.08084828658707417,0.42380689148145106,-0.3429586048943769
v2_eval_ontology_02,ontology_collapse,24,2,0.08084828658707417,0.5661553388531326,-0.48530705226605847
v2_eval_ontology_02,ontology_collapse,24,3,0.08084828658707417,-0.13410599306705318,0.21495427965412733
v2_eval_ontology_02,ontology_collapse,24,4,0.08084828658707417,-0.4868688290776057,0.5677171156646799
v2_eval_ontology_02,ontology_collapse,24,5,0.08084828658707417,0.04673179311434626,0.03411649347272791
v2_eval_ontology_02,ontology_collapse,24,6,0.08084828658707417,0.29037424139489026,-0.2095259548078161
v2_eval_ontology_02,ontology_collapse,24,7,0.08084828658707417,-0.13369650643827363,0.2145447930253478
v2_eval_ontology_03,ontology_collapse,8,0,0.5226516508323855,-0.5364418593781511,1.0590935102105368
v2_eval_ontology_03,ontology_collapse,8,1,0.5226516508323855,-0.35288070300493873,0.8755323538373243
v2_eval_ontology_03,ontology_collapse,8,2,0.5226516508323855,-0.2106615058952308,0.7333131567276163
v2_eval_ontology_03,ontology_collapse,8,3,0.5226516508323855,-1.762367801307666,2.2850194521400518
v2_eval_ontology_03,ontology_collapse,8,4,0.5226516508323855,-1.3110318544348594,1.8336835052672449
v2_eval_ontology_03,ontology_collapse,8,5,0.5226516508323855,-0.1591809327043179,0.6818325835367034
v2_eval_ontology_03,ontology_collapse,8,6,0.5226516508323855,-0.5671557160496358,1.0898073668820212
v2_eval_ontology_03,ontology_collapse,8,7,0.5226516508323855,0.9255534494196579,-0.4029017985872724
v2_eval_ontology_03,ontology_collapse,16,0,-0.19144051566073694,-0.003922306077112937,-0.187518209583624
v2_eval_ontology_03,ontology_collapse,16,1,-0.19144051566073694,0.02667174903908176,-0.2181122646998187
v2_eval_ontology_03,ontology_collapse,16,2,-0.19144051566073694,-0.12122401691354819,-0.07021649874718876
v2_eval_ontology_03,ontology_collapse,16,3,-0.19144051566073694,-0.10958842120401241,-0.08185209445672453
v2_eval_ontology_03,ontology_collapse,16,4,-0.19144051566073694,-0.07524480671383078,-0.11619570894690616
v2_eval_ontology_03,ontology_collapse,16,5,-0.19144051566073694,-0.1651411008738616,-0.026299414786875336
v2_eval_ontology_03,ontology_collapse,16,6,-0.19144051566073694,-0.26714549622578854,0.0757049805650516
v2_eval_ontology_03,ontology_collapse,16,7,-0.19144051566073694,0.6877153913031469,-0.8791559069638838
v2_eval_ontology_03,ontology_collapse,24,0,0.2895981732256389,-0.29269236308583196,0.5822905363114709
v2_eval_ontology_03,ontology_collapse,24,1,0.2895981732256389,0.4261561500468942,-0.1365579768212553
v2_eval_ontology_03,ontology_collapse,24,2,0.2895981732256389,-0.11752291316435455,0.40712108638999345
v2_eval_ontology_03,ontology_collapse,24,3,0.2895981732256389,-1.1283291358506766,1.4179273090763156
v2_eval_ontology_03,ontology_collapse,24,4,0.2895981732256389,0.8562903117333976,-0.5666921385077588
v2_eval_ontology_03,ontology_collapse,24,5,0.2895981732256389,1.1930300113456405,-0.9034318381200015
v2_eval_ontology_03,ontology_collapse,24,6,0.2895981732256389,0.6644494397207078,-0.3748512664950689
v2_eval_ontology_03,ontology_collapse,24,7,0.2895981732256389,1.9494862740876233,-1.6598881008619844
v2_eval_ontology_04,ontology_collapse,8,0,0.759203786016818,-0.30509030226182265,1.0642940882786407
v2_eval_ontology_04,ontology_collapse,8,1,0.759203786016818,0.34345174603669193,0.4157520399801261
v2_eval_ontology_04,ontology_collapse,8,2,0.759203786016818,0.8794811873780272,-0.12027740136120912
v2_eval_ontology_04,ontology_collapse,8,3,0.759203786016818,-0.2805141629183151,1.0397179489351331
v2_eval_ontology_04,ontology_collapse,8,4,0.759203786016818,0.2318511872751103,0.5273525987417077
v2_eval_ontology_04,ontology_collapse,8,5,0.759203786016818,-0.38281972586490487,1.1420235118817228
v2_eval_ontology_04,ontology_collapse,8,6,0.759203786016818,0.32828975354914697,0.43091403246767107
v2_eval_ontology_04,ontology_collapse,8,7,0.759203786016818,0.5006000384937268,0.25860374752309123
v2_eval_ontology_04,ontology_collapse,16,0,0.2862449354088434,-0.052602410661827595,0.33884734607067096
v2_eval_ontology_04,ontology_collapse,16,1,0.2862449354088434,0.35007487212530597,-0.06382993671646259
v2_eval_ontology_04,ontology_collapse,16,2,0.2862449354088434,-0.22771589587748867,0.5139608312863321
v2_eval_ontology_04,ontology_collapse,16,3,0.2862449354088434,-0.15724393703225456,0.4434888724410979
v2_eval_ontology_04,ontology_collapse,16,4,0.2862449354088434,-0.30479969689633346,0.5910446323051768
v2_eval_ontology_04,ontology_collapse,16,5,0.2862449354088434,0.42907845892921026,-0.14283352352036688
v2_eval_ontology_04,ontology_collapse,16,6,0.2862449354088434,-0.5045377371279349,0.7907826725367784
v2_eval_ontology_04,ontology_collapse,16,7,0.2862449354088434,-0.1424840227189382,0.42872895812778156
v2_eval_ontology_04,ontology_collapse,24,0,-0.5473420163196695,-0.6439239084659532,0.09658189214628365
v2_eval_ontology_04,ontology_collapse,24,1,-0.5473420163196695,-0.40985008699908576,-0.13749192932058374
v2_eval_ontology_04,ontology_collapse,24,2,-0.5473420163196695,-0.041626656969059796,-0.5057153593506097
v2_eval_ontology_04,ontology_collapse,24,3,-0.5473420163196695,0.173209260327426,-0.7205512766470955
v2_eval_ontology_04,ontology_collapse,24,4,-0.5473420163196695,-0.8014422810584508,0.25410026473878133
v2_eval_ontology_04,ontology_collapse,24,5,-0.5473420163196695,-0.29798045623433095,-0.24936156008533855
v2_eval_ontology_04,ontology_collapse,24,6,-0.5473420163196695,-0.1404436065563608,-0.4068984097633087
v2_eval_ontology_04,ontology_collapse,24,7,-0.5473420163196695,-0.005939797730621065,-0.5414022185890485
v2_eval_ontology_05,ontology_collapse,8,0,-0.3137110213208998,0.09940923667345405,-0.4131202579943538
v2_eval_ontology_05,ontology_collapse,8,1,-0.3137110213208998,0.6032078495986793,-0.9169188709195791
v2_eval_ontology_05,ontology_collapse,8,2,-0.3137110213208998,-0.4637415931047753,0.15003057178387552
v2_eval_ontology_05,ontology_collapse,8,3,-0.3137110213208998,-0.3080913323828359,-0.00561968893806386
v2_eval_ontology_05,ontology_collapse,8,4,-0.3137110213208998,-0.4937458227306755,0.18003480140977574
v2_eval_ontology_05,ontology_collapse,8,5,-0.3137110213208998,0.09437829037383408,-0.40808931169473384
v2_eval_ontology_05,ontology_collapse,8,6,-0.3137110213208998,-0.46795230927388537,0.15424128795298558
v2_eval_ontology_05,ontology_collapse,8,7,-0.3137110213208998,-0.18009519866402543,-0.13361582265687436
v2_eval_ontology_05,ontology_collapse,16,0,-0.26755977581772294,0.4078573501224926,-0.6754171259402155
v2_eval_ontology_05,ontology_collapse,16,1,-0.26755977581772294,0.19716790683271293,-0.46472768265043585
v2_eval_ontology_05,ontology_collapse,16,2,-0.26755977581772294,0.30490488701992935,-0.5724646628376523
v2_eval_ontology_05,ontology_collapse,16,3,-0.26755977581772294,-1.2364774332499653,0.9689176574322423
v2_eval_ontology_05,ontology_collapse,16,4,-0.26755977581772294,-0.08188797083143738,-0.18567180498628555
v2_eval_ontology_05,ontology_collapse,16,5,-0.26755977581772294,-0.6137889833030792,0.34622920748535624
v2_eval_ontology_05,ontology_collapse,16,6,-0.26755977581772294,-0.49128216294535115,0.2237223871276282
v2_eval_ontology_05,ontology_collapse,16,7,-0.26755977581772294,-1.2953704088091111,1.0278106329913883
v2_eval_ontology_05,ontology_collapse,24,0,0.4779119302569952,-0.32383564428009154,0.8017475745370868
v2_eval_ontology_05,ontology_collapse,24,1,0.4779119302569952,-0.3386767329726865,0.8165886632296817
v2_eval_ontology_05,ontology_collapse,24,2,0.4779119302569952,0.2842502630642568,0.19366166719273836
v2_eval_ontology_05,ontology_collapse,24,3,0.4779119302569952,0.40844043341721337,0.06947149683978182
v2_eval_ontology_05,ontology_collapse,24,4,0.4779119302569952,-0.02336508775360628,0.5012770180106014
v2_eval_ontology_05,ontology_collapse,24,5,0.4779119302569952,0.30004823938165665,0.17786369087533854
v2_eval_ontology_05,ontology_collapse,24,6,0.4779119302569952,0.1851428845761748,0.2927690456808204
v2_eval_ontology_05,ontology_collapse,24,7,0.4779119302569952,-0.3297563068971832,0.8076682371541783
