prompt_id,family,prefix_length,status,distance,node_index,node_prompt,node_token,coexact_chart_norm,random_chart_norm,inactive_neighbors,dose_scale,support_limit,kth_support_limit,zero_hook_max_abs,row_spread_max_abs,eighth_distance
v2_eval_literal_01,literal_stable,8,SUPPORTED,0.20437607098626043,515,fresh_ontology_03,4,0.3095345402832617,0.2575847843229585,0,40.49910762821294,0.35422670773869197,0.4354238208629058,0.0,0.0,0.32546618742943256
v2_eval_literal_01,literal_stable,16,SUPPORTED,0.25041533604871896,194,fresh_literal_02,14,0.5742356213433288,0.5161744819024515,0,40.49910762821294,0.35422670773869197,0.4354238208629058,0.0,0.0,0.2982468224980521
v2_eval_literal_01,literal_stable,24,SUPPORTED,0.27086593085808247,552,fresh_ontology_04,10,0.32368742245835463,0.2967642512809161,0,40.49910762821294,0.35422670773869197,0.4354238208629058,0.0,0.0,0.3612791505969053
v2_eval_literal_02,literal_stable,8,SUPPORTED,0.1258764867337341,184,fresh_literal_02,4,0.3064667481363131,0.3006576528561343,0,40.49910762821294,0.35422670773869197,0.4354238208629058,0.0,0.0,0.32333334140781417
v2_eval_literal_02,literal_stable,16,SUPPORTED,0.186839323726672,206,fresh_literal_02,26,0.1893015588878541,0.17175806988612397,0,40.49910762821294,0.35422670773869197,0.4354238208629058,0.0,0.0,0.2160433807012939
v2_eval_literal_02,literal_stable,24,SUPPORTED,0.1951760703434281,502,fresh_ontology_02,20,0.20841126955442307,0.17107894935984777,0,40.49910762821294,0.35422670773869197,0.4354238208629058,0.0,0.0,0.2823859140245118
v2_eval_literal_03,literal_stable,8,SUPPORTED,0.15861503873938976,683,identity_03,15,0.21207343572505105,0.16216680984299153,0,40.49910762821294,0.35422670773869197,0.4354238208629058,0.0,0.0,0.34055734446269725
v2_eval_literal_03,literal_stable,16,SUPPORTED,0.12933119250143754,877,literal_05,16,0.30935280522671843,0.21899790926327112,0,40.49910762821294,0.35422670773869197,0.4354238208629058,0.0,0.0,0.16597626271455052
v2_eval_literal_03,literal_stable,24,SUPPORTED,0.14518544155874327,313,fresh_metaphor_01,10,0.2216081241528894,0.16778379452268916,0,40.49910762821294,0.35422670773869197,0.4354238208629058,0.0,0.0,0.3618956507508532
v2_eval_literal_04,literal_stable,8,SUPPORTED,0.1671528939578991,816,literal_03,5,0.395536711529452,0.39398865641675174,0,40.49910762821294,0.35422670773869197,0.4354238208629058,0.0,0.0,0.2775571083109632
v2_eval_literal_04,literal_stable,16,SUPPORTED,0.29275098887903833,1003,metaphor_04,27,0.17826200907931986,0.1357997072707745,0,40.49910762821294,0.35422670773869197,0.4354238208629058,0.0,0.0,0.3503098569687189
v2_eval_literal_04,literal_stable,24,SUPPORTED,0.26023595891250234,498,fresh_ontology_02,16,0.30641446464256605,0.30694882386371636,0,40.49910762821294,0.35422670773869197,0.4354238208629058,0.0,0.0,0.30171133643054737
v2_eval_literal_05,literal_stable,8,SUPPORTED,0.17228115266256552,841,literal_04,4,0.4116662622959899,0.4192421601754528,0,40.49910762821294,0.35422670773869197,0.4354238208629058,0.0,0.0,0.2735920684372672
v2_eval_literal_05,literal_stable,16,SUPPORTED,0.11938310887490405,873,literal_05,12,0.39634946801933735,0.43798120528271045,0,40.49910762821294,0.35422670773869197,0.4354238208629058,0.0,0.0,0.2887213768807983
v2_eval_literal_05,literal_stable,24,SUPPORTED,0.09200607342643374,808,literal_02,24,0.19287646523965465,0.12418023048687188,0,40.49910762821294,0.35422670773869197,0.4354238208629058,0.0,0.0,0.3984682553927456
v2_eval_metaphor_01,metaphor_shift,8,SUPPORTED,0.14062598016027159,338,fresh_metaphor_02,6,0.3964895670516255,0.35756116013599204,0,40.49910762821294,0.35422670773869197,0.4354238208629058,0.0,0.0,0.3211834981348379
v2_eval_metaphor_01,metaphor_shift,16,SUPPORTED,0.2384515525897849,724,identity_04,26,0.24248803370466368,0.30070859372896447,0,40.49910762821294,0.35422670773869197,0.4354238208629058,0.0,0.0,0.29667652406282846
v2_eval_metaphor_01,metaphor_shift,24,SUPPORTED,0.13806445916663665,196,fresh_literal_02,16,0.19264834037589773,0.19191566365456017,0,40.49910762821294,0.35422670773869197,0.4354238208629058,0.0,0.0,0.19722569144013744
v2_eval_metaphor_02,metaphor_shift,8,SUPPORTED,0.18985567441484705,1120,ontology_04,6,0.17724093394766213,0.15516625887219407,0,40.49910762821294,0.35422670773869197,0.4354238208629058,0.0,0.0,0.2534084727678476
v2_eval_metaphor_02,metaphor_shift,16,SUPPORTED,0.26367431156364407,171,fresh_literal_01,21,0.33272702529019693,0.28540017707251014,0,40.49910762821294,0.35422670773869197,0.4354238208629058,0.0,0.0,0.3461219169745114
v2_eval_metaphor_02,metaphor_shift,24,SUPPORTED,0.1629567183722957,325,fresh_metaphor_01,22,0.2626985458239266,0.2115037085113057,0,40.49910762821294,0.35422670773869197,0.4354238208629058,0.0,0.0,0.3342295068292
v2_eval_metaphor_03,metaphor_shift,8,SUPPORTED,0.15972585934081784,344,fresh_metaphor_02,12,0.2043522906374212,0.19782797348841075,0,40.49910762821294,0.35422670773869197,0.4354238208629058,0.0,0.0,0.3137796573777757
v2_eval_metaphor_03,metaphor_shift,16,SUPPORTED,0.2205266080885212,147,fresh_identity_05,26,0.18068120643328725,0.14265631205809354,1,40.49910762821294,0.35422670773869197,0.4354238208629058,0.0,0.0,0.3015544321498613
v2_eval_metaphor_03,metaphor_shift,24,SUPPORTED,0.2704055324523553,328,fresh_metaphor_01,25,0.17270160499199855,0.1732249116339013,0,40.49910762821294,0.35422670773869197,0.4354238208629058,0.0,0.0,0.304052796826963
v2_eval_metaphor_04,metaphor_shift,8,SUPPORTED,0.24484480663889677,951,metaphor_03,4,0.1444090510578304,0.12297253387986973,0,40.49910762821294,0.35422670773869197,0.4354238208629058,0.0,0.0,0.2720643986605612
v2_eval_metaphor_04,metaphor_shift,16,SUPPORTED,0.30628605106042295,685,identity_03,17,0.2329260246488005,0.2413439002203084,0,40.49910762821294,0.35422670773869197,0.4354238208629058,0.0,0.0,0.34102058197846624
v2_eval_metaphor_04,metaphor_shift,24,SUPPORTED,0.20123449947588948,148,fresh_identity_05,27,0.2737742847835651,0.22874709113851915,0,40.49910762821294,0.35422670773869197,0.4354238208629058,0.0,0.0,0.2917664692568281
v2_eval_metaphor_05,metaphor_shift,8,SUPPORTED,0.06303620487052072,339,fresh_metaphor_02,7,0.25362949682614805,0.17669102718599994,1,40.49910762821294,0.35422670773869197,0.4354238208629058,0.0,0.0,0.2916303517136525
v2_eval_metaphor_05,metaphor_shift,16,SUPPORTED,0.20494195410233454,859,literal_04,22,0.17068227029440303,0.1836589908062824,0,40.49910762821294,0.35422670773869197,0.4354238208629058,0.0,0.0,0.3485731715538342
v2_eval_metaphor_05,metaphor_shift,24,SUPPORTED,0.2531102850656496,327,fresh_metaphor_01,24,0.21567280373330938,0.18681503075506084,0,40.49910762821294,0.35422670773869197,0.4354238208629058,0.0,0.0,0.2859703397715306
v2_eval_identity_01,identity_stress,8,SUPPORTED,0.11025164197559943,674,identity_03,6,0.2763757362397168,0.15329176340172215,0,40.49910762821294,0.35422670773869197,0.4354238208629058,0.0,0.0,0.21432233888474758
v2_eval_identity_01,identity_stress,16,SUPPORTED,0.14920317139138295,18,fresh_identity_01,19,0.20123769019356316,0.18697584120339472,1,40.49910762821294,0.35422670773869197,0.4354238208629058,0.0,0.0,0.1962404255500981
v2_eval_identity_01,identity_stress,24,SUPPORTED,0.19765336590000623,67,fresh_identity_03,7,0.3947046055492191,0.4308144469855625,0,40.49910762821294,0.35422670773869197,0.4354238208629058,0.0,0.0,0.31666873511745136
v2_eval_identity_02,identity_stress,8,SUPPORTED,0.2959500712540143,7,fresh_identity_01,8,0.2428061585634545,0.25442521125827056,0,40.49910762821294,0.35422670773869197,0.4354238208629058,0.0,0.0,0.3268556973964742
v2_eval_identity_02,identity_stress,16,SUPPORTED,0.19032022767602014,146,fresh_identity_05,25,0.33239160759213415,0.30547232345101777,0,40.49910762821294,0.35422670773869197,0.4354238208629058,0.0,0.0,0.2936571860377707
v2_eval_identity_02,identity_stress,24,SUPPORTED,0.15334652338346613,752,identity_05,27,0.3686003284984018,0.30568076440035336,0,40.49910762821294,0.35422670773869197,0.4354238208629058,0.0,0.0,0.3478843450784933
v2_eval_identity_03,identity_stress,8,SUPPORTED,0.24332880319602207,432,fresh_metaphor_05,8,0.21812550237502737,0.17767400048403686,0,40.49910762821294,0.35422670773869197,0.4354238208629058,0.0,0.0,0.29510412550772314
v2_eval_identity_03,identity_stress,16,SUPPORTED,0.14201900094887163,75,fresh_identity_03,15,0.22374171220731845,0.2361596714508581,0,40.49910762821294,0.35422670773869197,0.4354238208629058,0.0,0.0,0.3229047852541747
v2_eval_identity_03,identity_stress,24,SUPPORTED,0.1495695189600843,81,fresh_identity_03,21,0.25313121541859784,0.2314754417827522,0,40.49910762821294,0.35422670773869197,0.4354238208629058,0.0,0.0,0.23998446743279375
v2_eval_identity_04,identity_stress,8,SUPPORTED,0.28379288321012436,284,fresh_literal_05,13,0.3476682548120267,0.3176292284277549,0,40.49910762821294,0.35422670773869197,0.4354238208629058,0.0,0.0,0.3349364089583188
v2_eval_identity_04,identity_stress,16,SUPPORTED,0.28326709773280556,465,fresh_ontology_01,12,0.31466191002169586,0.30531796626230484,0,40.49910762821294,0.35422670773869197,0.4354238208629058,0.0,0.0,0.3404325127366773
v2_eval_identity_04,identity_stress,24,SUPPORTED,0.12720722663997755,661,identity_02,23,0.123970929621343,0.1408930713698006,2,40.49910762821294,0.35422670773869197,0.4354238208629058,0.0,0.0,0.1815629646897546
v2_eval_identity_05,identity_stress,8,SUPPORTED,0.26409408518909666,134,fresh_identity_05,13,0.22394376031148935,0.26440727613585185,0,40.49910762821294,0.35422670773869197,0.4354238208629058,0.0,0.0,0.3377360475441027
v2_eval_identity_05,identity_stress,16,SUPPORTED,0.15522849390019852,30,fresh_identity_01,31,0.293573883783342,0.2825418827837634,0,40.49910762821294,0.35422670773869197,0.4354238208629058,0.0,0.0,0.3808895301738145
v2_eval_identity_05,identity_stress,24,SUPPORTED,0.26879969210550714,567,fresh_ontology_04,25,0.31214084088997274,0.3745906809322543,0,40.49910762821294,0.35422670773869197,0.4354238208629058,0.0,0.0,0.3301161846218074
v2_eval_ontology_01,ontology_collapse,8,SUPPORTED,0.2756211274621724,554,fresh_ontology_04,12,0.4430908286656159,0.40168921967741794,0,40.49910762821294,0.35422670773869197,0.4354238208629058,0.0,0.0,0.3372282229225271
v2_eval_ontology_01,ontology_collapse,16,SUPPORTED,0.159139827934733,773,literal_01,21,0.13189546500305252,0.1763337599817777,0,40.49910762821294,0.35422670773869197,0.4354238208629058,0.0,0.0,0.19447877907004654
v2_eval_ontology_01,ontology_collapse,24,SUPPORTED,0.12465613575695128,903,metaphor_01,17,0.0011548258053933492,0.0011548258053933492,7,40.49910762821294,0.35422670773869197,0.4354238208629058,0.0,0.0,0.228402537152129
v2_eval_ontology_02,ontology_collapse,8,SUPPORTED,0.2133455444373909,1042,ontology_01,13,0.19610742360437497,0.13008547530796152,0,40.49910762821294,0.35422670773869197,0.4354238208629058,0.0,0.0,0.2646843734177812
v2_eval_ontology_02,ontology_collapse,16,SUPPORTED,0.14761040968029002,414,fresh_metaphor_04,20,0.09732087827916193,0.12101139706376605,2,40.49910762821294,0.35422670773869197,0.4354238208629058,0.0,0.0,0.179087222843334
v2_eval_ontology_02,ontology_collapse,24,SUPPORTED,0.15750057737291373,507,fresh_ontology_02,25,0.30569532040050323,0.2719021888753513,0,40.49910762821294,0.35422670773869197,0.4354238208629058,0.0,0.0,0.2859734881910037
v2_eval_ontology_03,ontology_collapse,8,SUPPORTED,0.18080367905680594,817,literal_03,6,0.25159842999635995,0.20950883298902587,0,40.49910762821294,0.35422670773869197,0.4354238208629058,0.0,0.0,0.2276908215923639
v2_eval_ontology_03,ontology_collapse,16,SUPPORTED,0.16162123339630197,526,fresh_ontology_03,15,0.09252252064687422,0.10143513715751346,3,40.49910762821294,0.35422670773869197,0.4354238208629058,0.0,0.0,0.16922393380210274
v2_eval_ontology_03,ontology_collapse,24,SUPPORTED,0.2321639483337873,1128,ontology_04,14,0.23189987181927432,0.1848374941068189,0,40.49910762821294,0.35422670773869197,0.4354238208629058,0.0,0.0,0.35960229279415135
v2_eval_ontology_04,ontology_collapse,8,SUPPORTED,0.2922186438756199,885,literal_05,24,0.1868566249238012,0.17756680588973678,0,40.49910762821294,0.35422670773869197,0.4354238208629058,0.0,0.0,0.4011225193878952
v2_eval_ontology_04,ontology_collapse,16,SUPPORTED,0.2418936741060914,923,metaphor_02,4,0.2866508281144815,0.32132889379442686,0,40.49910762821294,0.35422670773869197,0.4354238208629058,0.0,0.0,0.34671598744496246
v2_eval_ontology_04,ontology_collapse,24,SUPPORTED,0.2440219180350985,157,fresh_literal_01,7,0.2330306790573439,0.18174083295198923,0,40.49910762821294,0.35422670773869197,0.4354238208629058,0.0,0.0,0.27292088957758415
v2_eval_ontology_05,ontology_collapse,8,SUPPORTED,0.23340291062277668,161,fresh_literal_01,11,0.18543111216665242,0.19596638263647465,0,40.49910762821294,0.35422670773869197,0.4354238208629058,0.0,0.0,0.2586041412908889
v2_eval_ontology_05,ontology_collapse,16,SUPPORTED,0.21126736830243478,588,fresh_ontology_05,15,0.16852606211364424,0.13170179833255183,0,40.49910762821294,0.35422670773869197,0.4354238208629058,0.0,0.0,0.3134824655161041
v2_eval_ontology_05,ontology_collapse,24,SUPPORTED,0.13719363910687973,880,literal_05,19,0.22057766749960073,0.21667049357423745,0,40.49910762821294,0.35422670773869197,0.4354238208629058,0.0,0.0,0.2485835662670724
