prompt_id,family,prefix_length,status,node_index,node_prompt,node_token,distance,support_limit,coexact_chart_norm,dose_scale,zero_hook_max_abs,row_spread_max_abs
prefix_eval_literal_01,literal_stable,8,SUPPORTED,817,literal_03,6,0.14017016188788395,0.35422670773869197,0.15531680364949396,40.49910762821294,0.0,0.0
prefix_eval_literal_01,literal_stable,16,SUPPORTED,17,fresh_identity_01,18,0.22749047106022693,0.35422670773869197,0.4654740893882657,40.49910762821294,0.0,0.0
prefix_eval_literal_01,literal_stable,24,SUPPORTED,829,literal_03,18,0.21748341426261422,0.35422670773869197,0.9115364272929547,40.49910762821294,0.0,0.0
prefix_eval_literal_02,literal_stable,8,SUPPORTED,187,fresh_literal_02,7,0.22545304537236538,0.35422670773869197,0.4447505970228021,40.49910762821294,0.0,0.0
prefix_eval_literal_02,literal_stable,16,SUPPORTED,220,fresh_literal_03,11,0.17860444981920745,0.35422670773869197,0.28987889614475415,40.49910762821294,0.0,0.0
prefix_eval_literal_02,literal_stable,24,SUPPORTED,284,fresh_literal_05,13,0.16715300035658093,0.35422670773869197,0.7474813899090876,40.49910762821294,0.0,0.0
prefix_eval_literal_03,literal_stable,8,SUPPORTED,250,fresh_literal_04,11,0.1724404901024327,0.35422670773869197,0.6835987341673052,40.49910762821294,0.0,0.0
prefix_eval_literal_03,literal_stable,16,SUPPORTED,164,fresh_literal_01,14,0.12683531254620853,0.35422670773869197,0.10203741983989066,40.49910762821294,0.0,0.0
prefix_eval_literal_03,literal_stable,24,SUPPORTED,230,fresh_literal_03,21,0.14913775401371823,0.35422670773869197,0.002585888081789765,40.49910762821294,0.0,0.0
prefix_eval_literal_04,literal_stable,8,SUPPORTED,185,fresh_literal_02,5,0.17687881769740502,0.35422670773869197,0.4456507448321561,40.49910762821294,0.0,0.0
prefix_eval_literal_04,literal_stable,16,SUPPORTED,767,literal_01,15,0.14007378966492764,0.35422670773869197,0.5216479103930486,40.49910762821294,0.0,0.0
prefix_eval_literal_04,literal_stable,24,SUPPORTED,860,literal_04,23,0.16405945527685528,0.35422670773869197,0.38407784062577244,40.49910762821294,0.0,0.0
prefix_eval_literal_05,literal_stable,8,SUPPORTED,185,fresh_literal_02,5,0.1131253217504194,0.35422670773869197,0.4456507448321561,40.49910762821294,0.0,0.0
prefix_eval_literal_05,literal_stable,16,SUPPORTED,196,fresh_literal_02,16,0.0491829706842212,0.35422670773869197,0.3239650619628182,40.49910762821294,0.0,0.0
prefix_eval_literal_05,literal_stable,24,SUPPORTED,558,fresh_ontology_04,16,0.17634798159214404,0.35422670773869197,0.4717200340604842,40.49910762821294,0.0,0.0
prefix_eval_metaphor_01,metaphor_shift,8,SUPPORTED,335,fresh_metaphor_02,3,0.1837686510684841,0.35422670773869197,1.1727869095941634,40.49910762821294,0.0,0.0
prefix_eval_metaphor_01,metaphor_shift,16,INACTIVE_COEXACT,903,metaphor_01,17,0.0923706031295915,0.35422670773869197,0.0,40.49910762821294,0.0,0.0
prefix_eval_metaphor_01,metaphor_shift,24,SUPPORTED,472,fresh_ontology_01,19,0.05086204926264217,0.35422670773869197,0.45586063768476504,40.49910762821294,0.0,0.0
prefix_eval_metaphor_02,metaphor_shift,8,SUPPORTED,1011,metaphor_05,8,0.10462200734295023,0.35422670773869197,0.08181247704865707,40.49910762821294,0.0,0.0
prefix_eval_metaphor_02,metaphor_shift,16,SUPPORTED,356,fresh_metaphor_02,24,0.24959103452392725,0.35422670773869197,0.8885517315661264,40.49910762821294,0.0,0.0
prefix_eval_metaphor_02,metaphor_shift,24,SUPPORTED,326,fresh_metaphor_01,23,0.24305060756195038,0.35422670773869197,1.019272628029245,40.49910762821294,0.0,0.0
prefix_eval_metaphor_03,metaphor_shift,8,SUPPORTED,1065,ontology_02,6,0.2804832893238337,0.35422670773869197,0.5838133069803639,40.49910762821294,0.0,0.0
prefix_eval_metaphor_03,metaphor_shift,16,SUPPORTED,463,fresh_ontology_01,10,0.08550255391005719,0.35422670773869197,0.00783676456682226,40.49910762821294,0.0,0.0
prefix_eval_metaphor_03,metaphor_shift,24,SUPPORTED,327,fresh_metaphor_01,24,0.2833628056516256,0.35422670773869197,0.7330892389313364,40.49910762821294,0.0,0.0
prefix_eval_metaphor_04,metaphor_shift,8,SUPPORTED,1159,ontology_05,17,0.238178866888956,0.35422670773869197,0.3568470676608122,40.49910762821294,0.0,0.0
prefix_eval_metaphor_04,metaphor_shift,16,SUPPORTED,284,fresh_literal_05,13,0.14713733118619896,0.35422670773869197,0.7474813899090876,40.49910762821294,0.0,0.0
prefix_eval_metaphor_04,metaphor_shift,24,SUPPORTED,145,fresh_identity_05,24,0.16757276887814007,0.35422670773869197,0.4109635694553773,40.49910762821294,0.0,0.0
prefix_eval_metaphor_05,metaphor_shift,8,SUPPORTED,572,fresh_ontology_04,30,0.33980809794505806,0.35422670773869197,1.124012018584046,40.49910762821294,0.0,0.0
prefix_eval_metaphor_05,metaphor_shift,16,SUPPORTED,284,fresh_literal_05,13,0.1429783490420538,0.35422670773869197,0.7474813899090876,40.49910762821294,0.0,0.0
prefix_eval_metaphor_05,metaphor_shift,24,SUPPORTED,325,fresh_metaphor_01,22,0.10028007247292424,0.35422670773869197,0.7883755171256821,40.49910762821294,0.0,0.0
prefix_eval_identity_01,identity_stress,8,SUPPORTED,7,fresh_identity_01,8,0.2645908205478989,0.35422670773869197,1.382965862165346,40.49910762821294,0.0,0.0
prefix_eval_identity_01,identity_stress,16,INACTIVE_COEXACT,10,fresh_identity_01,11,0.06376835501276922,0.35422670773869197,0.0,40.49910762821294,0.0,0.0
prefix_eval_identity_01,identity_stress,24,SUPPORTED,227,fresh_literal_03,18,0.2195407931234838,0.35422670773869197,0.5814419714858782,40.49910762821294,0.0,0.0
prefix_eval_identity_02,identity_stress,8,SUPPORTED,96,fresh_identity_04,5,0.12240918200797453,0.35422670773869197,0.4681753970292544,40.49910762821294,0.0,0.0
prefix_eval_identity_02,identity_stress,16,INACTIVE_COEXACT,43,fresh_identity_02,13,0.07544835794353433,0.35422670773869197,0.0,40.49910762821294,0.0,0.0
prefix_eval_identity_02,identity_stress,24,SUPPORTED,230,fresh_literal_03,21,0.1756242229730295,0.35422670773869197,0.002585888081789765,40.49910762821294,0.0,0.0
prefix_eval_identity_03,identity_stress,8,SUPPORTED,194,fresh_literal_02,14,0.26030583789423484,0.35422670773869197,0.4689058454833107,40.49910762821294,0.0,0.0
prefix_eval_identity_03,identity_stress,16,SUPPORTED,284,fresh_literal_05,13,0.15104625330282198,0.35422670773869197,0.7474813899090876,40.49910762821294,0.0,0.0
prefix_eval_identity_03,identity_stress,24,SUPPORTED,820,literal_03,9,0.23424457835273005,0.35422670773869197,0.21282658061528978,40.49910762821294,0.0,0.0
prefix_eval_identity_04,identity_stress,8,SUPPORTED,703,identity_04,5,0.16369775139936865,0.35422670773869197,0.6832160725481627,40.49910762821294,0.0,0.0
prefix_eval_identity_04,identity_stress,16,SUPPORTED,283,fresh_literal_05,12,0.06475322699496709,0.35422670773869197,0.3358572229511385,40.49910762821294,0.0,0.0
prefix_eval_identity_04,identity_stress,24,SUPPORTED,131,fresh_identity_05,10,0.2323213405051463,0.35422670773869197,0.5547681411268119,40.49910762821294,0.0,0.0
prefix_eval_identity_05,identity_stress,8,SUPPORTED,21,fresh_identity_01,22,0.1805071028687675,0.35422670773869197,0.30816328426056944,40.49910762821294,0.0,0.0
prefix_eval_identity_05,identity_stress,16,SUPPORTED,1095,ontology_03,9,0.10598497674538347,0.35422670773869197,0.3811035220672339,40.49910762821294,0.0,0.0
prefix_eval_identity_05,identity_stress,24,SUPPORTED,738,identity_05,13,0.13662832977125627,0.35422670773869197,0.440444972305283,40.49910762821294,0.0,0.0
prefix_eval_ontology_01,ontology_collapse,8,SUPPORTED,800,literal_02,16,0.23143316808016917,0.35422670773869197,0.5991797789061991,40.49910762821294,0.0,0.0
prefix_eval_ontology_01,ontology_collapse,16,SUPPORTED,1150,ontology_05,8,0.23374225602139748,0.35422670773869197,0.34255379440032596,40.49910762821294,0.0,0.0
prefix_eval_ontology_01,ontology_collapse,24,INACTIVE_COEXACT,528,fresh_ontology_03,17,0.15611356258513387,0.35422670773869197,0.0,40.49910762821294,0.0,0.0
prefix_eval_ontology_02,ontology_collapse,8,SUPPORTED,572,fresh_ontology_04,30,0.18036092225159583,0.35422670773869197,1.124012018584046,40.49910762821294,0.0,0.0
prefix_eval_ontology_02,ontology_collapse,16,SUPPORTED,593,fresh_ontology_05,20,0.26413245614491443,0.35422670773869197,0.24026728057136576,40.49910762821294,0.0,0.0
prefix_eval_ontology_02,ontology_collapse,24,SUPPORTED,504,fresh_ontology_02,22,0.19961108689209722,0.35422670773869197,0.42500964224785154,40.49910762821294,0.0,0.0
prefix_eval_ontology_03,ontology_collapse,8,SUPPORTED,282,fresh_literal_05,11,0.2858732078904755,0.35422670773869197,0.3415745997500046,40.49910762821294,0.0,0.0
prefix_eval_ontology_03,ontology_collapse,16,SUPPORTED,168,fresh_literal_01,18,0.07342652675243548,0.35422670773869197,0.43234857513016733,40.49910762821294,0.0,0.0
prefix_eval_ontology_03,ontology_collapse,24,SUPPORTED,200,fresh_literal_02,20,0.07194812596172388,0.35422670773869197,0.6487018219344449,40.49910762821294,0.0,0.0
prefix_eval_ontology_04,ontology_collapse,8,SUPPORTED,1159,ontology_05,17,0.17263111227492572,0.35422670773869197,0.3568470676608122,40.49910762821294,0.0,0.0
prefix_eval_ontology_04,ontology_collapse,16,SUPPORTED,631,identity_01,26,0.3093530145802516,0.35422670773869197,0.6932965909569084,40.49910762821294,0.0,0.0
prefix_eval_ontology_04,ontology_collapse,24,SUPPORTED,542,fresh_ontology_03,31,0.26281008149744334,0.35422670773869197,0.34742098928315046,40.49910762821294,0.0,0.0
prefix_eval_ontology_05,ontology_collapse,8,SUPPORTED,412,fresh_metaphor_04,18,0.14873206522672242,0.35422670773869197,0.39368807055484534,40.49910762821294,0.0,0.0
prefix_eval_ontology_05,ontology_collapse,16,SUPPORTED,468,fresh_ontology_01,15,0.12796115256299032,0.35422670773869197,0.6184053459511147,40.49910762821294,0.0,0.0
prefix_eval_ontology_05,ontology_collapse,24,SUPPORTED,869,literal_05,8,0.25484549224094477,0.35422670773869197,0.7820029241348504,40.49910762821294,0.0,0.0
