layer,k,complex_mode,betti_1_fraction_target,random_tangent_reference,token_selector,selector_component,component,baseline_component,position_bin,metric,contrast_type,family,mean_response_coefficient,median_response_coefficient,n_prompts,n_tokens,mean_relative_response_rmse,position_bin_center
7,16,matched_betti,0.5,max_full_branch_node_speed,all_interior,coexact,coexact,random_tangent,0,next_token_logprob_delta,even,identity_stress,0.06993756612558434,0.08843344336056372,5,10,0.24869393079878047,0.041666666666666664
7,16,matched_betti,0.5,max_full_branch_node_speed,all_interior,coexact,coexact,random_tangent,1,next_token_logprob_delta,even,identity_stress,-0.14051065229786797,-0.14351303244547964,5,13,0.30464866286620507,0.125
7,16,matched_betti,0.5,max_full_branch_node_speed,all_interior,coexact,coexact,random_tangent,2,next_token_logprob_delta,even,identity_stress,-0.06750905393481622,-0.041497473913370206,5,11,0.2527619847215478,0.20833333333333334
7,16,matched_betti,0.5,max_full_branch_node_speed,all_interior,coexact,coexact,random_tangent,3,next_token_logprob_delta,even,identity_stress,0.023604590342187592,0.09378330343497579,5,15,0.2591055385877831,0.2916666666666667
7,16,matched_betti,0.5,max_full_branch_node_speed,all_interior,coexact,coexact,random_tangent,4,next_token_logprob_delta,even,identity_stress,-0.017891857117873992,-0.022036927010606094,5,11,0.5611754362160297,0.375
7,16,matched_betti,0.5,max_full_branch_node_speed,all_interior,coexact,coexact,random_tangent,5,next_token_logprob_delta,even,identity_stress,-0.0645535381115153,-0.06605036619549927,5,10,0.20318885790100824,0.4583333333333333
7,16,matched_betti,0.5,max_full_branch_node_speed,all_interior,coexact,coexact,random_tangent,6,next_token_logprob_delta,even,identity_stress,-0.003623516334936294,-0.012007428021062715,5,14,0.2770025895673632,0.5416666666666666
7,16,matched_betti,0.5,max_full_branch_node_speed,all_interior,coexact,coexact,random_tangent,7,next_token_logprob_delta,even,identity_stress,-0.09262498902768587,-0.06972554279417707,5,9,0.29014905705601224,0.625
7,16,matched_betti,0.5,max_full_branch_node_speed,all_interior,coexact,coexact,random_tangent,8,next_token_logprob_delta,even,identity_stress,-0.14129052179391177,-0.07345877918890006,5,12,0.2707870169422268,0.7083333333333334
7,16,matched_betti,0.5,max_full_branch_node_speed,all_interior,coexact,coexact,random_tangent,9,next_token_logprob_delta,even,identity_stress,-0.15436617066423905,-0.07283435631871228,5,13,0.31283122511214784,0.7916666666666666
7,16,matched_betti,0.5,max_full_branch_node_speed,all_interior,coexact,coexact,random_tangent,10,next_token_logprob_delta,even,identity_stress,0.024089631174754572,0.05264599861535274,5,10,0.39721141033138224,0.875
7,16,matched_betti,0.5,max_full_branch_node_speed,all_interior,coexact,coexact,random_tangent,11,next_token_logprob_delta,even,identity_stress,0.09505672722080853,0.058551027012431346,5,8,0.3224405852161073,0.9583333333333334
7,16,matched_betti,0.5,max_full_branch_node_speed,all_interior,coexact,coexact,random_tangent,0,next_token_logprob_delta,even,literal_stable,-0.06728328936582455,-0.028278346151563955,5,10,0.37717516102568305,0.041666666666666664
7,16,matched_betti,0.5,max_full_branch_node_speed,all_interior,coexact,coexact,random_tangent,1,next_token_logprob_delta,even,literal_stable,-0.08544667199873404,-0.12970130837511376,5,11,0.15600000891741975,0.125
7,16,matched_betti,0.5,max_full_branch_node_speed,all_interior,coexact,coexact,random_tangent,2,next_token_logprob_delta,even,literal_stable,0.1390015118908559,0.23956964274762335,5,11,0.16630252448224797,0.20833333333333334
7,16,matched_betti,0.5,max_full_branch_node_speed,all_interior,coexact,coexact,random_tangent,3,next_token_logprob_delta,even,literal_stable,0.12803133665570368,0.06555281700403498,5,11,0.36556582727277726,0.2916666666666667
7,16,matched_betti,0.5,max_full_branch_node_speed,all_interior,coexact,coexact,random_tangent,4,next_token_logprob_delta,even,literal_stable,0.03029031271846379,0.021226381324240817,5,12,0.1507187213763619,0.375
7,16,matched_betti,0.5,max_full_branch_node_speed,all_interior,coexact,coexact,random_tangent,5,next_token_logprob_delta,even,literal_stable,-0.21862568381721945,-0.2611787247538304,5,11,0.23683969789635578,0.4583333333333333
7,16,matched_betti,0.5,max_full_branch_node_speed,all_interior,coexact,coexact,random_tangent,6,next_token_logprob_delta,even,literal_stable,-0.10627754659361385,-0.04989361726111501,5,13,0.48048840217976696,0.5416666666666666
7,16,matched_betti,0.5,max_full_branch_node_speed,all_interior,coexact,coexact,random_tangent,7,next_token_logprob_delta,even,literal_stable,-0.02310524047758467,0.07690501356556327,5,10,0.20479742785124372,0.625
7,16,matched_betti,0.5,max_full_branch_node_speed,all_interior,coexact,coexact,random_tangent,8,next_token_logprob_delta,even,literal_stable,0.0989174902987402,0.027400896469125822,5,12,0.40902787490240955,0.7083333333333334
7,16,matched_betti,0.5,max_full_branch_node_speed,all_interior,coexact,coexact,random_tangent,9,next_token_logprob_delta,even,literal_stable,-0.004430788828621096,-0.004311309875280986,5,9,0.3742748462120967,0.7916666666666666
7,16,matched_betti,0.5,max_full_branch_node_speed,all_interior,coexact,coexact,random_tangent,10,next_token_logprob_delta,even,literal_stable,-0.06162479652169619,0.06740162512053173,4,8,0.32189571917684656,0.875
7,16,matched_betti,0.5,max_full_branch_node_speed,all_interior,coexact,coexact,random_tangent,11,next_token_logprob_delta,even,literal_stable,-0.05336175729401058,-0.04077373399110977,4,6,0.16332497101259613,0.9583333333333334
7,16,matched_betti,0.5,max_full_branch_node_speed,all_interior,coexact,coexact,random_tangent,0,next_token_logprob_delta,even,metaphor_shift,-0.15453748231355968,-0.06479452464539065,5,10,0.187475848610688,0.041666666666666664
7,16,matched_betti,0.5,max_full_branch_node_speed,all_interior,coexact,coexact,random_tangent,1,next_token_logprob_delta,even,metaphor_shift,-0.020359018340465607,-0.07693359872025168,5,10,0.2755137202305819,0.125
7,16,matched_betti,0.5,max_full_branch_node_speed,all_interior,coexact,coexact,random_tangent,2,next_token_logprob_delta,even,metaphor_shift,-0.049875367454919176,-0.07150564796509129,5,13,0.29838117061782504,0.20833333333333334
7,16,matched_betti,0.5,max_full_branch_node_speed,all_interior,coexact,coexact,random_tangent,3,next_token_logprob_delta,even,metaphor_shift,0.1390088884568323,0.12699372321601668,5,12,0.19307562890038815,0.2916666666666667
7,16,matched_betti,0.5,max_full_branch_node_speed,all_interior,coexact,coexact,random_tangent,4,next_token_logprob_delta,even,metaphor_shift,-0.04055451359321614,-0.03210313385306619,5,14,0.2741228695450005,0.375
7,16,matched_betti,0.5,max_full_branch_node_speed,all_interior,coexact,coexact,random_tangent,5,next_token_logprob_delta,even,metaphor_shift,-0.0026915281740611044,-0.008283586734173672,5,10,0.3724773105539806,0.4583333333333333
7,16,matched_betti,0.5,max_full_branch_node_speed,all_interior,coexact,coexact,random_tangent,6,next_token_logprob_delta,even,metaphor_shift,-0.11212026328181963,-0.1031559659194597,5,11,0.22090386823125008,0.5416666666666666
7,16,matched_betti,0.5,max_full_branch_node_speed,all_interior,coexact,coexact,random_tangent,7,next_token_logprob_delta,even,metaphor_shift,-0.017933512930045227,-0.08478746916652953,5,11,0.22983851383689316,0.625
7,16,matched_betti,0.5,max_full_branch_node_speed,all_interior,coexact,coexact,random_tangent,8,next_token_logprob_delta,even,metaphor_shift,-0.16558618106077347,-0.09611112627458226,5,13,0.14380561780629458,0.7083333333333334
7,16,matched_betti,0.5,max_full_branch_node_speed,all_interior,coexact,coexact,random_tangent,9,next_token_logprob_delta,even,metaphor_shift,0.033892752371803586,0.03995691451179142,5,13,0.4624804581292509,0.7916666666666666
7,16,matched_betti,0.5,max_full_branch_node_speed,all_interior,coexact,coexact,random_tangent,10,next_token_logprob_delta,even,metaphor_shift,-0.05873414052494287,-0.07797764854189809,5,9,0.2574158648754653,0.875
7,16,matched_betti,0.5,max_full_branch_node_speed,all_interior,coexact,coexact,random_tangent,11,next_token_logprob_delta,even,metaphor_shift,0.13761838019915779,-0.013020298127358582,5,8,0.2313828998647395,0.9583333333333334
7,16,matched_betti,0.5,max_full_branch_node_speed,all_interior,coexact,coexact,random_tangent,0,next_token_logprob_delta,even,ontology_collapse,0.22774945629953236,0.19486237755117763,5,10,0.30917267831361317,0.041666666666666664
7,16,matched_betti,0.5,max_full_branch_node_speed,all_interior,coexact,coexact,random_tangent,1,next_token_logprob_delta,even,ontology_collapse,-0.1632751080076298,-0.1209967271044794,5,11,0.22742064508066967,0.125
7,16,matched_betti,0.5,max_full_branch_node_speed,all_interior,coexact,coexact,random_tangent,2,next_token_logprob_delta,even,ontology_collapse,0.03293537124029009,0.07086263802168304,5,12,0.14384526194705655,0.20833333333333334
7,16,matched_betti,0.5,max_full_branch_node_speed,all_interior,coexact,coexact,random_tangent,3,next_token_logprob_delta,even,ontology_collapse,0.056185767918947846,0.09449860997801676,5,13,0.45571279241900164,0.2916666666666667
7,16,matched_betti,0.5,max_full_branch_node_speed,all_interior,coexact,coexact,random_tangent,4,next_token_logprob_delta,even,ontology_collapse,-0.10957055392963802,-0.15870503752630283,5,11,0.20266379061945877,0.375
7,16,matched_betti,0.5,max_full_branch_node_speed,all_interior,coexact,coexact,random_tangent,5,next_token_logprob_delta,even,ontology_collapse,-0.058168064770241376,-0.07991669661587177,5,11,0.16096030453729246,0.4583333333333333
7,16,matched_betti,0.5,max_full_branch_node_speed,all_interior,coexact,coexact,random_tangent,6,next_token_logprob_delta,even,ontology_collapse,-0.12258541233640945,-0.062375514192603815,5,12,0.32891507230891565,0.5416666666666666
7,16,matched_betti,0.5,max_full_branch_node_speed,all_interior,coexact,coexact,random_tangent,7,next_token_logprob_delta,even,ontology_collapse,0.07122961863664094,0.13475024261687557,5,12,0.19123153822366748,0.625
7,16,matched_betti,0.5,max_full_branch_node_speed,all_interior,coexact,coexact,random_tangent,8,next_token_logprob_delta,even,ontology_collapse,-0.096361370215714,-0.07590716532864175,5,10,0.35401495883205497,0.7083333333333334
7,16,matched_betti,0.5,max_full_branch_node_speed,all_interior,coexact,coexact,random_tangent,9,next_token_logprob_delta,even,ontology_collapse,0.04628203406151414,0.08385257771104682,5,13,0.346791688305348,0.7916666666666666
7,16,matched_betti,0.5,max_full_branch_node_speed,all_interior,coexact,coexact,random_tangent,10,next_token_logprob_delta,even,ontology_collapse,0.025644959351102524,0.029076021094770352,5,11,0.31959472254609894,0.875
7,16,matched_betti,0.5,max_full_branch_node_speed,all_interior,coexact,coexact,random_tangent,11,next_token_logprob_delta,even,ontology_collapse,0.13075519614915349,0.13712318082447458,5,8,0.1335925241133457,0.9583333333333334
7,16,matched_betti,0.5,max_full_branch_node_speed,all_interior,coexact,coexact,random_tangent,0,next_token_logprob_delta,odd,identity_stress,1.0081104583167222,0.972849926561751,5,10,0.0372765770152865,0.041666666666666664
7,16,matched_betti,0.5,max_full_branch_node_speed,all_interior,coexact,coexact,random_tangent,1,next_token_logprob_delta,odd,identity_stress,0.09261375732466222,0.07626748543611848,5,13,0.17052197340618566,0.125
7,16,matched_betti,0.5,max_full_branch_node_speed,all_interior,coexact,coexact,random_tangent,2,next_token_logprob_delta,odd,identity_stress,0.5114645607376328,0.4745368524078413,5,11,0.2130020323763771,0.20833333333333334
7,16,matched_betti,0.5,max_full_branch_node_speed,all_interior,coexact,coexact,random_tangent,3,next_token_logprob_delta,odd,identity_stress,0.06454205143921983,0.12725633963603195,5,15,0.10572806295404973,0.2916666666666667
7,16,matched_betti,0.5,max_full_branch_node_speed,all_interior,coexact,coexact,random_tangent,4,next_token_logprob_delta,odd,identity_stress,0.35336923281244326,0.24105616751140518,5,11,0.20197162723534584,0.375
7,16,matched_betti,0.5,max_full_branch_node_speed,all_interior,coexact,coexact,random_tangent,5,next_token_logprob_delta,odd,identity_stress,0.22561496634890094,0.15708101328641286,5,10,0.20972083338621422,0.4583333333333333
7,16,matched_betti,0.5,max_full_branch_node_speed,all_interior,coexact,coexact,random_tangent,6,next_token_logprob_delta,odd,identity_stress,0.2535947847739391,0.2747493661980041,5,14,0.26883113642325973,0.5416666666666666
7,16,matched_betti,0.5,max_full_branch_node_speed,all_interior,coexact,coexact,random_tangent,7,next_token_logprob_delta,odd,identity_stress,0.25908807939872036,0.26714929328848575,5,9,0.31982870638274974,0.625
7,16,matched_betti,0.5,max_full_branch_node_speed,all_interior,coexact,coexact,random_tangent,8,next_token_logprob_delta,odd,identity_stress,-0.08857520369687562,-0.4281430812861835,5,12,0.04941604400412989,0.7083333333333334
7,16,matched_betti,0.5,max_full_branch_node_speed,all_interior,coexact,coexact,random_tangent,9,next_token_logprob_delta,odd,identity_stress,0.3787090876937512,0.2431487691912606,5,13,0.39250543393596604,0.7916666666666666
7,16,matched_betti,0.5,max_full_branch_node_speed,all_interior,coexact,coexact,random_tangent,10,next_token_logprob_delta,odd,identity_stress,0.235909124867622,-0.030724356304441043,5,10,0.46570101862111696,0.875
7,16,matched_betti,0.5,max_full_branch_node_speed,all_interior,coexact,coexact,random_tangent,11,next_token_logprob_delta,odd,identity_stress,-0.013855822840685029,-0.022261802891935637,5,8,0.25482106168476637,0.9583333333333334
7,16,matched_betti,0.5,max_full_branch_node_speed,all_interior,coexact,coexact,random_tangent,0,next_token_logprob_delta,odd,literal_stable,0.6344932812710826,0.6465075369220583,5,10,0.06227784311180086,0.041666666666666664
7,16,matched_betti,0.5,max_full_branch_node_speed,all_interior,coexact,coexact,random_tangent,1,next_token_logprob_delta,odd,literal_stable,0.5158975539704139,0.6272809310160616,5,11,0.1829528180953534,0.125
7,16,matched_betti,0.5,max_full_branch_node_speed,all_interior,coexact,coexact,random_tangent,2,next_token_logprob_delta,odd,literal_stable,0.6742242752987989,0.7722522342464111,5,11,0.16780258695635092,0.20833333333333334
7,16,matched_betti,0.5,max_full_branch_node_speed,all_interior,coexact,coexact,random_tangent,3,next_token_logprob_delta,odd,literal_stable,0.49346354006955256,0.4339048143074437,5,11,0.09347475134137392,0.2916666666666667
7,16,matched_betti,0.5,max_full_branch_node_speed,all_interior,coexact,coexact,random_tangent,4,next_token_logprob_delta,odd,literal_stable,0.3319193153725029,0.3427427509395508,5,12,0.13498473994364318,0.375
7,16,matched_betti,0.5,max_full_branch_node_speed,all_interior,coexact,coexact,random_tangent,5,next_token_logprob_delta,odd,literal_stable,0.00573891344769083,0.22028574139230356,5,11,0.4411939475458002,0.4583333333333333
7,16,matched_betti,0.5,max_full_branch_node_speed,all_interior,coexact,coexact,random_tangent,6,next_token_logprob_delta,odd,literal_stable,0.25467754307451074,0.1954282303970246,5,13,0.3140680585752612,0.5416666666666666
7,16,matched_betti,0.5,max_full_branch_node_speed,all_interior,coexact,coexact,random_tangent,7,next_token_logprob_delta,odd,literal_stable,0.2672785264738205,0.2699023517314208,5,10,0.39625239534494416,0.625
7,16,matched_betti,0.5,max_full_branch_node_speed,all_interior,coexact,coexact,random_tangent,8,next_token_logprob_delta,odd,literal_stable,0.4523060773678159,0.44902874215980837,5,12,0.12093365690514535,0.7083333333333334
7,16,matched_betti,0.5,max_full_branch_node_speed,all_interior,coexact,coexact,random_tangent,9,next_token_logprob_delta,odd,literal_stable,-0.2695377978565062,-0.2528749898312301,5,9,0.11286024861184088,0.7916666666666666
7,16,matched_betti,0.5,max_full_branch_node_speed,all_interior,coexact,coexact,random_tangent,10,next_token_logprob_delta,odd,literal_stable,0.02066528425970826,-0.014255753247126218,4,8,0.1246244103416951,0.875
7,16,matched_betti,0.5,max_full_branch_node_speed,all_interior,coexact,coexact,random_tangent,11,next_token_logprob_delta,odd,literal_stable,0.4701576906920537,0.2512155680190715,4,6,0.1222531243829965,0.9583333333333334
7,16,matched_betti,0.5,max_full_branch_node_speed,all_interior,coexact,coexact,random_tangent,0,next_token_logprob_delta,odd,metaphor_shift,0.22924344043881675,0.09993092112924666,5,10,0.38964166937025996,0.041666666666666664
7,16,matched_betti,0.5,max_full_branch_node_speed,all_interior,coexact,coexact,random_tangent,1,next_token_logprob_delta,odd,metaphor_shift,1.0712552131874817,1.0480713085582043,5,10,0.06626370326701043,0.125
7,16,matched_betti,0.5,max_full_branch_node_speed,all_interior,coexact,coexact,random_tangent,2,next_token_logprob_delta,odd,metaphor_shift,0.6772708391219664,0.5459869853003839,5,13,0.14166697378717327,0.20833333333333334
7,16,matched_betti,0.5,max_full_branch_node_speed,all_interior,coexact,coexact,random_tangent,3,next_token_logprob_delta,odd,metaphor_shift,0.6458869513673942,0.6313214029642102,5,12,0.23682279679991752,0.2916666666666667
7,16,matched_betti,0.5,max_full_branch_node_speed,all_interior,coexact,coexact,random_tangent,4,next_token_logprob_delta,odd,metaphor_shift,0.5371493316674372,0.47608508489857987,5,14,0.10959067099768434,0.375
7,16,matched_betti,0.5,max_full_branch_node_speed,all_interior,coexact,coexact,random_tangent,5,next_token_logprob_delta,odd,metaphor_shift,0.32125771349141563,0.3598289364503125,5,10,0.039146190311174486,0.4583333333333333
7,16,matched_betti,0.5,max_full_branch_node_speed,all_interior,coexact,coexact,random_tangent,6,next_token_logprob_delta,odd,metaphor_shift,0.29538275967050226,0.37373961697942815,5,11,0.3461578632776125,0.5416666666666666
7,16,matched_betti,0.5,max_full_branch_node_speed,all_interior,coexact,coexact,random_tangent,7,next_token_logprob_delta,odd,metaphor_shift,0.5818519929153376,0.33060669761233336,5,11,0.19449768310368648,0.625
7,16,matched_betti,0.5,max_full_branch_node_speed,all_interior,coexact,coexact,random_tangent,8,next_token_logprob_delta,odd,metaphor_shift,0.18437254313303675,0.05921339761430615,5,13,0.37279903427217037,0.7083333333333334
7,16,matched_betti,0.5,max_full_branch_node_speed,all_interior,coexact,coexact,random_tangent,9,next_token_logprob_delta,odd,metaphor_shift,0.27860480529932785,0.30774508906411074,5,13,0.2522613075460124,0.7916666666666666
7,16,matched_betti,0.5,max_full_branch_node_speed,all_interior,coexact,coexact,random_tangent,10,next_token_logprob_delta,odd,metaphor_shift,0.6220319530857854,0.6513806087259914,5,9,0.16590951831677422,0.875
7,16,matched_betti,0.5,max_full_branch_node_speed,all_interior,coexact,coexact,random_tangent,11,next_token_logprob_delta,odd,metaphor_shift,0.13445776734216447,0.1707703659324455,5,8,0.10621055309996712,0.9583333333333334
7,16,matched_betti,0.5,max_full_branch_node_speed,all_interior,coexact,coexact,random_tangent,0,next_token_logprob_delta,odd,ontology_collapse,1.2348037485172032,1.4286094525736805,5,10,0.047615059249345185,0.041666666666666664
7,16,matched_betti,0.5,max_full_branch_node_speed,all_interior,coexact,coexact,random_tangent,1,next_token_logprob_delta,odd,ontology_collapse,0.5886346470895044,0.8074745386349692,5,11,0.04730991084193879,0.125
7,16,matched_betti,0.5,max_full_branch_node_speed,all_interior,coexact,coexact,random_tangent,2,next_token_logprob_delta,odd,ontology_collapse,0.2529124195737566,0.23495298731351297,5,12,0.29860928594546543,0.20833333333333334
7,16,matched_betti,0.5,max_full_branch_node_speed,all_interior,coexact,coexact,random_tangent,3,next_token_logprob_delta,odd,ontology_collapse,0.359450815444941,0.4641537951433583,5,13,0.2410866484368983,0.2916666666666667
7,16,matched_betti,0.5,max_full_branch_node_speed,all_interior,coexact,coexact,random_tangent,4,next_token_logprob_delta,odd,ontology_collapse,0.2513490280061893,0.2915321752060105,5,11,0.2067695920633849,0.375
7,16,matched_betti,0.5,max_full_branch_node_speed,all_interior,coexact,coexact,random_tangent,5,next_token_logprob_delta,odd,ontology_collapse,0.6507012625397847,0.6397224023340077,5,11,0.07379132057074199,0.4583333333333333
7,16,matched_betti,0.5,max_full_branch_node_speed,all_interior,coexact,coexact,random_tangent,6,next_token_logprob_delta,odd,ontology_collapse,0.2681010162527853,0.3401454007935172,5,12,0.4087535869203197,0.5416666666666666
7,16,matched_betti,0.5,max_full_branch_node_speed,all_interior,coexact,coexact,random_tangent,7,next_token_logprob_delta,odd,ontology_collapse,0.3071760582779451,0.1167741467562177,5,12,0.3060824188193716,0.625
7,16,matched_betti,0.5,max_full_branch_node_speed,all_interior,coexact,coexact,random_tangent,8,next_token_logprob_delta,odd,ontology_collapse,0.2733923298421781,0.39152762783612094,5,10,0.2992346289216039,0.7083333333333334
7,16,matched_betti,0.5,max_full_branch_node_speed,all_interior,coexact,coexact,random_tangent,9,next_token_logprob_delta,odd,ontology_collapse,0.44127024980946555,0.4887517056098942,5,13,0.1066803421847848,0.7916666666666666
7,16,matched_betti,0.5,max_full_branch_node_speed,all_interior,coexact,coexact,random_tangent,10,next_token_logprob_delta,odd,ontology_collapse,0.2934691342058486,0.31169060806245746,5,11,0.21850130232470488,0.875
7,16,matched_betti,0.5,max_full_branch_node_speed,all_interior,coexact,coexact,random_tangent,11,next_token_logprob_delta,odd,ontology_collapse,-0.007100892680285293,-0.025211468019622877,5,8,0.2976653354397321,0.9583333333333334
7,16,matched_betti,0.5,max_full_branch_node_speed,all_interior,coexact,coexact,random_tangent,0,semantic_margin_delta,even,identity_stress,-0.054424876727143356,0.04566859156893507,5,10,0.10989373950156059,0.041666666666666664
7,16,matched_betti,0.5,max_full_branch_node_speed,all_interior,coexact,coexact,random_tangent,1,semantic_margin_delta,even,identity_stress,0.14816826066673103,0.07636471763256748,5,13,0.1838708549992361,0.125
7,16,matched_betti,0.5,max_full_branch_node_speed,all_interior,coexact,coexact,random_tangent,2,semantic_margin_delta,even,identity_stress,-0.11653870876675534,-0.17331455088878892,5,11,0.2444469396065382,0.20833333333333334
7,16,matched_betti,0.5,max_full_branch_node_speed,all_interior,coexact,coexact,random_tangent,3,semantic_margin_delta,even,identity_stress,-0.1645853982926903,-0.174780973194754,5,15,0.14896654903382564,0.2916666666666667
7,16,matched_betti,0.5,max_full_branch_node_speed,all_interior,coexact,coexact,random_tangent,4,semantic_margin_delta,even,identity_stress,-0.0006126051394778882,0.0009327820617948474,5,11,0.36514869575352316,0.375
7,16,matched_betti,0.5,max_full_branch_node_speed,all_interior,coexact,coexact,random_tangent,5,semantic_margin_delta,even,identity_stress,-0.04486188494681697,-0.0674456250279605,5,10,0.42869276617272034,0.4583333333333333
7,16,matched_betti,0.5,max_full_branch_node_speed,all_interior,coexact,coexact,random_tangent,6,semantic_margin_delta,even,identity_stress,0.0518807844086958,0.06844144655032791,5,14,0.2615702841064801,0.5416666666666666
7,16,matched_betti,0.5,max_full_branch_node_speed,all_interior,coexact,coexact,random_tangent,7,semantic_margin_delta,even,identity_stress,-0.07720410721187905,-0.10510236819639275,5,9,0.134570104426587,0.625
7,16,matched_betti,0.5,max_full_branch_node_speed,all_interior,coexact,coexact,random_tangent,8,semantic_margin_delta,even,identity_stress,-0.07857854854909953,-0.062172209747371254,5,12,0.40242186107078864,0.7083333333333334
7,16,matched_betti,0.5,max_full_branch_node_speed,all_interior,coexact,coexact,random_tangent,9,semantic_margin_delta,even,identity_stress,-0.02012789908520185,-0.00010063580375232285,5,13,0.6283316037053881,0.7916666666666666
7,16,matched_betti,0.5,max_full_branch_node_speed,all_interior,coexact,coexact,random_tangent,10,semantic_margin_delta,even,identity_stress,0.29485882707389194,0.34623418192864547,5,10,0.15514548488701627,0.875
7,16,matched_betti,0.5,max_full_branch_node_speed,all_interior,coexact,coexact,random_tangent,11,semantic_margin_delta,even,identity_stress,0.048695750267006656,0.032316569231152406,5,8,0.4480208427892049,0.9583333333333334
7,16,matched_betti,0.5,max_full_branch_node_speed,all_interior,coexact,coexact,random_tangent,0,semantic_margin_delta,even,literal_stable,0.011080418840099629,0.07460820385228052,5,10,0.2975138392428839,0.041666666666666664
7,16,matched_betti,0.5,max_full_branch_node_speed,all_interior,coexact,coexact,random_tangent,1,semantic_margin_delta,even,literal_stable,-0.06844338397181327,-0.05579722981116929,5,11,0.3516223564521421,0.125
7,16,matched_betti,0.5,max_full_branch_node_speed,all_interior,coexact,coexact,random_tangent,2,semantic_margin_delta,even,literal_stable,-0.22386751851526937,-0.1605537455584108,5,11,0.21437430818935024,0.20833333333333334
7,16,matched_betti,0.5,max_full_branch_node_speed,all_interior,coexact,coexact,random_tangent,3,semantic_margin_delta,even,literal_stable,-0.08483831864168075,-0.06354536753138247,5,11,0.2427703465238115,0.2916666666666667
7,16,matched_betti,0.5,max_full_branch_node_speed,all_interior,coexact,coexact,random_tangent,4,semantic_margin_delta,even,literal_stable,-0.13224432207371464,-0.15620546897593215,5,12,0.16461569271875293,0.375
7,16,matched_betti,0.5,max_full_branch_node_speed,all_interior,coexact,coexact,random_tangent,5,semantic_margin_delta,even,literal_stable,-0.14996239965843108,-0.12845412539457887,5,11,0.20009193153852217,0.4583333333333333
7,16,matched_betti,0.5,max_full_branch_node_speed,all_interior,coexact,coexact,random_tangent,6,semantic_margin_delta,even,literal_stable,-0.09510697455929999,-0.13393475247800413,5,13,0.2546233786798702,0.5416666666666666
7,16,matched_betti,0.5,max_full_branch_node_speed,all_interior,coexact,coexact,random_tangent,7,semantic_margin_delta,even,literal_stable,-0.08558064423135833,-0.11390635889654992,5,10,0.16988723967667826,0.625
7,16,matched_betti,0.5,max_full_branch_node_speed,all_interior,coexact,coexact,random_tangent,8,semantic_margin_delta,even,literal_stable,-0.011142587933910314,-0.06422257582156843,5,12,0.3398900066790254,0.7083333333333334
7,16,matched_betti,0.5,max_full_branch_node_speed,all_interior,coexact,coexact,random_tangent,9,semantic_margin_delta,even,literal_stable,-0.13544815943742047,-0.06059993505669569,5,9,0.45423316010896125,0.7916666666666666
7,16,matched_betti,0.5,max_full_branch_node_speed,all_interior,coexact,coexact,random_tangent,10,semantic_margin_delta,even,literal_stable,-0.04499245120209002,-0.018690804261374313,4,8,0.24893171015259746,0.875
7,16,matched_betti,0.5,max_full_branch_node_speed,all_interior,coexact,coexact,random_tangent,11,semantic_margin_delta,even,literal_stable,0.24999401359768594,0.16055522007831036,4,6,0.1420252358761021,0.9583333333333334
7,16,matched_betti,0.5,max_full_branch_node_speed,all_interior,coexact,coexact,random_tangent,0,semantic_margin_delta,even,metaphor_shift,0.05759983814989358,0.045270290071892365,5,10,0.3910181220906178,0.041666666666666664
7,16,matched_betti,0.5,max_full_branch_node_speed,all_interior,coexact,coexact,random_tangent,1,semantic_margin_delta,even,metaphor_shift,0.16266992456641288,0.2207264012049152,5,10,0.09229993435957376,0.125
7,16,matched_betti,0.5,max_full_branch_node_speed,all_interior,coexact,coexact,random_tangent,2,semantic_margin_delta,even,metaphor_shift,-0.011994714988962051,-0.13251331082699164,5,13,0.20241495225998088,0.20833333333333334
7,16,matched_betti,0.5,max_full_branch_node_speed,all_interior,coexact,coexact,random_tangent,3,semantic_margin_delta,even,metaphor_shift,-0.02008272857775432,-0.006523026166792202,5,12,0.7298496031880746,0.2916666666666667
7,16,matched_betti,0.5,max_full_branch_node_speed,all_interior,coexact,coexact,random_tangent,4,semantic_margin_delta,even,metaphor_shift,0.05666915603273701,0.03475047168055466,5,14,0.22229792286372535,0.375
7,16,matched_betti,0.5,max_full_branch_node_speed,all_interior,coexact,coexact,random_tangent,5,semantic_margin_delta,even,metaphor_shift,0.09470167156085603,0.09952037048420198,5,10,0.07608875818760324,0.4583333333333333
7,16,matched_betti,0.5,max_full_branch_node_speed,all_interior,coexact,coexact,random_tangent,6,semantic_margin_delta,even,metaphor_shift,0.20534173891897792,0.17977756104240045,5,11,0.21934136216149538,0.5416666666666666
7,16,matched_betti,0.5,max_full_branch_node_speed,all_interior,coexact,coexact,random_tangent,7,semantic_margin_delta,even,metaphor_shift,0.09377570579843873,0.11372405077605684,5,11,0.13011002568314997,0.625
7,16,matched_betti,0.5,max_full_branch_node_speed,all_interior,coexact,coexact,random_tangent,8,semantic_margin_delta,even,metaphor_shift,0.08066091183535445,0.045902737861576295,5,13,0.2982720012267132,0.7083333333333334
7,16,matched_betti,0.5,max_full_branch_node_speed,all_interior,coexact,coexact,random_tangent,9,semantic_margin_delta,even,metaphor_shift,-0.11980498268541703,-0.13628990759164666,5,13,0.10679463976377088,0.7916666666666666
7,16,matched_betti,0.5,max_full_branch_node_speed,all_interior,coexact,coexact,random_tangent,10,semantic_margin_delta,even,metaphor_shift,-0.12044011068610601,-0.14133220270550031,5,9,0.19888511021403438,0.875
7,16,matched_betti,0.5,max_full_branch_node_speed,all_interior,coexact,coexact,random_tangent,11,semantic_margin_delta,even,metaphor_shift,0.02000650245913856,0.029617042344724894,5,8,0.30929762032447095,0.9583333333333334
7,16,matched_betti,0.5,max_full_branch_node_speed,all_interior,coexact,coexact,random_tangent,0,semantic_margin_delta,even,ontology_collapse,0.019880861059182103,-0.03719861546802557,5,10,0.25947906942431664,0.041666666666666664
7,16,matched_betti,0.5,max_full_branch_node_speed,all_interior,coexact,coexact,random_tangent,1,semantic_margin_delta,even,ontology_collapse,0.05384184003155079,0.03392591258061731,5,11,0.4213838643576497,0.125
7,16,matched_betti,0.5,max_full_branch_node_speed,all_interior,coexact,coexact,random_tangent,2,semantic_margin_delta,even,ontology_collapse,0.007899675003418802,0.06951761494509315,5,12,0.30879808882068466,0.20833333333333334
7,16,matched_betti,0.5,max_full_branch_node_speed,all_interior,coexact,coexact,random_tangent,3,semantic_margin_delta,even,ontology_collapse,-0.08958683591994747,-0.003562590082960574,5,13,0.28429272824018076,0.2916666666666667
7,16,matched_betti,0.5,max_full_branch_node_speed,all_interior,coexact,coexact,random_tangent,4,semantic_margin_delta,even,ontology_collapse,0.18505911287426727,0.2053121266327428,5,11,0.36982933348958,0.375
7,16,matched_betti,0.5,max_full_branch_node_speed,all_interior,coexact,coexact,random_tangent,5,semantic_margin_delta,even,ontology_collapse,-0.06397961262473655,-0.034218929120684166,5,11,0.23874308542944406,0.4583333333333333
7,16,matched_betti,0.5,max_full_branch_node_speed,all_interior,coexact,coexact,random_tangent,6,semantic_margin_delta,even,ontology_collapse,-0.0026766105626434998,-0.08090934242378044,5,12,0.17992615593889955,0.5416666666666666
7,16,matched_betti,0.5,max_full_branch_node_speed,all_interior,coexact,coexact,random_tangent,7,semantic_margin_delta,even,ontology_collapse,0.12662461680281453,0.12465985066584798,5,12,0.16288284256411675,0.625
7,16,matched_betti,0.5,max_full_branch_node_speed,all_interior,coexact,coexact,random_tangent,8,semantic_margin_delta,even,ontology_collapse,-0.04771971135516425,-0.024492154439287463,5,10,0.2569297575876016,0.7083333333333334
7,16,matched_betti,0.5,max_full_branch_node_speed,all_interior,coexact,coexact,random_tangent,9,semantic_margin_delta,even,ontology_collapse,-0.002593247403280696,-0.016958131360248065,5,13,0.23263994126153603,0.7916666666666666
7,16,matched_betti,0.5,max_full_branch_node_speed,all_interior,coexact,coexact,random_tangent,10,semantic_margin_delta,even,ontology_collapse,-0.0489211105048027,-0.10141868294592103,5,11,0.18624593878446782,0.875
7,16,matched_betti,0.5,max_full_branch_node_speed,all_interior,coexact,coexact,random_tangent,11,semantic_margin_delta,even,ontology_collapse,0.2812821959711188,0.15023232483325344,5,8,0.11047862821247463,0.9583333333333334
7,16,matched_betti,0.5,max_full_branch_node_speed,all_interior,coexact,coexact,random_tangent,0,semantic_margin_delta,odd,identity_stress,0.10222562324509425,0.1254070260639677,5,10,0.2567569604823216,0.041666666666666664
7,16,matched_betti,0.5,max_full_branch_node_speed,all_interior,coexact,coexact,random_tangent,1,semantic_margin_delta,odd,identity_stress,-0.08521465656545311,-0.04665365674297263,5,13,0.38456736607683295,0.125
7,16,matched_betti,0.5,max_full_branch_node_speed,all_interior,coexact,coexact,random_tangent,2,semantic_margin_delta,odd,identity_stress,-0.17455957142705159,-0.22845586557251446,5,11,0.10405348524213612,0.20833333333333334
7,16,matched_betti,0.5,max_full_branch_node_speed,all_interior,coexact,coexact,random_tangent,3,semantic_margin_delta,odd,identity_stress,0.1668165473470618,0.06615621430800281,5,15,0.2641348087216307,0.2916666666666667
7,16,matched_betti,0.5,max_full_branch_node_speed,all_interior,coexact,coexact,random_tangent,4,semantic_margin_delta,odd,identity_stress,-0.2612294254733988,-0.23297524328358848,5,11,0.09892379132868809,0.375
7,16,matched_betti,0.5,max_full_branch_node_speed,all_interior,coexact,coexact,random_tangent,5,semantic_margin_delta,odd,identity_stress,0.06571066282329627,-0.013868580234047544,5,10,0.36024419494506443,0.4583333333333333
7,16,matched_betti,0.5,max_full_branch_node_speed,all_interior,coexact,coexact,random_tangent,6,semantic_margin_delta,odd,identity_stress,-0.24024564375447977,-0.45430330816299924,5,14,0.11556814226346197,0.5416666666666666
7,16,matched_betti,0.5,max_full_branch_node_speed,all_interior,coexact,coexact,random_tangent,7,semantic_margin_delta,odd,identity_stress,0.20854818714344825,0.32093915820925994,5,9,0.11273947786502203,0.625
7,16,matched_betti,0.5,max_full_branch_node_speed,all_interior,coexact,coexact,random_tangent,8,semantic_margin_delta,odd,identity_stress,-0.1298844084987532,0.012041883536619304,5,12,0.25723323813453247,0.7083333333333334
7,16,matched_betti,0.5,max_full_branch_node_speed,all_interior,coexact,coexact,random_tangent,9,semantic_margin_delta,odd,identity_stress,0.1950083258529027,0.0308562964538523,5,13,0.31694975585013346,0.7916666666666666
7,16,matched_betti,0.5,max_full_branch_node_speed,all_interior,coexact,coexact,random_tangent,10,semantic_margin_delta,odd,identity_stress,-0.0341103171624606,0.08335926381799906,5,10,0.20501816173854276,0.875
7,16,matched_betti,0.5,max_full_branch_node_speed,all_interior,coexact,coexact,random_tangent,11,semantic_margin_delta,odd,identity_stress,-0.2649293142544446,-0.0478290060904234,5,8,0.2942739137699752,0.9583333333333334
7,16,matched_betti,0.5,max_full_branch_node_speed,all_interior,coexact,coexact,random_tangent,0,semantic_margin_delta,odd,literal_stable,-0.27663989701762304,-0.2816724714229387,5,10,0.17475875351615702,0.041666666666666664
7,16,matched_betti,0.5,max_full_branch_node_speed,all_interior,coexact,coexact,random_tangent,1,semantic_margin_delta,odd,literal_stable,0.10576105461346189,0.19438723493192778,5,11,0.2638591158733003,0.125
7,16,matched_betti,0.5,max_full_branch_node_speed,all_interior,coexact,coexact,random_tangent,2,semantic_margin_delta,odd,literal_stable,0.007394238440138884,0.18751612669893858,5,11,0.18196497751762697,0.20833333333333334
7,16,matched_betti,0.5,max_full_branch_node_speed,all_interior,coexact,coexact,random_tangent,3,semantic_margin_delta,odd,literal_stable,0.19009845117803,0.2066124176533785,5,11,0.15973698166533049,0.2916666666666667
7,16,matched_betti,0.5,max_full_branch_node_speed,all_interior,coexact,coexact,random_tangent,4,semantic_margin_delta,odd,literal_stable,-0.08403787112102726,-0.2227145398394191,5,12,0.2943020345498715,0.375
7,16,matched_betti,0.5,max_full_branch_node_speed,all_interior,coexact,coexact,random_tangent,5,semantic_margin_delta,odd,literal_stable,-0.44510914786195066,-0.44275371545480785,5,11,0.21555927241489875,0.4583333333333333
7,16,matched_betti,0.5,max_full_branch_node_speed,all_interior,coexact,coexact,random_tangent,6,semantic_margin_delta,odd,literal_stable,0.3426044843485822,0.38894208291504,5,13,0.11915196162519767,0.5416666666666666
7,16,matched_betti,0.5,max_full_branch_node_speed,all_interior,coexact,coexact,random_tangent,7,semantic_margin_delta,odd,literal_stable,-0.15899673471750117,-0.08335500525955368,5,10,0.35187310200123284,0.625
7,16,matched_betti,0.5,max_full_branch_node_speed,all_interior,coexact,coexact,random_tangent,8,semantic_margin_delta,odd,literal_stable,-0.0177612669543711,0.16809660953540453,5,12,0.29722770239374713,0.7083333333333334
7,16,matched_betti,0.5,max_full_branch_node_speed,all_interior,coexact,coexact,random_tangent,9,semantic_margin_delta,odd,literal_stable,0.008172596647374974,0.029175706659875598,5,9,0.39562432538319714,0.7916666666666666
7,16,matched_betti,0.5,max_full_branch_node_speed,all_interior,coexact,coexact,random_tangent,10,semantic_margin_delta,odd,literal_stable,0.05924416758889765,0.16908177287286766,4,8,0.41460576391471515,0.875
7,16,matched_betti,0.5,max_full_branch_node_speed,all_interior,coexact,coexact,random_tangent,11,semantic_margin_delta,odd,literal_stable,0.15661291523688492,0.11976983423650889,4,6,0.23025644278023363,0.9583333333333334
7,16,matched_betti,0.5,max_full_branch_node_speed,all_interior,coexact,coexact,random_tangent,0,semantic_margin_delta,odd,metaphor_shift,-0.07337368066391034,0.05268879272467525,5,10,0.29709528441996536,0.041666666666666664
7,16,matched_betti,0.5,max_full_branch_node_speed,all_interior,coexact,coexact,random_tangent,1,semantic_margin_delta,odd,metaphor_shift,0.15292977525731472,0.08621660499986586,5,10,0.3348466903805723,0.125
7,16,matched_betti,0.5,max_full_branch_node_speed,all_interior,coexact,coexact,random_tangent,2,semantic_margin_delta,odd,metaphor_shift,0.012220743751840369,-0.17936728081179037,5,13,0.25277521354563387,0.20833333333333334
7,16,matched_betti,0.5,max_full_branch_node_speed,all_interior,coexact,coexact,random_tangent,3,semantic_margin_delta,odd,metaphor_shift,-0.2087683079083969,-0.1481609003089387,5,12,0.09236570416265058,0.2916666666666667
7,16,matched_betti,0.5,max_full_branch_node_speed,all_interior,coexact,coexact,random_tangent,4,semantic_margin_delta,odd,metaphor_shift,0.3003077289047928,0.43419811541478476,5,14,0.1325132571742869,0.375
7,16,matched_betti,0.5,max_full_branch_node_speed,all_interior,coexact,coexact,random_tangent,5,semantic_margin_delta,odd,metaphor_shift,-0.20794325642418957,-0.33299113140692577,5,10,0.05410528382701727,0.4583333333333333
7,16,matched_betti,0.5,max_full_branch_node_speed,all_interior,coexact,coexact,random_tangent,6,semantic_margin_delta,odd,metaphor_shift,-0.09799392934421318,0.06280687975892901,5,11,0.3831273894418715,0.5416666666666666
7,16,matched_betti,0.5,max_full_branch_node_speed,all_interior,coexact,coexact,random_tangent,7,semantic_margin_delta,odd,metaphor_shift,0.22594537052989447,0.28252181327141773,5,11,0.3963322295422359,0.625
7,16,matched_betti,0.5,max_full_branch_node_speed,all_interior,coexact,coexact,random_tangent,8,semantic_margin_delta,odd,metaphor_shift,-0.03612173799386397,-0.07016963202919246,5,13,0.17105730969467567,0.7083333333333334
7,16,matched_betti,0.5,max_full_branch_node_speed,all_interior,coexact,coexact,random_tangent,9,semantic_margin_delta,odd,metaphor_shift,-0.25385813887519726,-0.3319928286477595,5,13,0.23094722927563502,0.7916666666666666
7,16,matched_betti,0.5,max_full_branch_node_speed,all_interior,coexact,coexact,random_tangent,10,semantic_margin_delta,odd,metaphor_shift,-0.1807141106122979,0.03048924346115898,5,9,0.33640630571583624,0.875
7,16,matched_betti,0.5,max_full_branch_node_speed,all_interior,coexact,coexact,random_tangent,11,semantic_margin_delta,odd,metaphor_shift,-0.24328212457157186,-0.032799950747176794,5,8,0.45474518203044656,0.9583333333333334
7,16,matched_betti,0.5,max_full_branch_node_speed,all_interior,coexact,coexact,random_tangent,0,semantic_margin_delta,odd,ontology_collapse,0.12951052624452392,0.11713037303312597,5,10,0.26623252867497404,0.041666666666666664
7,16,matched_betti,0.5,max_full_branch_node_speed,all_interior,coexact,coexact,random_tangent,1,semantic_margin_delta,odd,ontology_collapse,-0.18124352073600553,-0.19371018339780308,5,11,0.2693667679538442,0.125
7,16,matched_betti,0.5,max_full_branch_node_speed,all_interior,coexact,coexact,random_tangent,2,semantic_margin_delta,odd,ontology_collapse,-0.22243787802726364,-0.10675839395966717,5,12,0.335292666175548,0.20833333333333334
7,16,matched_betti,0.5,max_full_branch_node_speed,all_interior,coexact,coexact,random_tangent,3,semantic_margin_delta,odd,ontology_collapse,-0.17461119207691753,-0.26870916871667394,5,13,0.242976941485602,0.2916666666666667
7,16,matched_betti,0.5,max_full_branch_node_speed,all_interior,coexact,coexact,random_tangent,4,semantic_margin_delta,odd,ontology_collapse,-0.0780013306450639,-0.12965389516483206,5,11,0.3111815039693393,0.375
7,16,matched_betti,0.5,max_full_branch_node_speed,all_interior,coexact,coexact,random_tangent,5,semantic_margin_delta,odd,ontology_collapse,-0.14827641128231975,-0.024786562499243797,5,11,0.30733861519468314,0.4583333333333333
7,16,matched_betti,0.5,max_full_branch_node_speed,all_interior,coexact,coexact,random_tangent,6,semantic_margin_delta,odd,ontology_collapse,-0.00801870293796041,-0.08056696588968602,5,12,0.24002330255136023,0.5416666666666666
7,16,matched_betti,0.5,max_full_branch_node_speed,all_interior,coexact,coexact,random_tangent,7,semantic_margin_delta,odd,ontology_collapse,-0.1475940412284826,0.12639782370688182,5,12,0.2756575517348511,0.625
7,16,matched_betti,0.5,max_full_branch_node_speed,all_interior,coexact,coexact,random_tangent,8,semantic_margin_delta,odd,ontology_collapse,-0.15122111238464778,-0.04475602882095331,5,10,0.25073016391939407,0.7083333333333334
7,16,matched_betti,0.5,max_full_branch_node_speed,all_interior,coexact,coexact,random_tangent,9,semantic_margin_delta,odd,ontology_collapse,0.11701773260082793,0.11915459084345456,5,13,0.24465732195752113,0.7916666666666666
7,16,matched_betti,0.5,max_full_branch_node_speed,all_interior,coexact,coexact,random_tangent,10,semantic_margin_delta,odd,ontology_collapse,0.09021298518353849,0.02900049587482963,5,11,0.33683301080861117,0.875
7,16,matched_betti,0.5,max_full_branch_node_speed,all_interior,coexact,coexact,random_tangent,11,semantic_margin_delta,odd,ontology_collapse,-0.34599691074042727,-0.18249069087526928,5,8,0.27046613041014067,0.9583333333333334
