layer,k,complex_mode,betti_1_fraction_target,random_tangent_reference,token_selector,selector_component,component,baseline_component,family,prompt_id,metric,contrast_type,position_phase,response_coefficient,n_bins,n_tokens
7,16,matched_betti,0.5,max_full_branch_node_speed,all_interior,coexact,coexact,random_tangent,identity_stress,identity_01,next_token_logprob_delta,even,early,-0.08615851693735788,4,11
7,16,matched_betti,0.5,max_full_branch_node_speed,all_interior,coexact,coexact,random_tangent,literal_stable,literal_01,next_token_logprob_delta,even,early,0.056956338777866274,4,10
7,16,matched_betti,0.5,max_full_branch_node_speed,all_interior,coexact,coexact,random_tangent,metaphor_shift,metaphor_01,next_token_logprob_delta,even,early,-0.07226566334424309,4,10
7,16,matched_betti,0.5,max_full_branch_node_speed,all_interior,coexact,coexact,random_tangent,ontology_collapse,ontology_01,next_token_logprob_delta,even,early,-0.0621623635451728,4,10
7,16,matched_betti,0.5,max_full_branch_node_speed,all_interior,coexact,coexact,random_tangent,identity_stress,identity_01,next_token_logprob_delta,even,early_minus_late,-0.1054762371230567,8,22
7,16,matched_betti,0.5,max_full_branch_node_speed,all_interior,coexact,coexact,random_tangent,literal_stable,literal_01,next_token_logprob_delta,even,early_minus_late,0.1671937046953046,7,17
7,16,matched_betti,0.5,max_full_branch_node_speed,all_interior,coexact,coexact,random_tangent,metaphor_shift,metaphor_01,next_token_logprob_delta,even,early_minus_late,-0.24849770156457246,8,20
7,16,matched_betti,0.5,max_full_branch_node_speed,all_interior,coexact,coexact,random_tangent,ontology_collapse,ontology_01,next_token_logprob_delta,even,early_minus_late,-0.039622696593496716,8,18
7,16,matched_betti,0.5,max_full_branch_node_speed,all_interior,coexact,coexact,random_tangent,identity_stress,identity_01,next_token_logprob_delta,even,late,0.01931772018569882,4,11
7,16,matched_betti,0.5,max_full_branch_node_speed,all_interior,coexact,coexact,random_tangent,literal_stable,literal_01,next_token_logprob_delta,even,late,-0.11023736591743831,3,7
7,16,matched_betti,0.5,max_full_branch_node_speed,all_interior,coexact,coexact,random_tangent,metaphor_shift,metaphor_01,next_token_logprob_delta,even,late,0.17623203822032937,4,10
7,16,matched_betti,0.5,max_full_branch_node_speed,all_interior,coexact,coexact,random_tangent,ontology_collapse,ontology_01,next_token_logprob_delta,even,late,-0.022539666951676085,4,8
7,16,matched_betti,0.5,max_full_branch_node_speed,all_interior,coexact,coexact,random_tangent,identity_stress,identity_01,next_token_logprob_delta,even,middle,-0.1032176473710935,4,11
7,16,matched_betti,0.5,max_full_branch_node_speed,all_interior,coexact,coexact,random_tangent,literal_stable,literal_01,next_token_logprob_delta,even,middle,-0.1728999683680818,4,11
7,16,matched_betti,0.5,max_full_branch_node_speed,all_interior,coexact,coexact,random_tangent,metaphor_shift,metaphor_01,next_token_logprob_delta,even,middle,-0.14951112156153415,4,10
7,16,matched_betti,0.5,max_full_branch_node_speed,all_interior,coexact,coexact,random_tangent,ontology_collapse,ontology_01,next_token_logprob_delta,even,middle,0.23473852740290205,4,9
7,16,matched_betti,0.5,max_full_branch_node_speed,all_interior,coexact,coexact,random_tangent,identity_stress,identity_01,next_token_logprob_delta,odd,early,0.016568144690121092,4,11
7,16,matched_betti,0.5,max_full_branch_node_speed,all_interior,coexact,coexact,random_tangent,literal_stable,literal_01,next_token_logprob_delta,odd,early,0.5923170489275356,4,10
7,16,matched_betti,0.5,max_full_branch_node_speed,all_interior,coexact,coexact,random_tangent,metaphor_shift,metaphor_01,next_token_logprob_delta,odd,early,0.21594642451564047,4,10
7,16,matched_betti,0.5,max_full_branch_node_speed,all_interior,coexact,coexact,random_tangent,ontology_collapse,ontology_01,next_token_logprob_delta,odd,early,0.5544477679073472,4,10
7,16,matched_betti,0.5,max_full_branch_node_speed,all_interior,coexact,coexact,random_tangent,identity_stress,identity_01,next_token_logprob_delta,odd,early_minus_late,-0.0015606182922604656,8,22
7,16,matched_betti,0.5,max_full_branch_node_speed,all_interior,coexact,coexact,random_tangent,literal_stable,literal_01,next_token_logprob_delta,odd,early_minus_late,0.7935657773378945,7,17
7,16,matched_betti,0.5,max_full_branch_node_speed,all_interior,coexact,coexact,random_tangent,metaphor_shift,metaphor_01,next_token_logprob_delta,odd,early_minus_late,0.3111853882226262,8,20
7,16,matched_betti,0.5,max_full_branch_node_speed,all_interior,coexact,coexact,random_tangent,ontology_collapse,ontology_01,next_token_logprob_delta,odd,early_minus_late,0.2916376846731352,8,18
7,16,matched_betti,0.5,max_full_branch_node_speed,all_interior,coexact,coexact,random_tangent,identity_stress,identity_01,next_token_logprob_delta,odd,late,0.018128762982381558,4,11
7,16,matched_betti,0.5,max_full_branch_node_speed,all_interior,coexact,coexact,random_tangent,literal_stable,literal_01,next_token_logprob_delta,odd,late,-0.20124872841035893,3,7
7,16,matched_betti,0.5,max_full_branch_node_speed,all_interior,coexact,coexact,random_tangent,metaphor_shift,metaphor_01,next_token_logprob_delta,odd,late,-0.09523896370698576,4,10
7,16,matched_betti,0.5,max_full_branch_node_speed,all_interior,coexact,coexact,random_tangent,ontology_collapse,ontology_01,next_token_logprob_delta,odd,late,0.26281008323421196,4,8
7,16,matched_betti,0.5,max_full_branch_node_speed,all_interior,coexact,coexact,random_tangent,identity_stress,identity_01,next_token_logprob_delta,odd,middle,0.222757602619768,4,11
7,16,matched_betti,0.5,max_full_branch_node_speed,all_interior,coexact,coexact,random_tangent,literal_stable,literal_01,next_token_logprob_delta,odd,middle,0.39124620567644464,4,11
7,16,matched_betti,0.5,max_full_branch_node_speed,all_interior,coexact,coexact,random_tangent,metaphor_shift,metaphor_01,next_token_logprob_delta,odd,middle,0.4945308305786559,4,10
7,16,matched_betti,0.5,max_full_branch_node_speed,all_interior,coexact,coexact,random_tangent,ontology_collapse,ontology_01,next_token_logprob_delta,odd,middle,0.2069246579029946,4,9
7,16,matched_betti,0.5,max_full_branch_node_speed,all_interior,coexact,coexact,random_tangent,identity_stress,identity_01,semantic_margin_delta,even,early,-0.11524678691728876,4,11
7,16,matched_betti,0.5,max_full_branch_node_speed,all_interior,coexact,coexact,random_tangent,literal_stable,literal_01,semantic_margin_delta,even,early,0.019644661498271695,4,10
7,16,matched_betti,0.5,max_full_branch_node_speed,all_interior,coexact,coexact,random_tangent,metaphor_shift,metaphor_01,semantic_margin_delta,even,early,0.05870023763353733,4,10
7,16,matched_betti,0.5,max_full_branch_node_speed,all_interior,coexact,coexact,random_tangent,ontology_collapse,ontology_01,semantic_margin_delta,even,early,0.03203757233081158,4,10
7,16,matched_betti,0.5,max_full_branch_node_speed,all_interior,coexact,coexact,random_tangent,identity_stress,identity_01,semantic_margin_delta,even,early_minus_late,-0.08012448382196925,8,22
7,16,matched_betti,0.5,max_full_branch_node_speed,all_interior,coexact,coexact,random_tangent,literal_stable,literal_01,semantic_margin_delta,even,early_minus_late,0.1713321607795094,7,17
7,16,matched_betti,0.5,max_full_branch_node_speed,all_interior,coexact,coexact,random_tangent,metaphor_shift,metaphor_01,semantic_margin_delta,even,early_minus_late,0.145881217458262,8,20
7,16,matched_betti,0.5,max_full_branch_node_speed,all_interior,coexact,coexact,random_tangent,ontology_collapse,ontology_01,semantic_margin_delta,even,early_minus_late,0.1411278343716885,8,18
7,16,matched_betti,0.5,max_full_branch_node_speed,all_interior,coexact,coexact,random_tangent,identity_stress,identity_01,semantic_margin_delta,even,late,-0.03512230309531951,4,11
7,16,matched_betti,0.5,max_full_branch_node_speed,all_interior,coexact,coexact,random_tangent,literal_stable,literal_01,semantic_margin_delta,even,late,-0.15168749928123773,3,7
7,16,matched_betti,0.5,max_full_branch_node_speed,all_interior,coexact,coexact,random_tangent,metaphor_shift,metaphor_01,semantic_margin_delta,even,late,-0.08718097982472467,4,10
7,16,matched_betti,0.5,max_full_branch_node_speed,all_interior,coexact,coexact,random_tangent,ontology_collapse,ontology_01,semantic_margin_delta,even,late,-0.1090902620408769,4,8
7,16,matched_betti,0.5,max_full_branch_node_speed,all_interior,coexact,coexact,random_tangent,identity_stress,identity_01,semantic_margin_delta,even,middle,0.0046532015067844296,4,11
7,16,matched_betti,0.5,max_full_branch_node_speed,all_interior,coexact,coexact,random_tangent,literal_stable,literal_01,semantic_margin_delta,even,middle,0.030049330213515944,4,11
7,16,matched_betti,0.5,max_full_branch_node_speed,all_interior,coexact,coexact,random_tangent,metaphor_shift,metaphor_01,semantic_margin_delta,even,middle,0.0774812112057034,4,10
7,16,matched_betti,0.5,max_full_branch_node_speed,all_interior,coexact,coexact,random_tangent,ontology_collapse,ontology_01,semantic_margin_delta,even,middle,0.22898361388145497,4,9
7,16,matched_betti,0.5,max_full_branch_node_speed,all_interior,coexact,coexact,random_tangent,identity_stress,identity_01,semantic_margin_delta,odd,early,-0.21967305723267758,4,11
7,16,matched_betti,0.5,max_full_branch_node_speed,all_interior,coexact,coexact,random_tangent,literal_stable,literal_01,semantic_margin_delta,odd,early,-0.18500935127335494,4,10
7,16,matched_betti,0.5,max_full_branch_node_speed,all_interior,coexact,coexact,random_tangent,metaphor_shift,metaphor_01,semantic_margin_delta,odd,early,0.2068523143759593,4,10
7,16,matched_betti,0.5,max_full_branch_node_speed,all_interior,coexact,coexact,random_tangent,ontology_collapse,ontology_01,semantic_margin_delta,odd,early,0.048952254825521166,4,10
7,16,matched_betti,0.5,max_full_branch_node_speed,all_interior,coexact,coexact,random_tangent,identity_stress,identity_01,semantic_margin_delta,odd,early_minus_late,-0.2658276560623922,8,22
7,16,matched_betti,0.5,max_full_branch_node_speed,all_interior,coexact,coexact,random_tangent,literal_stable,literal_01,semantic_margin_delta,odd,early_minus_late,-0.10518760222576565,7,17
7,16,matched_betti,0.5,max_full_branch_node_speed,all_interior,coexact,coexact,random_tangent,metaphor_shift,metaphor_01,semantic_margin_delta,odd,early_minus_late,0.18841212146220593,8,20
7,16,matched_betti,0.5,max_full_branch_node_speed,all_interior,coexact,coexact,random_tangent,ontology_collapse,ontology_01,semantic_margin_delta,odd,early_minus_late,0.24842556481750827,8,18
7,16,matched_betti,0.5,max_full_branch_node_speed,all_interior,coexact,coexact,random_tangent,identity_stress,identity_01,semantic_margin_delta,odd,late,0.04615459882971465,4,11
7,16,matched_betti,0.5,max_full_branch_node_speed,all_interior,coexact,coexact,random_tangent,literal_stable,literal_01,semantic_margin_delta,odd,late,-0.07982174904758929,3,7
7,16,matched_betti,0.5,max_full_branch_node_speed,all_interior,coexact,coexact,random_tangent,metaphor_shift,metaphor_01,semantic_margin_delta,odd,late,0.018440192913753387,4,10
7,16,matched_betti,0.5,max_full_branch_node_speed,all_interior,coexact,coexact,random_tangent,ontology_collapse,ontology_01,semantic_margin_delta,odd,late,-0.1994733099919871,4,8
7,16,matched_betti,0.5,max_full_branch_node_speed,all_interior,coexact,coexact,random_tangent,identity_stress,identity_01,semantic_margin_delta,odd,middle,-0.39499895009582314,4,11
7,16,matched_betti,0.5,max_full_branch_node_speed,all_interior,coexact,coexact,random_tangent,literal_stable,literal_01,semantic_margin_delta,odd,middle,-0.11879258784298462,4,11
7,16,matched_betti,0.5,max_full_branch_node_speed,all_interior,coexact,coexact,random_tangent,metaphor_shift,metaphor_01,semantic_margin_delta,odd,middle,-0.17545851681007188,4,10
7,16,matched_betti,0.5,max_full_branch_node_speed,all_interior,coexact,coexact,random_tangent,ontology_collapse,ontology_01,semantic_margin_delta,odd,middle,0.04881694079557625,4,9
