layer,k,complex_mode,betti_1_fraction_target,random_tangent_reference,token_selector,selector_component,component,baseline_component,position_bin,metric,contrast_type,position_bin_lower,position_bin_center,position_bin_upper,response_power,n_alpha_magnitudes,n_prompts,n_families,n_tokens,mean_response_coefficient,median_response_coefficient,bootstrap_ci_lower,bootstrap_ci_upper,positive_prompt_fraction,negative_prompt_fraction,mean_relative_response_rmse,min_null_seeds,max_null_seeds,bootstrap_samples,bootstrap_seed,candidate_prompts,candidate_tokens,active_prompts,active_tokens,active_prompt_fraction,active_token_fraction
7,16,matched_betti,0.5,max_full_branch_node_speed,all_interior,coexact,coexact,random_tangent,0,next_token_logprob_delta,even,0.0,0.041666666666666664,0.08333333333333333,2,3,4,4,8,-0.08693581183346777,-0.10354234861189353,-0.2637089013997861,0.10628133935687786,0.25,0.75,0.09820201034780102,8,8,5000,1729,4,8,4,8,1.0,1.0
7,16,matched_betti,0.5,max_full_branch_node_speed,all_interior,coexact,coexact,random_tangent,1,next_token_logprob_delta,even,0.08333333333333333,0.125,0.16666666666666666,2,3,4,4,11,-0.19505605791726405,-0.1813877229423029,-0.31312293785475304,-0.07698917797977506,0.0,1.0,0.18886519038201383,8,8,5000,1729,4,12,4,11,1.0,0.9166666666666666
7,16,matched_betti,0.5,max_full_branch_node_speed,all_interior,coexact,coexact,random_tangent,2,next_token_logprob_delta,even,0.16666666666666666,0.20833333333333334,0.25,2,3,4,4,11,-0.03856627850633928,-0.01895621431905189,-0.2574076042186254,0.16066498301865947,0.5,0.5,0.42026614465655987,8,8,5000,1729,4,11,4,11,1.0,1.0
7,16,matched_betti,0.5,max_full_branch_node_speed,all_interior,coexact,coexact,random_tangent,3,next_token_logprob_delta,even,0.25,0.2916666666666667,0.3333333333333333,2,3,4,4,11,0.15895323945484233,0.12969045716467095,0.038390243085252115,0.30877901811460395,1.0,0.0,0.17702777053232394,8,8,5000,1729,4,11,4,11,1.0,1.0
7,16,matched_betti,0.5,max_full_branch_node_speed,all_interior,coexact,coexact,random_tangent,4,next_token_logprob_delta,even,0.3333333333333333,0.375,0.4166666666666667,2,3,4,4,10,0.021682518703721385,-0.059472391000913435,-0.09690401548778482,0.20822526780019124,0.25,0.75,0.21882068817489764,8,8,5000,1729,4,11,4,10,1.0,0.9090909090909091
7,16,matched_betti,0.5,max_full_branch_node_speed,all_interior,coexact,coexact,random_tangent,5,next_token_logprob_delta,even,0.4166666666666667,0.4583333333333333,0.5,2,3,4,4,10,-0.05382237265564928,-0.06412182327685292,-0.2720500917823845,0.17470479709228953,0.25,0.75,0.1287416332370864,8,8,5000,1729,4,10,4,10,1.0,1.0
7,16,matched_betti,0.5,max_full_branch_node_speed,all_interior,coexact,coexact,random_tangent,6,next_token_logprob_delta,even,0.5,0.5416666666666666,0.5833333333333334,2,3,4,4,12,-0.15187888208421857,-0.13382035742893464,-0.2849597787467695,-0.018797985421667655,0.0,1.0,0.3511124115572737,8,8,5000,1729,4,12,4,12,1.0,1.0
7,16,matched_betti,0.5,max_full_branch_node_speed,all_interior,coexact,coexact,random_tangent,7,next_token_logprob_delta,even,0.5833333333333334,0.625,0.6666666666666666,2,3,4,4,9,-0.056076590586087494,-0.05147788171813721,-0.22165605754496767,0.10490416750484238,0.25,0.75,0.4852768281052778,8,8,5000,1729,4,10,4,9,1.0,0.9
7,16,matched_betti,0.5,max_full_branch_node_speed,all_interior,coexact,coexact,random_tangent,8,next_token_logprob_delta,even,0.6666666666666666,0.7083333333333334,0.75,2,3,4,4,11,-0.045567205661118465,-0.08815123297962518,-0.17422291265282536,0.12567252864909517,0.25,0.75,0.12049329876806698,8,8,5000,1729,4,12,4,11,1.0,0.9166666666666666
7,16,matched_betti,0.5,max_full_branch_node_speed,all_interior,coexact,coexact,random_tangent,9,next_token_logprob_delta,even,0.75,0.7916666666666666,0.8333333333333334,2,3,4,4,10,0.05012310687785565,0.04679297225513815,0.017631663272214743,0.08594468510621406,1.0,0.0,0.34739967323201004,8,8,5000,1729,4,11,4,10,1.0,0.9090909090909091
7,16,matched_betti,0.5,max_full_branch_node_speed,all_interior,coexact,coexact,random_tangent,10,next_token_logprob_delta,even,0.8333333333333334,0.875,0.9166666666666666,2,3,4,4,11,-0.09977554621096552,-0.01954673453882487,-0.38093120968667293,0.12475403092293555,0.5,0.5,0.38591140999241225,8,8,5000,1729,4,12,4,11,1.0,0.9166666666666666
7,16,matched_betti,0.5,max_full_branch_node_speed,all_interior,coexact,coexact,random_tangent,11,next_token_logprob_delta,even,0.9166666666666666,0.9583333333333334,1.0,2,3,3,3,4,0.26415703741015545,0.15708189934345065,0.0584041021614199,0.5769851107255959,1.0,0.0,0.15996449372189145,8,8,5000,1729,4,8,3,4,0.75,0.5
7,16,matched_betti,0.5,max_full_branch_node_speed,all_interior,coexact,coexact,random_tangent,0,next_token_logprob_delta,odd,0.0,0.041666666666666664,0.08333333333333333,1,3,4,4,8,0.5257663601547522,0.6216932298411866,-0.25715863564592545,1.2127644862689957,0.75,0.25,0.1243474420752881,8,8,5000,1729,4,8,4,8,1.0,1.0
7,16,matched_betti,0.5,max_full_branch_node_speed,all_interior,coexact,coexact,random_tangent,1,next_token_logprob_delta,odd,0.08333333333333333,0.125,0.16666666666666666,1,3,4,4,11,0.306894255958585,0.3182621814883765,-0.1864511734326897,0.7888717598200681,0.75,0.25,0.14198575711012348,8,8,5000,1729,4,12,4,11,1.0,0.9166666666666666
7,16,matched_betti,0.5,max_full_branch_node_speed,all_interior,coexact,coexact,random_tangent,2,next_token_logprob_delta,odd,0.16666666666666666,0.20833333333333334,0.25,1,3,4,4,11,0.07645923021229581,0.03228711826261307,-0.10469349690520272,0.3017840692794771,0.75,0.25,0.37692525491175755,8,8,5000,1729,4,11,4,11,1.0,1.0
7,16,matched_betti,0.5,max_full_branch_node_speed,all_interior,coexact,coexact,random_tangent,3,next_token_logprob_delta,odd,0.25,0.2916666666666667,0.3333333333333333,1,3,4,4,11,0.463094427020803,0.4281793716790527,-0.23931608784138847,1.1655049418829946,0.5,0.5,0.09075075600347943,8,8,5000,1729,4,11,4,11,1.0,1.0
7,16,matched_betti,0.5,max_full_branch_node_speed,all_interior,coexact,coexact,random_tangent,4,next_token_logprob_delta,odd,0.3333333333333333,0.375,0.4166666666666667,1,3,4,4,10,0.19670558902820956,0.3126719294732956,-0.2159108809080834,0.49335571851941656,0.75,0.25,0.0975523979754168,8,8,5000,1729,4,11,4,10,1.0,0.9090909090909091
7,16,matched_betti,0.5,max_full_branch_node_speed,all_interior,coexact,coexact,random_tangent,5,next_token_logprob_delta,odd,0.4166666666666667,0.4583333333333333,0.5,1,3,4,4,10,0.32045395770089397,0.2911960262055929,0.1675567596333063,0.4906353689911133,1.0,0.0,0.09293507462329632,8,8,5000,1729,4,10,4,10,1.0,1.0
7,16,matched_betti,0.5,max_full_branch_node_speed,all_interior,coexact,coexact,random_tangent,6,next_token_logprob_delta,odd,0.5,0.5416666666666666,0.5833333333333334,1,3,4,4,12,0.34101203696473864,0.34404352847134356,0.22192001124776747,0.4601040626817098,1.0,0.0,0.2592006324265559,8,8,5000,1729,4,12,4,12,1.0,1.0
7,16,matched_betti,0.5,max_full_branch_node_speed,all_interior,coexact,coexact,random_tangent,7,next_token_logprob_delta,odd,0.5833333333333334,0.625,0.6666666666666666,1,3,4,4,9,0.43903732432761133,0.42924632259646633,0.23217461684059323,0.6459000318146293,1.0,0.0,0.2225047720378835,8,8,5000,1729,4,10,4,9,1.0,0.9
7,16,matched_betti,0.5,max_full_branch_node_speed,all_interior,coexact,coexact,random_tangent,8,next_token_logprob_delta,odd,0.6666666666666666,0.7083333333333334,0.75,1,3,4,4,11,0.2540460481428336,0.2612725068708273,0.11825247331738144,0.3898396229682857,1.0,0.0,0.13541944025307928,8,8,5000,1729,4,12,4,11,1.0,0.9166666666666666
7,16,matched_betti,0.5,max_full_branch_node_speed,all_interior,coexact,coexact,random_tangent,9,next_token_logprob_delta,odd,0.75,0.7916666666666666,0.8333333333333334,1,3,4,4,10,-0.034430017113983545,0.17429679776548979,-0.4970492247405184,0.2194623756330779,0.75,0.25,0.20086540081063992,8,8,5000,1729,4,11,4,10,1.0,0.9090909090909091
7,16,matched_betti,0.5,max_full_branch_node_speed,all_interior,coexact,coexact,random_tangent,10,next_token_logprob_delta,odd,0.8333333333333334,0.875,0.9166666666666666,1,3,4,4,11,0.16795508332899767,0.16610219330577486,-0.18560224205073653,0.521512408708732,0.5,0.5,0.32980687066029263,8,8,5000,1729,4,12,4,11,1.0,0.9166666666666666
7,16,matched_betti,0.5,max_full_branch_node_speed,all_interior,coexact,coexact,random_tangent,11,next_token_logprob_delta,odd,0.9166666666666666,0.9583333333333334,1.0,1,3,3,3,4,-0.3651657034879006,-0.46229179930627917,-0.9933268498879982,0.3601215387305754,0.3333333333333333,0.6666666666666666,0.059628150497874545,8,8,5000,1729,4,8,3,4,0.75,0.5
7,16,matched_betti,0.5,max_full_branch_node_speed,all_interior,coexact,coexact,random_tangent,0,semantic_margin_delta,even,0.0,0.041666666666666664,0.08333333333333333,2,3,4,4,8,0.055468581211503186,0.06673055103258624,-0.08488890543060648,0.18456409803252982,0.75,0.25,0.09657778327997367,8,8,5000,1729,4,8,4,8,1.0,1.0
7,16,matched_betti,0.5,max_full_branch_node_speed,all_interior,coexact,coexact,random_tangent,1,semantic_margin_delta,even,0.08333333333333333,0.125,0.16666666666666666,2,3,4,4,11,0.027765484567460808,0.044486361144238984,-0.15397923827212734,0.20112556778956123,0.5,0.5,0.0788803900554345,8,8,5000,1729,4,12,4,11,1.0,0.9166666666666666
7,16,matched_betti,0.5,max_full_branch_node_speed,all_interior,coexact,coexact,random_tangent,2,semantic_margin_delta,even,0.16666666666666666,0.20833333333333334,0.25,2,3,4,4,11,-0.15955754365687896,-0.178699506440382,-0.30913780635691995,0.009164681826665005,0.25,0.75,0.09608306033334725,8,8,5000,1729,4,11,4,11,1.0,1.0
7,16,matched_betti,0.5,max_full_branch_node_speed,all_interior,coexact,coexact,random_tangent,3,semantic_margin_delta,even,0.25,0.2916666666666667,0.3333333333333333,2,3,4,4,11,0.08495887358874471,-0.007188112847096922,-0.054665094027766745,0.3167298276410978,0.25,0.75,0.514158606611647,8,8,5000,1729,4,11,4,11,1.0,1.0
7,16,matched_betti,0.5,max_full_branch_node_speed,all_interior,coexact,coexact,random_tangent,4,semantic_margin_delta,even,0.3333333333333333,0.375,0.4166666666666667,2,3,4,4,10,0.09432251779079881,0.12474550706202905,-0.04038316229567145,0.21198753518381153,0.75,0.25,0.34975034005517563,8,8,5000,1729,4,11,4,10,1.0,0.9090909090909091
7,16,matched_betti,0.5,max_full_branch_node_speed,all_interior,coexact,coexact,random_tangent,5,semantic_margin_delta,even,0.4166666666666667,0.4583333333333333,0.5,2,3,4,4,10,0.10324918678015715,0.06347165710930713,-0.02337804320424481,0.26965394643540913,0.75,0.25,0.35659831893594635,8,8,5000,1729,4,10,4,10,1.0,1.0
7,16,matched_betti,0.5,max_full_branch_node_speed,all_interior,coexact,coexact,random_tangent,6,semantic_margin_delta,even,0.5,0.5416666666666666,0.5833333333333334,2,3,4,4,12,0.07826959964014146,0.07364085040580767,-0.012268684960532742,0.16880788424081566,0.75,0.25,0.4104069555837347,8,8,5000,1729,4,12,4,12,1.0,1.0
7,16,matched_betti,0.5,max_full_branch_node_speed,all_interior,coexact,coexact,random_tangent,7,semantic_margin_delta,even,0.5833333333333334,0.625,0.6666666666666666,2,3,4,4,9,0.002849654438284638,-0.006184707911270064,-0.15232092027675515,0.15802022915332442,0.5,0.5,0.2498473252982582,8,8,5000,1729,4,10,4,9,1.0,0.9
7,16,matched_betti,0.5,max_full_branch_node_speed,all_interior,coexact,coexact,random_tangent,8,semantic_margin_delta,even,0.6666666666666666,0.7083333333333334,0.75,2,3,4,4,11,-0.05234701728353951,-0.1502111587892897,-0.16903384826170248,0.16058322030321787,0.25,0.75,0.09270581266085981,8,8,5000,1729,4,12,4,11,1.0,0.9166666666666666
7,16,matched_betti,0.5,max_full_branch_node_speed,all_interior,coexact,coexact,random_tangent,9,semantic_margin_delta,even,0.75,0.7916666666666666,0.8333333333333334,2,3,4,4,10,-0.0480152631665412,-0.0029231359792203327,-0.17229520224168182,0.031172548721278573,0.5,0.5,0.522947364235403,8,8,5000,1729,4,11,4,10,1.0,0.9090909090909091
7,16,matched_betti,0.5,max_full_branch_node_speed,all_interior,coexact,coexact,random_tangent,10,semantic_margin_delta,even,0.8333333333333334,0.875,0.9166666666666666,2,3,4,4,11,-0.09553351787291063,-0.0874090946161062,-0.26197390819991795,0.06278244919729227,0.25,0.75,0.16332267873237935,8,8,5000,1729,4,12,4,11,1.0,0.9166666666666666
7,16,matched_betti,0.5,max_full_branch_node_speed,all_interior,coexact,coexact,random_tangent,11,semantic_margin_delta,even,0.9166666666666666,0.9583333333333334,1.0,2,3,3,3,4,0.08037280183869018,0.1321690662738732,-0.05548778513376653,0.1644371243759639,0.6666666666666666,0.3333333333333333,0.07631412620918243,8,8,5000,1729,4,8,3,4,0.75,0.5
7,16,matched_betti,0.5,max_full_branch_node_speed,all_interior,coexact,coexact,random_tangent,0,semantic_margin_delta,odd,0.0,0.041666666666666664,0.08333333333333333,1,3,4,4,8,0.09351771493233318,0.24447817697849225,-0.6292767160095158,0.6653516838280231,0.75,0.25,0.1467556666838361,8,8,5000,1729,4,8,4,8,1.0,1.0
7,16,matched_betti,0.5,max_full_branch_node_speed,all_interior,coexact,coexact,random_tangent,1,semantic_margin_delta,odd,0.08333333333333333,0.125,0.16666666666666666,1,3,4,4,11,0.019633834505528774,-0.019216259115739015,-0.5327595048046706,0.5805006729914923,0.5,0.5,0.06437975881736546,8,8,5000,1729,4,12,4,11,1.0,0.9166666666666666
7,16,matched_betti,0.5,max_full_branch_node_speed,all_interior,coexact,coexact,random_tangent,2,semantic_margin_delta,odd,0.16666666666666666,0.20833333333333334,0.25,1,3,4,4,11,-0.20898116886494741,-0.19602086298570373,-0.573448497243084,0.1425258536339455,0.25,0.75,0.18025647527801208,8,8,5000,1729,4,11,4,11,1.0,1.0
7,16,matched_betti,0.5,max_full_branch_node_speed,all_interior,coexact,coexact,random_tangent,3,semantic_margin_delta,odd,0.25,0.2916666666666667,0.3333333333333333,1,3,4,4,11,-0.09183701722287817,-0.13023107797531167,-0.26319418815138684,0.11791421445806403,0.25,0.75,0.22168700655679283,8,8,5000,1729,4,11,4,11,1.0,1.0
7,16,matched_betti,0.5,max_full_branch_node_speed,all_interior,coexact,coexact,random_tangent,4,semantic_margin_delta,odd,0.3333333333333333,0.375,0.4166666666666667,1,3,4,4,10,-0.20016019232671864,-0.22406857632206176,-0.34512195484025465,-0.03129004581783948,0.25,0.75,0.38894384538944127,8,8,5000,1729,4,11,4,10,1.0,0.9090909090909091
7,16,matched_betti,0.5,max_full_branch_node_speed,all_interior,coexact,coexact,random_tangent,5,semantic_margin_delta,odd,0.4166666666666667,0.4583333333333333,0.5,1,3,4,4,10,-0.21252152251595852,-0.3739202766479342,-0.41389815662937257,0.15025386572943122,0.25,0.75,0.1157817677853033,8,8,5000,1729,4,10,4,10,1.0,1.0
7,16,matched_betti,0.5,max_full_branch_node_speed,all_interior,coexact,coexact,random_tangent,6,semantic_margin_delta,odd,0.5,0.5416666666666666,0.5833333333333334,1,3,4,4,12,-0.12497642883784699,-0.07640015426214358,-0.4589840294900964,0.17097391115353877,0.5,0.5,0.292338501158956,8,8,5000,1729,4,12,4,12,1.0,1.0
7,16,matched_betti,0.5,max_full_branch_node_speed,all_interior,coexact,coexact,random_tangent,7,semantic_margin_delta,odd,0.5833333333333334,0.625,0.6666666666666666,1,3,4,4,9,-0.02216349409170751,-0.0034881962515220678,-0.24661805412598037,0.1836157681023799,0.5,0.5,0.5390905511402171,8,8,5000,1729,4,10,4,9,1.0,0.9
7,16,matched_betti,0.5,max_full_branch_node_speed,all_interior,coexact,coexact,random_tangent,8,semantic_margin_delta,odd,0.6666666666666666,0.7083333333333334,0.75,1,3,4,4,11,-0.016537065520333738,-0.13050042247329863,-0.3667305510781014,0.424666510047619,0.5,0.5,0.1937283343944043,8,8,5000,1729,4,12,4,11,1.0,0.9166666666666666
7,16,matched_betti,0.5,max_full_branch_node_speed,all_interior,coexact,coexact,random_tangent,9,semantic_margin_delta,odd,0.75,0.7916666666666666,0.8333333333333334,1,3,4,4,10,-0.18076142271973938,-0.03484842557453055,-0.570792681518185,0.0780019766359511,0.5,0.5,0.3407402074559742,8,8,5000,1729,4,11,4,10,1.0,0.9090909090909091
7,16,matched_betti,0.5,max_full_branch_node_speed,all_interior,coexact,coexact,random_tangent,10,semantic_margin_delta,odd,0.8333333333333334,0.875,0.9166666666666666,1,3,4,4,11,0.11220422714179372,0.12455380329860058,0.03252879540472935,0.17953008272205126,0.75,0.25,0.36213282696077675,8,8,5000,1729,4,12,4,11,1.0,0.9166666666666666
7,16,matched_betti,0.5,max_full_branch_node_speed,all_interior,coexact,coexact,random_tangent,11,semantic_margin_delta,odd,0.9166666666666666,0.9583333333333334,1.0,1,3,3,3,4,0.03954154777355687,0.022420450975741493,-0.030462547435093756,0.12666673978002285,0.6666666666666666,0.3333333333333333,0.687639687719245,8,8,5000,1729,4,8,3,4,0.75,0.5
