layer,k,complex_mode,betti_1_fraction_target,random_tangent_reference,token_selector,selector_component,component,baseline_component,metric,contrast_type,position_phase,n_prompts,n_families,n_tokens,mean_response_coefficient,median_response_coefficient,bootstrap_ci_lower,bootstrap_ci_upper,positive_prompt_fraction,bootstrap_samples,bootstrap_seed
7,16,matched_betti,0.5,max_full_branch_node_speed,all_interior,coexact,coexact,random_tangent,next_token_logprob_delta,even,early,4,4,41,-0.0390956330428067,-0.06537203317833273,-0.08020068619448201,0.02564699140546234,0.25,5000,1729
7,16,matched_betti,0.5,max_full_branch_node_speed,all_interior,coexact,coexact,random_tangent,next_token_logprob_delta,even,early_minus_late,4,4,77,-0.05775375320723027,-0.07679549636557886,-0.1953527643479792,0.0988870010918673,0.25,5000,1729
7,16,matched_betti,0.5,max_full_branch_node_speed,all_interior,coexact,coexact,random_tangent,next_token_logprob_delta,even,late,4,4,36,0.018658120164423572,0.006647965518103805,-0.07562775852097611,0.12495415349614303,0.5,5000,1729
7,16,matched_betti,0.5,max_full_branch_node_speed,all_interior,coexact,coexact,random_tangent,next_token_logprob_delta,even,middle,4,4,41,-0.04853355533150697,-0.12713365786877287,-0.1610931503456307,0.13955899049081327,0.25,5000,1729
7,16,matched_betti,0.5,max_full_branch_node_speed,all_interior,coexact,coexact,random_tangent,next_token_logprob_delta,odd,early,4,4,41,0.3454393284508448,0.38400777931196994,0.11687093695248058,0.574007719949209,1.0,5000,1729
7,16,matched_betti,0.5,max_full_branch_node_speed,all_interior,coexact,coexact,random_tangent,next_token_logprob_delta,odd,early_minus_late,4,4,77,0.35082331170748404,0.3018213788989518,0.07962151548137059,0.6710270407421298,1.0,5000,1729
7,16,matched_betti,0.5,max_full_branch_node_speed,all_interior,coexact,coexact,random_tangent,next_token_logprob_delta,odd,late,4,4,36,-0.00538398325663926,-0.04031785039516615,-0.15058648035881328,0.1729749839512646,0.5,5000,1729
7,16,matched_betti,0.5,max_full_branch_node_speed,all_interior,coexact,coexact,random_tangent,next_token_logprob_delta,odd,middle,4,4,41,0.3257321640212271,0.3054676636099031,0.20929026330976125,0.44217406473269294,1.0,5000,1729
7,16,matched_betti,0.5,max_full_branch_node_speed,all_interior,coexact,coexact,random_tangent,semantic_margin_delta,even,early,4,4,41,0.0026693539541974756,0.02778467683519695,-0.07387429917914441,0.05409768420653989,0.75,5000,1729
7,16,matched_betti,0.5,max_full_branch_node_speed,all_interior,coexact,coexact,random_tangent,semantic_margin_delta,even,early_minus_late,4,4,77,0.09577360883767454,0.14285294374396054,-0.023038154372848313,0.16750603714191137,0.75,5000,1729
7,16,matched_betti,0.5,max_full_branch_node_speed,all_interior,coexact,coexact,random_tangent,semantic_margin_delta,even,late,4,4,36,-0.09310425488347707,-0.09572864337328901,-0.13425221540744692,-0.04933190586969527,0.0,5000,1729
7,16,matched_betti,0.5,max_full_branch_node_speed,all_interior,coexact,coexact,random_tangent,semantic_margin_delta,even,middle,4,4,41,0.08163605128626131,0.04780538289909347,0.015020124691158878,0.17434572091265677,1.0,5000,1729
7,16,matched_betti,0.5,max_full_branch_node_speed,all_interior,coexact,coexact,random_tangent,semantic_margin_delta,odd,early,4,4,41,-0.03729336252431516,-0.07104844961511603,-0.20192306200865692,0.1273363369600266,0.5,5000,1729
7,16,matched_betti,0.5,max_full_branch_node_speed,all_interior,coexact,coexact,random_tangent,semantic_margin_delta,odd,early_minus_late,4,4,77,0.019128010967884003,0.04353509860572901,-0.18075344073534025,0.21900946267110827,0.5,5000,1729
7,16,matched_betti,0.5,max_full_branch_node_speed,all_interior,coexact,coexact,random_tangent,semantic_margin_delta,odd,late,4,4,36,-0.05642137349219917,-0.036358467139510985,-0.14479688827405546,0.029763245281060287,0.5,5000,1729
7,16,matched_betti,0.5,max_full_branch_node_speed,all_interior,coexact,coexact,random_tangent,semantic_margin_delta,odd,middle,4,4,41,-0.15866065568748922,-0.14405697019084085,-0.3259947954508975,-0.005930201420729302,0.25,5000,1729
