layer,k,complex_mode,betti_1_fraction_target,random_tangent_reference,token_selector,selector_component,component,baseline_component,family,prompt_id,position_bin,metric,contrast_type,position_bin_center,response_power,response_coefficient,response_rmse,relative_response_rmse,n_alpha_magnitudes,min_alpha_abs,max_alpha_abs,n_tokens,token_set,mean_position_frac,min_null_seeds,max_null_seeds
7,16,matched_betti,0.5,max_full_branch_node_speed,all_interior,coexact,coexact,random_tangent,identity_stress,identity_01,0,next_token_logprob_delta,even,0.041666666666666664,2,-0.182544679522567,0.004213017277844875,0.03868104542688662,3,0.25,1.0,2,"1,2",0.04411764705882352,8,8
7,16,matched_betti,0.5,max_full_branch_node_speed,all_interior,coexact,coexact,random_tangent,literal_stable,literal_01,0,next_token_logprob_delta,even,0.041666666666666664,2,-0.020554112265349405,0.0015555015027078794,0.12592160952777612,3,0.25,1.0,2,"1,2",0.04545454545454545,8,8
7,16,matched_betti,0.5,max_full_branch_node_speed,all_interior,coexact,coexact,random_tangent,metaphor_shift,metaphor_01,0,next_token_logprob_delta,even,0.041666666666666664,2,-0.345351883322625,0.018262257059748814,0.08834671291048034,3,0.25,1.0,2,"1,2",0.04411764705882352,8,8
7,16,matched_betti,0.5,max_full_branch_node_speed,all_interior,coexact,coexact,random_tangent,ontology_collapse,ontology_01,0,next_token_logprob_delta,even,0.041666666666666664,2,0.20605953718755368,0.02029982293746303,0.16302331023006006,3,0.25,1.0,2,"1,2",0.04838709677419354,8,8
7,16,matched_betti,0.5,max_full_branch_node_speed,all_interior,coexact,coexact,random_tangent,identity_stress,identity_01,1,next_token_logprob_delta,even,0.125,2,-0.27245702716818204,0.0062248840890108985,0.038292515918501295,3,0.25,1.0,3,"3,4,5",0.11764705882352942,8,8
7,16,matched_betti,0.5,max_full_branch_node_speed,all_interior,coexact,coexact,random_tangent,literal_stable,literal_01,1,next_token_logprob_delta,even,0.125,2,-0.35459555728977404,0.015941041125027554,0.07518852993931177,3,0.25,1.0,3,"3,4,5",0.12121212121212122,8,8
7,16,matched_betti,0.5,max_full_branch_node_speed,all_interior,coexact,coexact,random_tangent,metaphor_shift,metaphor_01,1,next_token_logprob_delta,even,0.125,2,-0.06471081713018523,0.017210414837293863,0.4073861626361478,3,0.25,1.0,2,"3,5",0.1176470588235294,8,8
7,16,matched_betti,0.5,max_full_branch_node_speed,all_interior,coexact,coexact,random_tangent,ontology_collapse,ontology_01,1,next_token_logprob_delta,even,0.125,2,-0.12345403599895229,0.016656561003260302,0.2207163456558557,3,0.25,1.0,3,"3,4,5",0.12903225806451613,8,8
7,16,matched_betti,0.5,max_full_branch_node_speed,all_interior,coexact,coexact,random_tangent,identity_stress,identity_01,2,next_token_logprob_delta,even,0.20833333333333334,2,-0.037556337142910366,0.010111250530250354,0.4115509755478498,3,0.25,1.0,3,"6,7,8",0.2058823529411765,8,8
7,16,matched_betti,0.5,max_full_branch_node_speed,all_interior,coexact,coexact,random_tangent,literal_stable,literal_01,2,next_token_logprob_delta,even,0.20833333333333334,2,0.2367993923000788,0.01586576616675418,0.11167465793409616,3,0.25,1.0,3,"6,7,8",0.21212121212121213,8,8
7,16,matched_betti,0.5,max_full_branch_node_speed,all_interior,coexact,coexact,random_tangent,metaphor_shift,metaphor_01,2,next_token_logprob_delta,even,0.20833333333333334,2,-0.0005875153381014228,0.016342965155977374,0.9997703859072257,3,0.25,1.0,3,"6,7,8",0.2058823529411765,8,8
7,16,matched_betti,0.5,max_full_branch_node_speed,all_interior,coexact,coexact,random_tangent,ontology_collapse,ontology_01,2,next_token_logprob_delta,even,0.20833333333333334,2,-0.2965983723916179,0.033550108298883156,0.18639982615268855,3,0.25,1.0,2,"6,7",0.20967741935483866,8,8
7,16,matched_betti,0.5,max_full_branch_node_speed,all_interior,coexact,coexact,random_tangent,identity_stress,identity_01,3,next_token_logprob_delta,even,0.2916666666666667,2,0.1526533083791621,0.003624821968850502,0.03979564788250908,3,0.25,1.0,3,"9,10,11",0.29411764705882354,8,8
7,16,matched_betti,0.5,max_full_branch_node_speed,all_interior,coexact,coexact,random_tangent,literal_stable,literal_01,3,next_token_logprob_delta,even,0.2916666666666667,2,0.37570114945129673,0.008534422176147369,0.03807289421066194,3,0.25,1.0,2,"9,10",0.28787878787878785,8,8
7,16,matched_betti,0.5,max_full_branch_node_speed,all_interior,coexact,coexact,random_tangent,metaphor_shift,metaphor_01,3,next_token_logprob_delta,even,0.2916666666666667,2,0.10894946168955294,0.018354338667299495,0.27191491839409854,3,0.25,1.0,3,"9,10,11",0.29411764705882354,8,8
7,16,matched_betti,0.5,max_full_branch_node_speed,all_interior,coexact,coexact,random_tangent,ontology_collapse,ontology_01,3,next_token_logprob_delta,even,0.2916666666666667,2,-0.007282640122286662,0.0004545152135236431,0.10410998368889839,3,0.25,1.0,3,"8,9,10",0.2903225806451613,8,8
7,16,matched_betti,0.5,max_full_branch_node_speed,all_interior,coexact,coexact,random_tangent,identity_stress,identity_01,4,next_token_logprob_delta,even,0.375,2,-0.02887853457833175,0.007300528476284803,0.3903702736295925,3,0.25,1.0,3,"12,13,14",0.38235294117647056,8,8
7,16,matched_betti,0.5,max_full_branch_node_speed,all_interior,coexact,coexact,random_tangent,literal_stable,literal_01,4,next_token_logprob_delta,even,0.375,2,-0.09790023696509668,0.004331621535651591,0.07400711114862676,3,0.25,1.0,3,"11,12,13",0.3636363636363636,8,8
7,16,matched_betti,0.5,max_full_branch_node_speed,all_interior,coexact,coexact,random_tangent,metaphor_shift,metaphor_01,4,next_token_logprob_delta,even,0.375,2,-0.09160913430160356,0.015526060007031004,0.2734310920582176,3,0.25,1.0,3,"12,13,14",0.38235294117647056,8,8
7,16,matched_betti,0.5,max_full_branch_node_speed,all_interior,coexact,coexact,random_tangent,ontology_collapse,ontology_01,4,next_token_logprob_delta,even,0.375,2,0.26954180655150084,0.02528981440452732,0.15545570363751757,3,0.25,1.0,1,12,0.3870967741935483,8,8
7,16,matched_betti,0.5,max_full_branch_node_speed,all_interior,coexact,coexact,random_tangent,identity_stress,identity_01,5,next_token_logprob_delta,even,0.4583333333333333,2,-0.3511133162252272,0.01753679522142539,0.08348022883946547,3,0.25,1.0,2,"15,16",0.45588235294117646,8,8
7,16,matched_betti,0.5,max_full_branch_node_speed,all_interior,coexact,coexact,random_tangent,literal_stable,literal_01,5,next_token_logprob_delta,even,0.4583333333333333,2,-0.0421739938459464,0.003466678782387968,0.13657756412834685,3,0.25,1.0,3,"14,15,16",0.4545454545454546,8,8
7,16,matched_betti,0.5,max_full_branch_node_speed,all_interior,coexact,coexact,random_tangent,metaphor_shift,metaphor_01,5,next_token_logprob_delta,even,0.4583333333333333,2,-0.08764303259867842,0.009154169524202135,0.17255865150018407,3,0.25,1.0,2,"15,16",0.45588235294117646,8,8
7,16,matched_betti,0.5,max_full_branch_node_speed,all_interior,coexact,coexact,random_tangent,ontology_collapse,ontology_01,5,next_token_logprob_delta,even,0.4583333333333333,2,0.22267077271964728,0.016761137612248844,0.1252580378296864,3,0.25,1.0,3,"13,14,15",0.4516129032258065,8,8
7,16,matched_betti,0.5,max_full_branch_node_speed,all_interior,coexact,coexact,random_tangent,identity_stress,identity_01,6,next_token_logprob_delta,even,0.5416666666666666,2,-0.020156470404896668,0.005469257883715779,0.41422623863218616,3,0.25,1.0,3,"17,18,19",0.5294117647058824,8,8
7,16,matched_betti,0.5,max_full_branch_node_speed,all_interior,coexact,coexact,random_tangent,literal_stable,literal_01,6,next_token_logprob_delta,even,0.5416666666666666,2,-0.24424138787951696,0.005803561492797816,0.039822634083606895,3,0.25,1.0,3,"17,18,19",0.5454545454545454,8,8
7,16,matched_betti,0.5,max_full_branch_node_speed,all_interior,coexact,coexact,random_tangent,metaphor_shift,metaphor_01,6,next_token_logprob_delta,even,0.5416666666666666,2,-0.3300270540261439,0.024483567928845713,0.12347759703476625,3,0.25,1.0,3,"17,18,19",0.5294117647058824,8,8
7,16,matched_betti,0.5,max_full_branch_node_speed,all_interior,coexact,coexact,random_tangent,ontology_collapse,ontology_01,6,next_token_logprob_delta,even,0.5416666666666666,2,0.3010980378498234,0.027849433454940453,0.1533005159504158,3,0.25,1.0,3,"16,17,18",0.5483870967741935,8,8
7,16,matched_betti,0.5,max_full_branch_node_speed,all_interior,coexact,coexact,random_tangent,identity_stress,identity_01,7,next_token_logprob_delta,even,0.625,2,-0.028198718396642487,0.009901473685453585,0.5074700551959579,3,0.25,1.0,3,"20,21,22",0.6176470588235294,8,8
7,16,matched_betti,0.5,max_full_branch_node_speed,all_interior,coexact,coexact,random_tangent,literal_stable,literal_01,7,next_token_logprob_delta,even,0.625,2,-0.3157073607294008,0.11453651826680888,0.5198232165660315,3,0.25,1.0,2,"20,21",0.6212121212121212,8,8
7,16,matched_betti,0.5,max_full_branch_node_speed,all_interior,coexact,coexact,random_tangent,metaphor_shift,metaphor_01,7,next_token_logprob_delta,even,0.625,2,-0.07944300241865897,0.043989432892703434,0.680515614893171,3,0.25,1.0,2,"20,21",0.6029411764705883,8,8
7,16,matched_betti,0.5,max_full_branch_node_speed,all_interior,coexact,coexact,random_tangent,ontology_collapse,ontology_01,7,next_token_logprob_delta,even,0.625,2,0.1472447399450608,0.013579610938415794,0.15286647949618776,3,0.25,1.0,2,"19,20",0.6290322580645161,8,8
7,16,matched_betti,0.5,max_full_branch_node_speed,all_interior,coexact,coexact,random_tangent,identity_stress,identity_01,8,next_token_logprob_delta,even,0.7083333333333334,2,-0.07194620926505618,0.004581277690397832,0.10619769647133066,3,0.25,1.0,3,"23,24,25",0.7058823529411765,8,8
7,16,matched_betti,0.5,max_full_branch_node_speed,all_interior,coexact,coexact,random_tangent,literal_stable,literal_01,8,next_token_logprob_delta,even,0.7083333333333334,2,0.19790147672424405,0.0030510072999034884,0.025849274314238887,3,0.25,1.0,3,"22,23,24",0.6969696969696969,8,8
7,16,matched_betti,0.5,max_full_branch_node_speed,all_interior,coexact,coexact,random_tangent,metaphor_shift,metaphor_01,8,next_token_logprob_delta,even,0.7083333333333334,2,-0.10089650206883626,0.010194685133572972,0.16708915716226957,3,0.25,1.0,3,"23,24,25",0.7058823529411765,8,8
7,16,matched_betti,0.5,max_full_branch_node_speed,all_interior,coexact,coexact,random_tangent,ontology_collapse,ontology_01,8,next_token_logprob_delta,even,0.7083333333333334,2,-0.3410071129778421,0.045859104625009826,0.22003179598358205,3,0.25,1.0,2,"21,23",0.7096774193548386,8,8
7,16,matched_betti,0.5,max_full_branch_node_speed,all_interior,coexact,coexact,random_tangent,identity_stress,identity_01,9,next_token_logprob_delta,even,0.7916666666666666,2,0.0566731741256844,0.00037840705064250173,0.01119834225158157,3,0.25,1.0,3,"26,27,28",0.7941176470588235,8,8
7,16,matched_betti,0.5,max_full_branch_node_speed,all_interior,coexact,coexact,random_tangent,literal_stable,literal_01,9,next_token_logprob_delta,even,0.7916666666666666,2,-0.0021905624703917746,0.002589003867189347,0.8928299953397013,3,0.25,1.0,2,"25,26",0.7727272727272728,8,8
7,16,matched_betti,0.5,max_full_branch_node_speed,all_interior,coexact,coexact,random_tangent,metaphor_shift,metaphor_01,9,next_token_logprob_delta,even,0.7916666666666666,2,0.03720494470912152,0.009206552810554804,0.38333916420559566,3,0.25,1.0,3,"26,27,28",0.7941176470588235,8,8
7,16,matched_betti,0.5,max_full_branch_node_speed,all_interior,coexact,coexact,random_tangent,ontology_collapse,ontology_01,9,next_token_logprob_delta,even,0.7916666666666666,2,0.0902641436909853,0.025814459222302535,0.4324928660223478,3,0.25,1.0,2,"24,25",0.7903225806451614,8,8
7,16,matched_betti,0.5,max_full_branch_node_speed,all_interior,coexact,coexact,random_tangent,identity_stress,identity_01,10,next_token_logprob_delta,even,0.875,2,0.07415232828191028,0.02281757277514849,0.4586309532903989,3,0.25,1.0,3,"29,30,31",0.8823529411764706,8,8
7,16,matched_betti,0.5,max_full_branch_node_speed,all_interior,coexact,coexact,random_tangent,literal_stable,literal_01,10,next_token_logprob_delta,even,0.875,2,-0.527336238130918,0.004254611793713624,0.013531060888680248,3,0.25,1.0,2,"29,30",0.8939393939393939,8,8
7,16,matched_betti,0.5,max_full_branch_node_speed,all_interior,coexact,coexact,random_tangent,metaphor_shift,metaphor_01,10,next_token_logprob_delta,even,0.875,2,0.17345799476955387,0.0743882739801583,0.5839298693066964,3,0.25,1.0,3,"29,30,31",0.8823529411764706,8,8
7,16,matched_betti,0.5,max_full_branch_node_speed,all_interior,coexact,coexact,random_tangent,ontology_collapse,ontology_01,10,next_token_logprob_delta,even,0.875,2,0.037574743818292164,0.010347976066183675,0.4193372616971449,3,0.25,1.0,3,"26,27,28",0.8709677419354839,8,8
7,16,matched_betti,0.5,max_full_branch_node_speed,all_interior,coexact,coexact,random_tangent,identity_stress,identity_01,11,next_token_logprob_delta,even,0.9583333333333334,2,0.05757786603010693,0.008772616793000352,0.2475916068625155,3,0.25,1.0,2,"32,33",0.9558823529411763,8,8
7,16,matched_betti,0.5,max_full_branch_node_speed,all_interior,coexact,coexact,random_tangent,metaphor_shift,metaphor_01,11,next_token_logprob_delta,even,0.9583333333333334,2,0.577746859578862,0.004778232100075694,0.013870341514277741,3,0.25,1.0,1,32,0.9411764705882352,8,8
7,16,matched_betti,0.5,max_full_branch_node_speed,all_interior,coexact,coexact,random_tangent,ontology_collapse,ontology_01,11,next_token_logprob_delta,even,0.9583333333333334,2,0.14989479044074963,0.02203917870526879,0.2394352935120053,3,0.25,1.0,1,29,0.9354838709677419,8,8
7,16,matched_betti,0.5,max_full_branch_node_speed,all_interior,coexact,coexact,random_tangent,identity_stress,identity_01,0,next_token_logprob_delta,odd,0.041666666666666664,1,0.7742978851899457,0.03468494014697958,0.06756941585740216,3,0.25,1.0,2,"1,2",0.04411764705882352,8,8
7,16,matched_betti,0.5,max_full_branch_node_speed,all_interior,coexact,coexact,random_tangent,literal_stable,literal_01,0,next_token_logprob_delta,odd,0.041666666666666664,1,0.47237471798140374,0.04229251909540258,0.1341359812473306,3,0.25,1.0,2,"1,2",0.04545454545454545,8,8
7,16,matched_betti,0.5,max_full_branch_node_speed,all_interior,coexact,coexact,random_tangent,metaphor_shift,metaphor_01,0,next_token_logprob_delta,odd,0.041666666666666664,1,-0.603687648315436,0.09187110250206397,0.22422112080659537,3,0.25,1.0,2,"1,2",0.04411764705882352,8,8
7,16,matched_betti,0.5,max_full_branch_node_speed,all_interior,coexact,coexact,random_tangent,ontology_collapse,ontology_01,0,next_token_logprob_delta,odd,0.041666666666666664,1,1.4417944310209223,0.06415470756643026,0.0671205739398905,3,0.25,1.0,2,"1,2",0.04838709677419354,8,8
7,16,matched_betti,0.5,max_full_branch_node_speed,all_interior,coexact,coexact,random_tangent,identity_stress,identity_01,1,next_token_logprob_delta,odd,0.125,1,-0.4028361589897679,0.04115327649926828,0.15263979701662078,3,0.25,1.0,3,"3,4,5",0.11764705882352942,8,8
7,16,matched_betti,0.5,max_full_branch_node_speed,all_interior,coexact,coexact,random_tangent,literal_stable,literal_01,1,next_token_logprob_delta,odd,0.125,1,0.18258368790692683,0.03874234798596431,0.3054670167127943,3,0.25,1.0,3,"3,4,5",0.12121212121212122,8,8
7,16,matched_betti,0.5,max_full_branch_node_speed,all_interior,coexact,coexact,random_tangent,metaphor_shift,metaphor_01,1,next_token_logprob_delta,odd,0.125,1,0.45189785706713353,0.03260361321943062,0.10843464442263978,3,0.25,1.0,2,"3,5",0.1176470588235294,8,8
7,16,matched_betti,0.5,max_full_branch_node_speed,all_interior,coexact,coexact,random_tangent,ontology_collapse,ontology_01,1,next_token_logprob_delta,odd,0.125,1,0.9962616564317066,0.0017584528631417785,0.00266849713245559,3,0.25,1.0,3,"3,4,5",0.12903225806451613,8,8
7,16,matched_betti,0.5,max_full_branch_node_speed,all_interior,coexact,coexact,random_tangent,identity_stress,identity_01,2,next_token_logprob_delta,odd,0.20833333333333334,1,0.04535188712766369,0.030669841634350322,0.7148998820602778,3,0.25,1.0,3,"6,7,8",0.2058823529411765,8,8
7,16,matched_betti,0.5,max_full_branch_node_speed,all_interior,coexact,coexact,random_tangent,literal_stable,literal_01,2,next_token_logprob_delta,odd,0.20833333333333334,1,0.3860406894888949,0.059685110897552685,0.22761053918462634,3,0.25,1.0,3,"6,7,8",0.21212121212121213,8,8
7,16,matched_betti,0.5,max_full_branch_node_speed,all_interior,coexact,coexact,random_tangent,metaphor_shift,metaphor_01,2,next_token_logprob_delta,odd,0.20833333333333334,1,0.016871803249441573,0.0027969823937987167,0.24311397243990282,3,0.25,1.0,3,"6,7,8",0.2058823529411765,8,8
7,16,matched_betti,0.5,max_full_branch_node_speed,all_interior,coexact,coexact,random_tangent,ontology_collapse,ontology_01,2,next_token_logprob_delta,odd,0.20833333333333334,1,-0.08192937100140926,0.03679397462422595,0.5617249404349192,3,0.25,1.0,2,"6,7",0.20967741935483866,8,8
7,16,matched_betti,0.5,max_full_branch_node_speed,all_interior,coexact,coexact,random_tangent,identity_stress,identity_01,3,next_token_logprob_delta,odd,0.2916666666666667,1,-0.339339586718062,0.035633607505407866,0.1567945828040325,3,0.25,1.0,3,"9,10,11",0.29411764705882354,8,8
7,16,matched_betti,0.5,max_full_branch_node_speed,all_interior,coexact,coexact,random_tangent,literal_stable,literal_01,3,next_token_logprob_delta,odd,0.2916666666666667,1,1.3364938987307518,0.03537136388739277,0.03998051849291355,3,0.25,1.0,2,"9,10",0.28787878787878785,8,8
7,16,matched_betti,0.5,max_full_branch_node_speed,all_interior,coexact,coexact,random_tangent,metaphor_shift,metaphor_01,3,next_token_logprob_delta,odd,0.2916666666666667,1,0.9924114570089261,0.05267987093316364,0.07999628619550493,3,0.25,1.0,3,"9,10,11",0.29411764705882354,8,8
7,16,matched_betti,0.5,max_full_branch_node_speed,all_interior,coexact,coexact,random_tangent,ontology_collapse,ontology_01,3,next_token_logprob_delta,odd,0.2916666666666667,1,-0.14155795096552537,0.00753227199940809,0.08018662892864031,3,0.25,1.0,3,"8,9,10",0.2903225806451613,8,8
7,16,matched_betti,0.5,max_full_branch_node_speed,all_interior,coexact,coexact,random_tangent,identity_stress,identity_01,4,next_token_logprob_delta,odd,0.375,1,0.2314170947259694,0.03863912765081952,0.24475348669370417,3,0.25,1.0,3,"12,13,14",0.38235294117647056,8,8
7,16,matched_betti,0.5,max_full_branch_node_speed,all_interior,coexact,coexact,random_tangent,literal_stable,literal_01,4,next_token_logprob_delta,odd,0.375,1,0.39220687605958543,0.010077579052031882,0.03881723012669373,3,0.25,1.0,3,"11,12,13",0.3636363636363636,8,8
7,16,matched_betti,0.5,max_full_branch_node_speed,all_interior,coexact,coexact,random_tangent,metaphor_shift,metaphor_01,4,next_token_logprob_delta,odd,0.375,1,0.5820600976199293,0.007034822800811528,0.018269380315929038,3,0.25,1.0,3,"12,13,14",0.38235294117647056,8,8
7,16,matched_betti,0.5,max_full_branch_node_speed,all_interior,coexact,coexact,random_tangent,ontology_collapse,ontology_01,4,next_token_logprob_delta,odd,0.375,1,-0.371175673830371,0.018231107359128425,0.0740543189607476,3,0.25,1.0,1,12,0.3870967741935483,8,8
7,16,matched_betti,0.5,max_full_branch_node_speed,all_interior,coexact,coexact,random_tangent,identity_stress,identity_01,5,next_token_logprob_delta,odd,0.4583333333333333,1,0.11916364340368159,0.007502765755463949,0.09476105133554752,3,0.25,1.0,2,"15,16",0.45588235294117646,8,8
7,16,matched_betti,0.5,max_full_branch_node_speed,all_interior,coexact,coexact,random_tangent,literal_stable,literal_01,5,next_token_logprob_delta,odd,0.4583333333333333,1,0.21647331562820157,0.028830178716067065,0.19738951356994705,3,0.25,1.0,3,"14,15,16",0.4545454545454546,8,8
7,16,matched_betti,0.5,max_full_branch_node_speed,all_interior,coexact,coexact,random_tangent,metaphor_shift,metaphor_01,5,next_token_logprob_delta,odd,0.4583333333333333,1,0.3647928962205996,0.010542227155189415,0.04364985859220768,3,0.25,1.0,2,"15,16",0.45588235294117646,8,8
7,16,matched_betti,0.5,max_full_branch_node_speed,all_interior,coexact,coexact,random_tangent,ontology_collapse,ontology_01,5,next_token_logprob_delta,odd,0.4583333333333333,1,0.6372460042770862,0.018018475339826326,0.04270959252754877,3,0.25,1.0,3,"13,14,15",0.4516129032258065,8,8
7,16,matched_betti,0.5,max_full_branch_node_speed,all_interior,coexact,coexact,random_tangent,identity_stress,identity_01,6,next_token_logprob_delta,odd,0.5416666666666666,1,0.2674489431734203,0.038210644298140084,0.21113120736577634,3,0.25,1.0,3,"17,18,19",0.5294117647058824,8,8
7,16,matched_betti,0.5,max_full_branch_node_speed,all_interior,coexact,coexact,random_tangent,literal_stable,literal_01,6,next_token_logprob_delta,odd,0.5416666666666666,1,0.19399711103830206,0.06412783052713425,0.44704246969180156,3,0.25,1.0,3,"17,18,19",0.5454545454545454,8,8
7,16,matched_betti,0.5,max_full_branch_node_speed,all_interior,coexact,coexact,random_tangent,metaphor_shift,metaphor_01,6,next_token_logprob_delta,odd,0.5416666666666666,1,0.4258232300381001,0.0375388947012524,0.1321112150853662,3,0.25,1.0,3,"17,18,19",0.5294117647058824,8,8
7,16,matched_betti,0.5,max_full_branch_node_speed,all_interior,coexact,coexact,random_tangent,ontology_collapse,ontology_01,6,next_token_logprob_delta,odd,0.5416666666666666,1,0.3342379705174058,0.025799697124313528,0.1159130837093435,3,0.25,1.0,3,"16,17,18",0.5483870967741935,8,8
7,16,matched_betti,0.5,max_full_branch_node_speed,all_interior,coexact,coexact,random_tangent,identity_stress,identity_01,7,next_token_logprob_delta,odd,0.625,1,0.2637877251402993,0.0072010563859416215,0.04123661766101352,3,0.25,1.0,3,"20,21,22",0.6176470588235294,8,8
7,16,matched_betti,0.5,max_full_branch_node_speed,all_interior,coexact,coexact,random_tangent,literal_stable,literal_01,7,next_token_logprob_delta,odd,0.625,1,0.7592465997097646,0.23051449024386167,0.41716619247727726,3,0.25,1.0,2,"20,21",0.6212121212121212,8,8
7,16,matched_betti,0.5,max_full_branch_node_speed,all_interior,coexact,coexact,random_tangent,metaphor_shift,metaphor_01,7,next_token_logprob_delta,odd,0.625,1,0.602792391547061,0.03396862959816037,0.08488887559526503,3,0.25,1.0,2,"20,21",0.6029411764705883,8,8
7,16,matched_betti,0.5,max_full_branch_node_speed,all_interior,coexact,coexact,random_tangent,ontology_collapse,ontology_01,7,next_token_logprob_delta,odd,0.625,1,0.19219639907059827,0.04478176197369374,0.3322511740994703,3,0.25,1.0,2,"19,20",0.6290322580645161,8,8
7,16,matched_betti,0.5,max_full_branch_node_speed,all_interior,coexact,coexact,random_tangent,identity_stress,identity_01,8,next_token_logprob_delta,odd,0.7083333333333334,1,0.3399242627619702,0.006479219268703713,0.02880522247406808,3,0.25,1.0,3,"23,24,25",0.7058823529411765,8,8
7,16,matched_betti,0.5,max_full_branch_node_speed,all_interior,coexact,coexact,random_tangent,literal_stable,literal_01,8,next_token_logprob_delta,odd,0.7083333333333334,1,0.42602405037837376,0.011877412591891396,0.042112715748939246,3,0.25,1.0,3,"22,23,24",0.6969696969696969,8,8
7,16,matched_betti,0.5,max_full_branch_node_speed,all_interior,coexact,coexact,random_tangent,metaphor_shift,metaphor_01,8,next_token_logprob_delta,odd,0.7083333333333334,1,0.058148853098378556,0.0091175257060145,0.23066137069843134,3,0.25,1.0,3,"23,24,25",0.7058823529411765,8,8
7,16,matched_betti,0.5,max_full_branch_node_speed,all_interior,coexact,coexact,random_tangent,ontology_collapse,ontology_01,8,next_token_logprob_delta,odd,0.7083333333333334,1,-0.0007002652533160019,0.033656797597345973,0.9999053183208029,3,0.25,1.0,2,"21,23",0.7096774193548386,8,8
7,16,matched_betti,0.5,max_full_branch_node_speed,all_interior,coexact,coexact,random_tangent,identity_stress,identity_01,9,next_token_logprob_delta,odd,0.7916666666666666,1,0.23749736934510027,0.0007156919065727239,0.0045558956328416835,3,0.25,1.0,3,"26,27,28",0.7941176470588235,8,8
7,16,matched_betti,0.5,max_full_branch_node_speed,all_interior,coexact,coexact,random_tangent,literal_stable,literal_01,9,next_token_logprob_delta,odd,0.7916666666666666,1,-0.7245931549962323,0.026604422387970145,0.05542459145144783,3,0.25,1.0,2,"25,26",0.7727272727272728,8,8
7,16,matched_betti,0.5,max_full_branch_node_speed,all_interior,coexact,coexact,random_tangent,metaphor_shift,metaphor_01,9,next_token_logprob_delta,odd,0.7916666666666666,1,0.1619857432465284,0.04625105597986412,0.3963243962631409,3,0.25,1.0,3,"26,27,28",0.7941176470588235,8,8
7,16,matched_betti,0.5,max_full_branch_node_speed,all_interior,coexact,coexact,random_tangent,ontology_collapse,ontology_01,9,next_token_logprob_delta,odd,0.7916666666666666,1,0.18615883475720857,0.04553235928382301,0.3468302270123025,3,0.25,1.0,2,"24,25",0.7903225806451614,8,8
7,16,matched_betti,0.5,max_full_branch_node_speed,all_interior,coexact,coexact,random_tangent,identity_stress,identity_01,10,next_token_logprob_delta,odd,0.875,1,-0.046042364312839625,0.03697977210344971,0.7719278645651182,3,0.25,1.0,3,"29,30,31",0.8823529411764706,8,8
7,16,matched_betti,0.5,max_full_branch_node_speed,all_interior,coexact,coexact,random_tangent,literal_stable,literal_01,10,next_token_logprob_delta,odd,0.875,1,-0.3110998860519728,0.0136371615644092,0.0661277072627838,3,0.25,1.0,2,"29,30",0.8939393939393939,8,8
7,16,matched_betti,0.5,max_full_branch_node_speed,all_interior,coexact,coexact,random_tangent,metaphor_shift,metaphor_01,10,next_token_logprob_delta,odd,0.875,1,0.38286602010370185,0.13248402712715507,0.46354957249392753,3,0.25,1.0,3,"29,30,31",0.8823529411764706,8,8
7,16,matched_betti,0.5,max_full_branch_node_speed,all_interior,coexact,coexact,random_tangent,ontology_collapse,ontology_01,10,next_token_logprob_delta,odd,0.875,1,0.21981785042454596,0.018437266067236193,0.12579997714504718,3,0.25,1.0,3,"26,27,28",0.8709677419354839,8,8
7,16,matched_betti,0.5,max_full_branch_node_speed,all_interior,coexact,coexact,random_tangent,identity_stress,identity_01,11,next_token_logprob_delta,odd,0.9583333333333334,1,-0.46212221564482914,0.02000744442627272,0.06531566940528655,3,0.25,1.0,2,"32,33",0.9558823529411763,8,8
7,16,matched_betti,0.5,max_full_branch_node_speed,all_interior,coexact,coexact,random_tangent,metaphor_shift,metaphor_01,11,next_token_logprob_delta,odd,0.9583333333333334,1,-0.9948004717593397,0.0677486352099898,0.10242020847459156,3,0.25,1.0,1,32,0.9411764705882352,8,8
7,16,matched_betti,0.5,max_full_branch_node_speed,all_interior,coexact,coexact,random_tangent,ontology_collapse,ontology_01,11,next_token_logprob_delta,odd,0.9583333333333334,1,0.6440146386864376,0.008413667883447664,0.01974767174444911,3,0.25,1.0,1,29,0.9354838709677419,8,8
7,16,matched_betti,0.5,max_full_branch_node_speed,all_interior,coexact,coexact,random_tangent,identity_stress,identity_01,0,semantic_margin_delta,even,0.041666666666666664,2,0.05380427628457555,0.003802339336908964,0.11770739454351777,3,0.25,1.0,2,"1,2",0.04411764705882352,8,8
7,16,matched_betti,0.5,max_full_branch_node_speed,all_interior,coexact,coexact,random_tangent,literal_stable,literal_01,0,semantic_margin_delta,even,0.041666666666666664,2,0.08109941611063283,0.0013002351344509066,0.026881066220209568,3,0.25,1.0,2,"1,2",0.04545454545454545,8,8
7,16,matched_betti,0.5,max_full_branch_node_speed,all_interior,coexact,coexact,random_tangent,metaphor_shift,metaphor_01,0,semantic_margin_delta,even,0.041666666666666664,2,0.2250544584024017,0.002264539079030783,0.016874450697914982,3,0.25,1.0,2,"1,2",0.04411764705882352,8,8
7,16,matched_betti,0.5,max_full_branch_node_speed,all_interior,coexact,coexact,random_tangent,ontology_collapse,ontology_01,0,semantic_margin_delta,even,0.041666666666666664,2,-0.13834075778180357,0.01817456730497352,0.2151878680336587,3,0.25,1.0,2,"1,2",0.04838709677419354,8,8
7,16,matched_betti,0.5,max_full_branch_node_speed,all_interior,coexact,coexact,random_tangent,identity_stress,identity_01,1,semantic_margin_delta,even,0.125,2,-0.04362763922326977,0.002297501512225867,0.08798443421283486,3,0.25,1.0,3,"3,4,5",0.11764705882352942,8,8
7,16,matched_betti,0.5,max_full_branch_node_speed,all_interior,coexact,coexact,random_tangent,literal_stable,literal_01,1,semantic_margin_delta,even,0.125,2,-0.24948538782376975,0.007900813709147934,0.05304130677129454,3,0.25,1.0,3,"3,4,5",0.12121212121212122,8,8
7,16,matched_betti,0.5,max_full_branch_node_speed,all_interior,coexact,coexact,random_tangent,metaphor_shift,metaphor_01,1,semantic_margin_delta,even,0.125,2,0.2707053373740348,0.0056446391884254704,0.03495209519553476,3,0.25,1.0,2,"3,5",0.1176470588235294,8,8
7,16,matched_betti,0.5,max_full_branch_node_speed,all_interior,coexact,coexact,random_tangent,ontology_collapse,ontology_01,1,semantic_margin_delta,even,0.125,2,0.1263248310094256,0.0074603254029820334,0.09857077455626179,3,0.25,1.0,3,"3,4,5",0.12903225806451613,8,8
7,16,matched_betti,0.5,max_full_branch_node_speed,all_interior,coexact,coexact,random_tangent,identity_stress,identity_01,2,semantic_margin_delta,even,0.20833333333333334,2,-0.37189499510227125,0.006831643439762631,0.03079626880855703,3,0.25,1.0,3,"6,7,8",0.2058823529411765,8,8
7,16,matched_betti,0.5,max_full_branch_node_speed,all_interior,coexact,coexact,random_tangent,literal_stable,literal_01,2,semantic_margin_delta,even,0.20833333333333334,2,-0.15620620610773492,0.002148402358470393,0.023062219350573586,3,0.25,1.0,3,"6,7,8",0.21212121212121213,8,8
7,16,matched_betti,0.5,max_full_branch_node_speed,all_interior,coexact,coexact,random_tangent,metaphor_shift,metaphor_01,2,semantic_margin_delta,even,0.20833333333333334,2,-0.23572316150027567,0.008251326474213502,0.058610250854890404,3,0.25,1.0,3,"6,7,8",0.2058823529411765,8,8
7,16,matched_betti,0.5,max_full_branch_node_speed,all_interior,coexact,coexact,random_tangent,ontology_collapse,ontology_01,2,semantic_margin_delta,even,0.20833333333333334,2,0.13441835112923436,0.018349138760164356,0.22318318336483114,3,0.25,1.0,2,"6,7",0.20967741935483866,8,8
7,16,matched_betti,0.5,max_full_branch_node_speed,all_interior,coexact,coexact,random_tangent,identity_stress,identity_01,3,semantic_margin_delta,even,0.2916666666666667,2,-0.07291937727055922,0.0070463853518659934,0.15998972641578532,3,0.25,1.0,3,"9,10,11",0.29411764705882354,8,8
7,16,matched_betti,0.5,max_full_branch_node_speed,all_interior,coexact,coexact,random_tangent,literal_stable,literal_01,3,semantic_margin_delta,even,0.2916666666666667,2,0.4249451734341839,0.01024020441170472,0.04038504450464665,3,0.25,1.0,2,"9,10",0.28787878787878785,8,8
7,16,matched_betti,0.5,max_full_branch_node_speed,all_interior,coexact,coexact,random_tangent,metaphor_shift,metaphor_01,3,semantic_margin_delta,even,0.2916666666666667,2,-0.004966650379052089,0.011561760444086402,0.968731913439231,3,0.25,1.0,3,"9,10,11",0.29411764705882354,8,8
7,16,matched_betti,0.5,max_full_branch_node_speed,all_interior,coexact,coexact,random_tangent,ontology_collapse,ontology_01,3,semantic_margin_delta,even,0.2916666666666667,2,-0.0004780052885928518,0.010870288535085629,0.9996564967317151,3,0.25,1.0,3,"8,9,10",0.2903225806451613,8,8
7,16,matched_betti,0.5,max_full_branch_node_speed,all_interior,coexact,coexact,random_tangent,identity_stress,identity_01,4,semantic_margin_delta,even,0.375,2,0.24124931542194214,0.02306577696999657,0.15833893911952798,3,0.25,1.0,3,"12,13,14",0.38235294117647056,8,8
7,16,matched_betti,0.5,max_full_branch_node_speed,all_interior,coexact,coexact,random_tangent,literal_stable,literal_01,4,semantic_margin_delta,even,0.375,2,0.18104185398833372,0.007754793134164193,0.07165930292801573,3,0.25,1.0,3,"11,12,13",0.3636363636363636,8,8
7,16,matched_betti,0.5,max_full_branch_node_speed,all_interior,coexact,coexact,random_tangent,metaphor_shift,metaphor_01,4,semantic_margin_delta,even,0.375,2,-0.11209013600262592,0.02370845861944616,0.33434434544142866,3,0.25,1.0,3,"12,13,14",0.38235294117647056,8,8
7,16,matched_betti,0.5,max_full_branch_node_speed,all_interior,coexact,coexact,random_tangent,ontology_collapse,ontology_01,4,semantic_margin_delta,even,0.375,2,0.07766576812028407,0.06312036595030834,0.806301457852664,3,0.25,1.0,1,12,0.3870967741935483,8,8
7,16,matched_betti,0.5,max_full_branch_node_speed,all_interior,coexact,coexact,random_tangent,identity_stress,identity_01,5,semantic_margin_delta,even,0.4583333333333333,2,-0.06336642208217619,0.014680845623717038,0.36220392869757534,3,0.25,1.0,2,"15,16",0.45588235294117646,8,8
7,16,matched_betti,0.5,max_full_branch_node_speed,all_interior,coexact,coexact,random_tangent,literal_stable,literal_01,5,semantic_margin_delta,even,0.4583333333333333,2,0.03899581225532518,0.018538767377198645,0.6234423880958584,3,0.25,1.0,3,"14,15,16",0.4545454545454546,8,8
7,16,matched_betti,0.5,max_full_branch_node_speed,all_interior,coexact,coexact,random_tangent,metaphor_shift,metaphor_01,5,semantic_margin_delta,even,0.4583333333333333,2,0.08996639294006675,0.012340784775865173,0.22421334764275505,3,0.25,1.0,2,"15,16",0.45588235294117646,8,8
7,16,matched_betti,0.5,max_full_branch_node_speed,all_interior,coexact,coexact,random_tangent,ontology_collapse,ontology_01,5,semantic_margin_delta,even,0.4583333333333333,2,0.33285887750572907,0.0397159733972139,0.1962352961357094,3,0.25,1.0,3,"13,14,15",0.4516129032258065,8,8
7,16,matched_betti,0.5,max_full_branch_node_speed,all_interior,coexact,coexact,random_tangent,identity_stress,identity_01,6,semantic_margin_delta,even,0.5416666666666666,2,-0.020368304319111852,0.00821087515895097,0.5601190181272481,3,0.25,1.0,3,"17,18,19",0.5294117647058824,8,8
7,16,matched_betti,0.5,max_full_branch_node_speed,all_interior,coexact,coexact,random_tangent,literal_stable,literal_01,6,semantic_margin_delta,even,0.5416666666666666,2,-0.0031344576457040274,0.04475616241737458,0.9991293910622054,3,0.25,1.0,3,"17,18,19",0.5454545454545454,8,8
7,16,matched_betti,0.5,max_full_branch_node_speed,all_interior,coexact,coexact,random_tangent,metaphor_shift,metaphor_01,6,semantic_margin_delta,even,0.5416666666666666,2,0.18953611962862119,0.007625845260768551,0.06733000580226782,3,0.25,1.0,3,"17,18,19",0.5294117647058824,8,8
7,16,matched_betti,0.5,max_full_branch_node_speed,all_interior,coexact,coexact,random_tangent,ontology_collapse,ontology_01,6,semantic_margin_delta,even,0.5416666666666666,2,0.2813414474292644,0.04405078223489599,0.2540020020590044,3,0.25,1.0,3,"16,17,18",0.5483870967741935,8,8
7,16,matched_betti,0.5,max_full_branch_node_speed,all_interior,coexact,coexact,random_tangent,identity_stress,identity_01,7,semantic_margin_delta,even,0.625,2,-0.13205690524838853,0.020239528237117842,0.24896794756794244,3,0.25,1.0,3,"20,21,22",0.6176470588235294,8,8
7,16,matched_betti,0.5,max_full_branch_node_speed,all_interior,coexact,coexact,random_tangent,literal_stable,literal_01,7,semantic_margin_delta,even,0.625,2,-0.12219989484094942,0.026958457305559295,0.34702417952768705,3,0.25,1.0,2,"20,21",0.6212121212121212,8,8
7,16,matched_betti,0.5,max_full_branch_node_speed,all_interior,coexact,coexact,random_tangent,metaphor_shift,metaphor_01,7,semantic_margin_delta,even,0.625,2,0.12032737286968023,0.005730143814661848,0.07961949858199621,3,0.25,1.0,2,"20,21",0.6029411764705883,8,8
7,16,matched_betti,0.5,max_full_branch_node_speed,all_interior,coexact,coexact,random_tangent,ontology_collapse,ontology_01,7,semantic_margin_delta,even,0.625,2,0.20640998055989007,0.049040150256870564,0.370183288313175,3,0.25,1.0,2,"19,20",0.6290322580645161,8,8
7,16,matched_betti,0.5,max_full_branch_node_speed,all_interior,coexact,coexact,random_tangent,identity_stress,identity_01,8,semantic_margin_delta,even,0.7083333333333334,2,-0.17805992584120076,0.013235914145028546,0.1237193361581277,3,0.25,1.0,3,"23,24,25",0.7058823529411765,8,8
7,16,matched_betti,0.5,max_full_branch_node_speed,all_interior,coexact,coexact,random_tangent,literal_stable,literal_01,8,semantic_margin_delta,even,0.7083333333333334,2,-0.16078110680197133,0.007635952439160296,0.07940611841242116,3,0.25,1.0,3,"22,23,24",0.6969696969696969,8,8
7,16,matched_betti,0.5,max_full_branch_node_speed,all_interior,coexact,coexact,random_tangent,metaphor_shift,metaphor_01,8,semantic_margin_delta,even,0.7083333333333334,2,-0.13946203998437676,0.009602972243690649,0.11472861076524153,3,0.25,1.0,3,"23,24,25",0.7058823529411765,8,8
7,16,matched_betti,0.5,max_full_branch_node_speed,all_interior,coexact,coexact,random_tangent,ontology_collapse,ontology_01,8,semantic_margin_delta,even,0.7083333333333334,2,-0.3901185649495492,0.10240789996528443,0.40295887290900195,3,0.25,1.0,2,"21,23",0.7096774193548386,8,8
7,16,matched_betti,0.5,max_full_branch_node_speed,all_interior,coexact,coexact,random_tangent,identity_stress,identity_01,9,semantic_margin_delta,even,0.7916666666666666,2,0.003735226555858963,0.00755823146673235,0.9592287367003755,3,0.25,1.0,3,"26,27,28",0.7941176470588235,8,8
7,16,matched_betti,0.5,max_full_branch_node_speed,all_interior,coexact,coexact,random_tangent,literal_stable,literal_01,9,semantic_margin_delta,even,0.7916666666666666,2,0.03824496261072406,0.025890220653098383,0.7504444730010598,3,0.25,1.0,2,"25,26",0.7727272727272728,8,8
7,16,matched_betti,0.5,max_full_branch_node_speed,all_interior,coexact,coexact,random_tangent,metaphor_shift,metaphor_01,9,semantic_margin_delta,even,0.7916666666666666,2,-0.2323896303940641,0.005274748616466628,0.038042567251796985,3,0.25,1.0,3,"26,27,28",0.7941176470588235,8,8
7,16,matched_betti,0.5,max_full_branch_node_speed,all_interior,coexact,coexact,random_tangent,ontology_collapse,ontology_01,9,semantic_margin_delta,even,0.7916666666666666,2,-0.015087491560374732,0.004120962376215062,0.4164957273247565,3,0.25,1.0,2,"24,25",0.7903225806451614,8,8
7,16,matched_betti,0.5,max_full_branch_node_speed,all_interior,coexact,coexact,random_tangent,identity_stress,identity_01,10,semantic_margin_delta,even,0.875,2,0.11301015557173438,0.0013085357061890898,0.019417150910178687,3,0.25,1.0,3,"29,30,31",0.8823529411764706,8,8
7,16,matched_betti,0.5,max_full_branch_node_speed,all_interior,coexact,coexact,random_tangent,literal_stable,literal_01,10,semantic_margin_delta,even,0.875,2,-0.3323787917956554,0.0014291374961302634,0.0072115513826273925,3,0.25,1.0,2,"29,30",0.8939393939393939,8,8
7,16,matched_betti,0.5,max_full_branch_node_speed,all_interior,coexact,coexact,random_tangent,metaphor_shift,metaphor_01,10,semantic_margin_delta,even,0.875,2,-0.08752271450364357,0.02217149302114184,0.39105255099574154,3,0.25,1.0,3,"29,30,31",0.8823529411764706,8,8
7,16,matched_betti,0.5,max_full_branch_node_speed,all_interior,coexact,coexact,random_tangent,ontology_collapse,ontology_01,10,semantic_margin_delta,even,0.875,2,-0.13968217062889082,0.014058831936537234,0.1664584379194073,3,0.25,1.0,3,"26,27,28",0.8709677419354839,8,8
7,16,matched_betti,0.5,max_full_branch_node_speed,all_interior,coexact,coexact,random_tangent,identity_stress,identity_01,11,semantic_margin_delta,even,0.9583333333333334,2,-0.05597113945317667,0.0026802102079261634,0.08005855337430075,3,0.25,1.0,2,"32,33",0.9558823529411763,8,8
7,16,matched_betti,0.5,max_full_branch_node_speed,all_interior,coexact,coexact,random_tangent,metaphor_shift,metaphor_01,11,semantic_margin_delta,even,0.9583333333333334,2,0.13099868231054432,0.006397569763279703,0.0816385515662454,3,0.25,1.0,1,32,0.9411764705882352,8,8
7,16,matched_betti,0.5,max_full_branch_node_speed,all_interior,coexact,coexact,random_tangent,ontology_collapse,ontology_01,11,semantic_margin_delta,even,0.9583333333333334,2,0.10743478272404276,0.00828225407246961,0.12823379423322417,3,0.25,1.0,1,29,0.9354838709677419,8,8
7,16,matched_betti,0.5,max_full_branch_node_speed,all_interior,coexact,coexact,random_tangent,identity_stress,identity_01,0,semantic_margin_delta,odd,0.041666666666666664,1,0.19220756820443516,0.04814448314822825,0.3541492788448932,3,0.25,1.0,2,"1,2",0.04411764705882352,8,8
7,16,matched_betti,0.5,max_full_branch_node_speed,all_interior,coexact,coexact,random_tangent,literal_stable,literal_01,0,semantic_margin_delta,odd,0.041666666666666664,1,-0.934958676585362,0.004102671042864797,0.006634003468789408,3,0.25,1.0,2,"1,2",0.04545454545454545,8,8
7,16,matched_betti,0.5,max_full_branch_node_speed,all_interior,coexact,coexact,random_tangent,metaphor_shift,metaphor_01,0,semantic_margin_delta,odd,0.041666666666666664,1,0.29455711103497817,0.036274794540069634,0.1830402137743013,3,0.25,1.0,2,"1,2",0.04411764705882352,8,8
7,16,matched_betti,0.5,max_full_branch_node_speed,all_interior,coexact,coexact,random_tangent,ontology_collapse,ontology_01,0,semantic_margin_delta,odd,0.041666666666666664,1,0.8531578904836353,0.02322365372411154,0.04111919900823441,3,0.25,1.0,2,"1,2",0.04838709677419354,8,8
7,16,matched_betti,0.5,max_full_branch_node_speed,all_interior,coexact,coexact,random_tangent,identity_stress,identity_01,1,semantic_margin_delta,odd,0.125,1,-0.7537795904422578,0.025164307079565813,0.050407958403102034,3,0.25,1.0,3,"3,4,5",0.11764705882352942,8,8
7,16,matched_betti,0.5,max_full_branch_node_speed,all_interior,coexact,coexact,random_tangent,literal_stable,literal_01,1,semantic_margin_delta,odd,0.125,1,-0.30674040384062357,0.013290686672853593,0.06536685432893588,3,0.25,1.0,3,"3,4,5",0.12121212121212122,8,8
7,16,matched_betti,0.5,max_full_branch_node_speed,all_interior,coexact,coexact,random_tangent,metaphor_shift,metaphor_01,1,semantic_margin_delta,odd,0.125,1,0.8823357430981893,0.011176902863316148,0.019147802799048628,3,0.25,1.0,2,"3,5",0.1176470588235294,8,8
7,16,matched_betti,0.5,max_full_branch_node_speed,all_interior,coexact,coexact,random_tangent,ontology_collapse,ontology_01,1,semantic_margin_delta,odd,0.125,1,0.26897294414416956,0.009913859860266687,0.05563805098369987,3,0.25,1.0,3,"3,4,5",0.12903225806451613,8,8
7,16,matched_betti,0.5,max_full_branch_node_speed,all_interior,coexact,coexact,random_tangent,identity_stress,identity_01,2,semantic_margin_delta,odd,0.20833333333333334,1,-0.18700198469805868,0.03965902328560673,0.30532153635851816,3,0.25,1.0,3,"6,7,8",0.2058823529411765,8,8
7,16,matched_betti,0.5,max_full_branch_node_speed,all_interior,coexact,coexact,random_tangent,literal_stable,literal_01,2,semantic_margin_delta,odd,0.20833333333333334,1,0.26783195271847027,0.008758995293502991,0.04938245637622155,3,0.25,1.0,3,"6,7,8",0.21212121212121213,8,8
7,16,matched_betti,0.5,max_full_branch_node_speed,all_interior,coexact,coexact,random_tangent,metaphor_shift,metaphor_01,2,semantic_margin_delta,odd,0.20833333333333334,1,-0.20812745607516803,0.036012365999804036,0.25308101905192615,3,0.25,1.0,3,"6,7,8",0.2058823529411765,8,8
7,16,matched_betti,0.5,max_full_branch_node_speed,all_interior,coexact,coexact,random_tangent,ontology_collapse,ontology_01,2,semantic_margin_delta,odd,0.20833333333333334,1,-0.6099062896054392,0.02917485609048644,0.07213131195285617,3,0.25,1.0,2,"6,7",0.20967741935483866,8,8
7,16,matched_betti,0.5,max_full_branch_node_speed,all_interior,coexact,coexact,random_tangent,identity_stress,identity_01,3,semantic_margin_delta,odd,0.2916666666666667,1,-0.10197786869767561,0.027328302319156724,0.3755031721134574,3,0.25,1.0,3,"9,10,11",0.29411764705882354,8,8
7,16,matched_betti,0.5,max_full_branch_node_speed,all_interior,coexact,coexact,random_tangent,literal_stable,literal_01,3,semantic_margin_delta,odd,0.2916666666666667,1,0.2090345072718169,0.025774814783728603,0.18326116704768122,3,0.25,1.0,2,"9,10",0.28787878787878785,8,8
7,16,matched_betti,0.5,max_full_branch_node_speed,all_interior,coexact,coexact,random_tangent,metaphor_shift,metaphor_01,3,semantic_margin_delta,odd,0.2916666666666667,1,-0.14651972589255682,0.010117405949248611,0.10383177211498294,3,0.25,1.0,3,"9,10,11",0.29411764705882354,8,8
7,16,matched_betti,0.5,max_full_branch_node_speed,all_interior,coexact,coexact,random_tangent,ontology_collapse,ontology_01,3,semantic_margin_delta,odd,0.2916666666666667,1,-0.3157795215075954,0.05293849163895637,0.2456852229340016,3,0.25,1.0,3,"8,9,10",0.2903225806451613,8,8
7,16,matched_betti,0.5,max_full_branch_node_speed,all_interior,coexact,coexact,random_tangent,identity_stress,identity_01,4,semantic_margin_delta,odd,0.375,1,-0.2298167853586952,0.01591806342475973,0.10414807141168952,3,0.25,1.0,3,"12,13,14",0.38235294117647056,8,8
7,16,matched_betti,0.5,max_full_branch_node_speed,all_interior,coexact,coexact,random_tangent,literal_stable,literal_01,4,semantic_margin_delta,odd,0.375,1,-0.21931732155866696,0.041294646065192175,0.2737866376674932,3,0.25,1.0,3,"11,12,13",0.3636363636363636,8,8
7,16,matched_betti,0.5,max_full_branch_node_speed,all_interior,coexact,coexact,random_tangent,metaphor_shift,metaphor_01,4,semantic_margin_delta,odd,0.375,1,-0.38240415863217453,0.053857232506865554,0.20825909458741101,3,0.25,1.0,3,"12,13,14",0.38235294117647056,8,8
7,16,matched_betti,0.5,max_full_branch_node_speed,all_interior,coexact,coexact,random_tangent,ontology_collapse,ontology_01,4,semantic_margin_delta,odd,0.375,1,0.0796449674608554,0.09457058420770832,0.8736038369536815,3,0.25,1.0,1,12,0.3870967741935483,8,8
7,16,matched_betti,0.5,max_full_branch_node_speed,all_interior,coexact,coexact,random_tangent,identity_stress,identity_01,5,semantic_margin_delta,odd,0.4583333333333333,1,-0.3931088291909294,0.011149001743088518,0.04283860239482197,3,0.25,1.0,2,"15,16",0.45588235294117646,8,8
7,16,matched_betti,0.5,max_full_branch_node_speed,all_interior,coexact,coexact,random_tangent,literal_stable,literal_01,5,semantic_margin_delta,odd,0.4583333333333333,1,-0.43447351522174604,0.034067165604995744,0.11772083937666357,3,0.25,1.0,3,"14,15,16",0.4545454545454546,8,8
7,16,matched_betti,0.5,max_full_branch_node_speed,all_interior,coexact,coexact,random_tangent,metaphor_shift,metaphor_01,5,semantic_margin_delta,odd,0.4583333333333333,1,-0.3552231111448721,0.03255677811755151,0.1372528778547451,3,0.25,1.0,2,"15,16",0.45588235294117646,8,8
7,16,matched_betti,0.5,max_full_branch_node_speed,all_interior,coexact,coexact,random_tangent,ontology_collapse,ontology_01,5,semantic_margin_delta,odd,0.4583333333333333,1,0.3005424112193016,0.036908451327287164,0.18254575211470878,3,0.25,1.0,3,"13,14,15",0.4516129032258065,8,8
7,16,matched_betti,0.5,max_full_branch_node_speed,all_interior,coexact,coexact,random_tangent,identity_stress,identity_01,6,semantic_margin_delta,odd,0.5416666666666666,1,-0.6249048057190956,0.05315492519288042,0.1275495184516123,3,0.25,1.0,3,"17,18,19",0.5294117647058824,8,8
7,16,matched_betti,0.5,max_full_branch_node_speed,all_interior,coexact,coexact,random_tangent,literal_stable,literal_01,6,semantic_margin_delta,odd,0.5416666666666666,1,0.27413484397826593,0.009472893436608247,0.052172004147755045,3,0.25,1.0,3,"17,18,19",0.5454545454545454,8,8
7,16,matched_betti,0.5,max_full_branch_node_speed,all_interior,coexact,coexact,random_tangent,metaphor_shift,metaphor_01,6,semantic_margin_delta,odd,0.5416666666666666,1,0.06620696827038591,0.046145705492458215,0.7253653146240046,3,0.25,1.0,3,"17,18,19",0.5294117647058824,8,8
7,16,matched_betti,0.5,max_full_branch_node_speed,all_interior,coexact,coexact,random_tangent,ontology_collapse,ontology_01,6,semantic_margin_delta,odd,0.5416666666666666,1,-0.4574811156413503,0.0065097906979410015,0.021508214000244164,3,0.25,1.0,3,"16,17,18",0.5483870967741935,8,8
7,16,matched_betti,0.5,max_full_branch_node_speed,all_interior,coexact,coexact,random_tangent,identity_stress,identity_01,7,semantic_margin_delta,odd,0.625,1,-0.3383457297432749,0.023021476314307572,0.10232874963915171,3,0.25,1.0,3,"20,21,22",0.6176470588235294,8,8
7,16,matched_betti,0.5,max_full_branch_node_speed,all_interior,coexact,coexact,random_tangent,literal_stable,literal_01,7,semantic_margin_delta,odd,0.625,1,-0.07773228437622696,0.011592158381445963,0.21994138122354143,3,0.25,1.0,2,"20,21",0.6212121212121212,8,8
7,16,matched_betti,0.5,max_full_branch_node_speed,all_interior,coexact,coexact,random_tangent,metaphor_shift,metaphor_01,7,semantic_margin_delta,odd,0.625,1,-0.02364718284169204,0.01443226840425864,0.6781352729453661,3,0.25,1.0,2,"20,21",0.6029411764705883,8,8
7,16,matched_betti,0.5,max_full_branch_node_speed,all_interior,coexact,coexact,random_tangent,ontology_collapse,ontology_01,7,semantic_margin_delta,odd,0.625,1,0.27735515750008793,0.09029215826489624,0.44159245829291394,3,0.25,1.0,2,"19,20",0.6290322580645161,8,8
7,16,matched_betti,0.5,max_full_branch_node_speed,all_interior,coexact,coexact,random_tangent,identity_stress,identity_01,8,semantic_margin_delta,odd,0.7083333333333334,1,0.007276847913901473,0.006604686857861639,0.8081668196296172,3,0.25,1.0,3,"23,24,25",0.7058823529411765,8,8
7,16,matched_betti,0.5,max_full_branch_node_speed,all_interior,coexact,coexact,random_tangent,literal_stable,literal_01,8,semantic_margin_delta,odd,0.7083333333333334,1,-0.27447550240084645,0.0035821461639229304,0.01972723249364008,3,0.25,1.0,3,"22,23,24",0.6969696969696969,8,8
7,16,matched_betti,0.5,max_full_branch_node_speed,all_interior,coexact,coexact,random_tangent,metaphor_shift,metaphor_01,8,semantic_margin_delta,odd,0.7083333333333334,1,0.6560379250617687,0.006517045304187736,0.015017021081660838,3,0.25,1.0,3,"23,24,25",0.7058823529411765,8,8
7,16,matched_betti,0.5,max_full_branch_node_speed,all_interior,coexact,coexact,random_tangent,ontology_collapse,ontology_01,8,semantic_margin_delta,odd,0.7083333333333334,1,-0.9832043787300452,0.22181757146739922,0.32282340791995645,3,0.25,1.0,2,"21,23",0.7096774193548386,8,8
7,16,matched_betti,0.5,max_full_branch_node_speed,all_interior,coexact,coexact,random_tangent,identity_stress,identity_01,9,semantic_margin_delta,odd,0.7916666666666666,1,-0.0986279779370736,0.021994355488987902,0.31948017104332527,3,0.25,1.0,3,"26,27,28",0.7941176470588235,8,8
7,16,matched_betti,0.5,max_full_branch_node_speed,all_interior,coexact,coexact,random_tangent,literal_stable,literal_01,9,semantic_margin_delta,odd,0.7916666666666666,1,0.024436951979750297,0.05144040880640628,0.9540120758698015,3,0.25,1.0,2,"25,26",0.7727272727272728,8,8
7,16,matched_betti,0.5,max_full_branch_node_speed,all_interior,coexact,coexact,random_tangent,metaphor_shift,metaphor_01,9,semantic_margin_delta,odd,0.7916666666666666,1,-0.7714432796873235,0.002609428292291783,0.005113834388596514,3,0.25,1.0,3,"26,27,28",0.7941176470588235,8,8
7,16,matched_betti,0.5,max_full_branch_node_speed,all_interior,coexact,coexact,random_tangent,ontology_collapse,ontology_01,9,semantic_margin_delta,odd,0.7916666666666666,1,0.11744781854788129,0.011867696348045464,0.15101597033539338,3,0.25,1.0,2,"24,25",0.7903225806451614,8,8
7,16,matched_betti,0.5,max_full_branch_node_speed,all_interior,coexact,coexact,random_tangent,identity_stress,identity_01,10,semantic_margin_delta,odd,0.875,1,0.1462479383321688,0.011685751821148572,0.11993111360112896,3,0.25,1.0,3,"29,30,31",0.8823529411764706,8,8
7,16,matched_betti,0.5,max_full_branch_node_speed,all_interior,coexact,coexact,random_tangent,literal_stable,literal_01,10,semantic_margin_delta,odd,0.875,1,-0.011835450660567718,0.06638829606501194,0.9931192758824039,3,0.25,1.0,2,"29,30",0.8939393939393939,8,8
7,16,matched_betti,0.5,max_full_branch_node_speed,all_interior,coexact,coexact,random_tangent,metaphor_shift,metaphor_01,10,semantic_margin_delta,odd,0.875,1,0.20578666586398373,0.01807330098042392,0.13162433287743275,3,0.25,1.0,3,"29,30,31",0.8823529411764706,8,8
7,16,matched_betti,0.5,max_full_branch_node_speed,all_interior,coexact,coexact,random_tangent,ontology_collapse,ontology_01,10,semantic_margin_delta,odd,0.875,1,0.02387427074025164,0.0018618064595305054,0.11708943717690456,3,0.25,1.0,3,"26,27,28",0.8709677419354839,8,8
7,16,matched_betti,0.5,max_full_branch_node_speed,all_interior,coexact,coexact,random_tangent,identity_stress,identity_01,11,semantic_margin_delta,odd,0.9583333333333334,1,0.12491155628002171,0.015620192978876847,0.18576708642243192,3,0.25,1.0,2,"32,33",0.9558823529411763,8,8
7,16,matched_betti,0.5,max_full_branch_node_speed,all_interior,coexact,coexact,random_tangent,metaphor_shift,metaphor_01,11,semantic_margin_delta,odd,0.9583333333333334,1,-0.032083713578964994,0.08683124116613297,0.9714094118729638,3,0.25,1.0,1,32,0.9411764705882352,8,8
7,16,matched_betti,0.5,max_full_branch_node_speed,all_interior,coexact,coexact,random_tangent,ontology_collapse,ontology_01,11,semantic_margin_delta,odd,0.9583333333333334,1,0.05019968609379515,0.04168102778706711,0.7821564671217891,3,0.25,1.0,1,29,0.9354838709677419,8,8
