layer,k,complex_mode,betti_1_fraction_target,random_tangent_reference,token_selector,selector_component,position_bin,candidate_prompts,candidate_tokens,active_prompts,active_tokens,active_prompt_fraction,active_token_fraction,position_bin_lower,position_bin_center,position_bin_upper
7,16,matched_betti,0.5,max_full_branch_node_speed,all_interior,coexact,0,4,8,4,8,1.0,1.0,0.0,0.041666666666666664,0.08333333333333333
7,16,matched_betti,0.5,max_full_branch_node_speed,all_interior,coexact,1,4,12,4,11,1.0,0.9166666666666666,0.08333333333333333,0.125,0.16666666666666666
7,16,matched_betti,0.5,max_full_branch_node_speed,all_interior,coexact,2,4,11,4,11,1.0,1.0,0.16666666666666666,0.20833333333333334,0.25
7,16,matched_betti,0.5,max_full_branch_node_speed,all_interior,coexact,3,4,11,4,11,1.0,1.0,0.25,0.2916666666666667,0.3333333333333333
7,16,matched_betti,0.5,max_full_branch_node_speed,all_interior,coexact,4,4,11,4,10,1.0,0.9090909090909091,0.3333333333333333,0.375,0.4166666666666667
7,16,matched_betti,0.5,max_full_branch_node_speed,all_interior,coexact,5,4,10,4,10,1.0,1.0,0.4166666666666667,0.4583333333333333,0.5
7,16,matched_betti,0.5,max_full_branch_node_speed,all_interior,coexact,6,4,12,4,12,1.0,1.0,0.5,0.5416666666666666,0.5833333333333334
7,16,matched_betti,0.5,max_full_branch_node_speed,all_interior,coexact,7,4,10,4,9,1.0,0.9,0.5833333333333334,0.625,0.6666666666666666
7,16,matched_betti,0.5,max_full_branch_node_speed,all_interior,coexact,8,4,12,4,11,1.0,0.9166666666666666,0.6666666666666666,0.7083333333333334,0.75
7,16,matched_betti,0.5,max_full_branch_node_speed,all_interior,coexact,9,4,11,4,10,1.0,0.9090909090909091,0.75,0.7916666666666666,0.8333333333333334
7,16,matched_betti,0.5,max_full_branch_node_speed,all_interior,coexact,10,4,12,4,11,1.0,0.9166666666666666,0.8333333333333334,0.875,0.9166666666666666
7,16,matched_betti,0.5,max_full_branch_node_speed,all_interior,coexact,11,4,8,3,4,0.75,0.5,0.9166666666666666,0.9583333333333334,1.0
