scope,predictor,outcome,rows,paired_rows,paired_prompts,spearman_rho
pooled_cells,resultant_fraction,odd_gap,60,60,20,-0.15437621561544876
pooled_cells,resultant_fraction,coexact_odd,60,60,20,-0.04717977215893305
pooled_cells,effective_contributors,odd_gap,60,60,20,-0.03634342873020285
pooled_cells,effective_contributors,coexact_odd,60,60,20,-0.06235065295915534
pooled_cells,weighted_token_gap,odd_gap,60,60,20,-0.1907752153375938
pooled_cells,weighted_token_gap,coexact_odd,60,60,20,-0.06090580716865797
pooled_cells,nearest_distance,odd_gap,60,60,20,-0.04356765768268965
pooled_cells,nearest_distance,coexact_odd,60,60,20,0.07485412614615172
prefix_8,resultant_fraction,odd_gap,20,20,20,-0.08270676691729321
prefix_8,resultant_fraction,coexact_odd,20,20,20,-0.2526315789473684
prefix_8,effective_contributors,odd_gap,20,20,20,-0.26766917293233083
prefix_8,effective_contributors,coexact_odd,20,20,20,-0.22255639097744356
prefix_8,weighted_token_gap,odd_gap,20,20,20,-0.007518796992481202
prefix_8,weighted_token_gap,coexact_odd,20,20,20,0.08571428571428572
prefix_8,nearest_distance,odd_gap,20,20,20,-0.03308270676691729
prefix_8,nearest_distance,coexact_odd,20,20,20,0.1518796992481203
prefix_16,resultant_fraction,odd_gap,20,20,20,0.3082706766917293
prefix_16,resultant_fraction,coexact_odd,20,20,20,0.3969924812030075
prefix_16,effective_contributors,odd_gap,20,20,20,0.010526315789473682
prefix_16,effective_contributors,coexact_odd,20,20,20,-0.10526315789473684
prefix_16,weighted_token_gap,odd_gap,20,20,20,-0.1639097744360902
prefix_16,weighted_token_gap,coexact_odd,20,20,20,-0.20902255639097742
prefix_16,nearest_distance,odd_gap,20,20,20,-0.04060150375939849
prefix_16,nearest_distance,coexact_odd,20,20,20,0.0706766917293233
prefix_24,resultant_fraction,odd_gap,20,20,20,-0.7458646616541353
prefix_24,resultant_fraction,coexact_odd,20,20,20,-0.27518796992481204
prefix_24,effective_contributors,odd_gap,20,20,20,0.18045112781954886
prefix_24,effective_contributors,coexact_odd,20,20,20,0.09172932330827067
prefix_24,weighted_token_gap,odd_gap,20,20,20,-0.48872180451127817
prefix_24,weighted_token_gap,coexact_odd,20,20,20,-0.03609022556390977
prefix_24,nearest_distance,odd_gap,20,20,20,0.04661654135338346
prefix_24,nearest_distance,coexact_odd,20,20,20,0.10827067669172932
prompt_means,resultant_fraction,odd_gap,20,20,20,0.10827067669172932
prompt_means,resultant_fraction,coexact_odd,20,20,20,0.27368421052631575
prompt_means,effective_contributors,odd_gap,20,20,20,0.19097744360902258
prompt_means,effective_contributors,coexact_odd,20,20,20,0.0015037593984962405
prompt_means,weighted_token_gap,odd_gap,20,20,20,0.09624060150375939
prompt_means,weighted_token_gap,coexact_odd,20,20,20,0.09323308270676692
prompt_means,nearest_distance,odd_gap,20,20,20,0.04210526315789473
prompt_means,nearest_distance,coexact_odd,20,20,20,0.18646616541353384
