prompt_id,family,prefix_length,query_token_index,resultant_fraction,cancellation_fraction,effective_contributors,pairwise_agreement,prediction_norm,nearest_distance,eighth_distance,inactive_donors,weighted_token_gap,donor_mass_early,donor_mass_middle,donor_mass_late,seeds,coexact_odd,random_odd,odd_gap
v2_eval_literal_01,literal_stable,8,7,0.4704578904822408,0.5295421095177593,6.442304273338465,0.07825347884460777,0.30953454028326177,0.20437607098626043,0.32546618742943256,0,8.907422232650077,0.5479171907858374,0.0,0.45208280921416266,8,-0.7758262483480894,0.2537532659859037,-1.0295795143339932
v2_eval_literal_01,literal_stable,16,15,0.45312838526816135,0.5468716147318387,4.99717411307479,0.006516213896713908,0.5742356213433288,0.25041533604871896,0.2982468224980521,0,3.0159457472624087,0.12958713034443287,0.7473691608078001,0.12304370884776701,8,-0.026046379930980783,0.01706711205828509,-0.04311349198926588
v2_eval_literal_01,literal_stable,24,23,0.5154455898690044,0.48455441013099565,5.062767586939108,0.0849413919353293,0.3236874224583546,0.27086593085808247,0.3612791505969053,0,6.7886126733446,0.2770339013552642,0.13547530129056404,0.5874907973541716,8,0.15376289173211366,0.2114079555694816,-0.05764506383736795
v2_eval_literal_02,literal_stable,8,7,0.3892349681977178,0.6107650318022821,6.563307603410761,-0.0010126279268895483,0.3064667481363131,0.1258764867337341,0.32333334140781417,0,7.8442339760233715,0.40391186055556016,0.36557492825819954,0.23051321118624024,8,0.16398682465471381,0.11479997256359623,0.0491868520911176
v2_eval_literal_02,literal_stable,16,15,0.4265621143896649,0.573437885610335,7.452476136794842,0.05517526254781301,0.1893015588878541,0.186839323726672,0.2160433807012939,0,5.382812186957956,0.0,0.6232363265024913,0.3767636734975088,8,0.2787042252518385,-0.2921536367020239,0.5708578619538623
v2_eval_literal_02,literal_stable,24,23,0.4356546625731912,0.5643453374268088,6.78448413156676,0.0497297697751959,0.20841126955442305,0.1951760703434281,0.2823859140245118,0,8.011884163400348,0.2479283218940346,0.22916838225867678,0.5229032958472887,8,-0.03431468329091829,-0.04807081293936882,0.013756129648450549
v2_eval_literal_03,literal_stable,8,7,0.3504152396137661,0.6495847603862339,6.765248759139038,-0.029363766957851208,0.21207343572505108,0.15861503873938976,0.34055734446269725,0,8.739584054940657,0.2271577712283981,0.40687941435445674,0.36596281441714523,8,0.21462245533002933,-0.03577724657041904,0.25039970190044836
v2_eval_literal_03,literal_stable,16,15,0.49123324383814215,0.5087667561618578,6.741478475396426,0.10916819539291495,0.3093528052267184,0.12933119250143754,0.16597626271455052,0,4.368382672462908,0.12488453287802688,0.6274332711647224,0.24768219595725066,8,-0.17011339565798084,-0.06889259085608757,-0.10122080480189327
v2_eval_literal_03,literal_stable,24,23,0.49031656968962467,0.5096834303103753,6.508158797770527,0.10250769456605129,0.22160812415288939,0.14518544155874327,0.3618956507508532,0,7.130058576443339,0.0,0.664283473970273,0.3357165260297272,8,-0.007886022776387693,-0.049718497595705624,0.04183247481931794
v2_eval_literal_04,literal_stable,8,7,0.4732196002944551,0.5267803997055449,4.955924071002414,0.0277593114738102,0.395536711529452,0.1671528939578991,0.2775571083109632,0,6.302094211835328,0.39378081032626305,0.488819291089359,0.11739989858437795,8,0.07589627020919243,-0.06732232288321477,0.1432185930924072
v2_eval_literal_04,literal_stable,16,15,0.4069242328956366,0.5930757671043634,7.598889838029693,0.03913990013412042,0.17826200907931986,0.29275098887903833,0.3503098569687189,0,8.171889364427113,0.0,0.2510052697654244,0.7489947302345755,8,-0.08782388154664914,0.03395339197599148,-0.12177727352264062
v2_eval_literal_04,literal_stable,24,23,0.49745443245124316,0.5025455675487569,4.604499239544737,0.038683204943910234,0.30641446464256605,0.26023595891250234,0.30171133643054737,0,8.936694384394436,0.25818927752240267,0.6227688841194698,0.11904183835812739,8,0.22747771448881404,0.14921540650069293,0.07826230798812109
v2_eval_literal_05,literal_stable,8,7,0.45746963087561565,0.5425303691243843,6.010993373245509,0.051481100868361745,0.4116662622959899,0.17228115266256552,0.2735920684372672,0,2.7511055111506506,0.7510891476533945,0.24891085234660562,0.0,8,0.17421928737403072,-0.039173983979056276,0.213393271353087
v2_eval_literal_05,literal_stable,16,15,0.42003421607217706,0.5799657839278229,6.116292383528607,0.015458415803412708,0.39634946801933735,0.11938310887490405,0.2887213768807983,0,3.0208963612669213,0.0,0.8849007368973802,0.11509926310261988,8,0.2818712628074057,0.004607239968158955,0.2772640228392467
v2_eval_literal_05,literal_stable,24,23,0.46860603082177166,0.5313939691782283,7.332932505650716,0.09636143602621236,0.19287646523965465,0.09200607342643374,0.3984682553927456,0,2.937131763382266,0.0,0.12187463148042803,0.8781253685195718,8,-0.0026233210092906725,-0.04295809494764177,0.04033477393835108
v2_eval_metaphor_01,metaphor_shift,8,7,0.4480498088921874,0.5519501911078126,7.100348237612676,0.06973129623394693,0.3964895670516255,0.14062598016027159,0.3211834981348379,0,5.7209646500904245,0.6554951035420753,0.11669994972565971,0.22780494673226503,8,0.09619836498280117,0.007360674847281887,0.08883769013551929
v2_eval_metaphor_01,metaphor_shift,16,15,0.3543706689953085,0.6456293310046914,7.205030067672398,-0.015342813609772361,0.24248803370466368,0.2384515525897849,0.29667652406282846,0,7.7549163928245335,0.24896016086516187,0.25985001229341564,0.49118982684142254,8,-0.3794244955803149,0.23512178432112918,-0.6145462799014441
v2_eval_metaphor_01,metaphor_shift,24,23,0.4292650740656734,0.5707349259343266,5.513607302059968,0.0035413289396189454,0.1926483403758978,0.13806445916663665,0.19722569144013744,0,5.941425688461042,0.0,0.5007940438508856,0.49920595614911445,8,-0.008469632596666358,0.06877042766939954,-0.0772400602660659
v2_eval_metaphor_02,metaphor_shift,8,7,0.5064284509209791,0.4935715490790209,6.016305249374099,0.10824709264534726,0.17724093394766216,0.18985567441484705,0.2534084727678476,0,2.354814452078359,0.8705580415535505,0.12944195844644954,0.0,8,-0.2677420093580465,-0.12784683516205259,-0.13989517419599393
v2_eval_metaphor_02,metaphor_shift,16,15,0.4027925539077932,0.5972074460922068,6.491823094521169,0.009695383941582768,0.3327270252901969,0.26367431156364407,0.3461219169745114,0,8.896293045008717,0.4791137582606959,0.11967200810583566,0.4012142336334684,8,-1.2045320717534642,0.10286720037101237,-1.3073992721244765
v2_eval_metaphor_02,metaphor_shift,24,23,0.4085903179690056,0.5914096820309944,6.692624685225673,0.020606881362698552,0.2626985458239266,0.1629567183722957,0.3342295068292,0,4.817278595265172,0.11266055399319184,0.23729654951757537,0.6500428964892329,8,0.25036786589875315,-0.011837446242344535,0.26220531214109766
v2_eval_metaphor_03,metaphor_shift,8,7,0.40479027584436833,0.5952097241556317,7.553962414986993,0.036276646267379024,0.2043522906374212,0.15972585934081784,0.3137796573777757,0,7.107650214007719,0.35895781987611414,0.5053450628258872,0.1356971172979986,8,-0.0253163391923687,-0.06543885567202727,0.040122516479658574
v2_eval_metaphor_03,metaphor_shift,16,15,0.4073108817226745,0.5926891182773255,6.901596861117355,0.02456789090522435,0.18068120643328725,0.2205266080885212,0.3015544321498613,1,7.730526886338607,0.0,0.24570763231148057,0.7542923676885196,8,-0.9495464665394958,-0.22968820902645215,-0.7198582575130437
v2_eval_metaphor_03,metaphor_shift,24,23,0.37208810792772656,0.6279118920722735,7.768205017055495,0.011155774224709236,0.17270160499199855,0.2704055324523553,0.304052796826963,0,2.8702082356228247,0.0,0.12064098041779339,0.8793590195822065,8,-0.04483235901671194,-0.23144753792279005,0.18661517890607812
v2_eval_metaphor_04,metaphor_shift,8,7,0.4116210552449188,0.5883789447550811,7.702486844858937,0.04551249930428023,0.1444090510578304,0.24484480663889677,0.2720643986605612,0,3.633633928609707,0.6247593460221444,0.3752406539778555,0.0,8,1.2706188696488323,-0.3464887920931237,1.617107661741956
v2_eval_metaphor_04,metaphor_shift,16,15,0.437890391681843,0.5621096083181569,6.305953681784503,0.03941873382078075,0.23292602464880047,0.30628605106042295,0.34102058197846624,0,8.340001501994607,0.1174595885296235,0.2566028188593974,0.6259375926109793,8,0.7374662012899965,-0.0670983747878084,0.804564576077805
v2_eval_metaphor_04,metaphor_shift,24,23,0.4525008184703883,0.5474991815296117,7.342658493500861,0.07937691387659013,0.2737742847835651,0.20123449947588948,0.2917664692568281,0,3.4593445471220203,0.0,0.0,1.0,8,0.08613747780426484,0.05831252625357883,0.02782495155068601
v2_eval_metaphor_05,metaphor_shift,8,7,0.4713641508863088,0.5286358491136912,5.599927704258446,0.05309110579138541,0.2536294968261481,0.06303620487052072,0.2916303517136525,1,5.876292968519442,0.6574590521798664,0.22885922408126663,0.11368172373886688,8,0.19281701848269894,-0.20348359273209907,0.396300611214798
v2_eval_metaphor_05,metaphor_shift,16,15,0.4414655130022451,0.5585344869977549,4.991816035675513,-0.006797906375782091,0.17068227029440303,0.20494195410233454,0.3485731715538342,0,9.729166180837854,0.22926971548915018,0.1259997105207107,0.6447305739901392,8,-0.2284927901899756,-0.1888694375808294,-0.03962335260914615
v2_eval_metaphor_05,metaphor_shift,24,23,0.42964067790273613,0.5703593220972638,6.5806314648901925,0.03847702214931302,0.21567280373330938,0.2531102850656496,0.2859703397715306,0,4.869290377870847,0.0,0.3713704606445602,0.6286295393554397,8,-0.11253028774987277,-0.22829479357903926,0.11576450582916649
v2_eval_identity_01,identity_stress,8,7,0.525194682233115,0.47480531776688495,7.331027069766126,0.16144508378378813,0.2763757362397168,0.11025164197559943,0.21432233888474758,0,2.963952303686905,0.6337149218253617,0.3662850781746383,0.0,8,-0.5347531657073459,-0.27490230719227493,-0.25985085851507095
v2_eval_identity_01,identity_stress,16,15,0.44150398683804226,0.5584960131619577,6.278931832059692,0.0424187376800358,0.20123769019356316,0.14920317139138295,0.1962404255500981,1,4.5046963929493895,0.24798970353114008,0.6287918843184329,0.12321841215042711,8,-0.10378267449064808,-0.015862371954253388,-0.08792030253639471
v2_eval_identity_01,identity_stress,24,23,0.5217434369906698,0.47825656300933017,3.784904839758105,0.010884560778742957,0.3947046055492191,0.19765336590000623,0.31666873511745136,0,5.475248446192591,0.14675856366065493,0.22836506413466656,0.6248763722046785,8,-0.038965754978908945,0.006507778595369419,-0.04547353357427837
v2_eval_identity_02,identity_stress,8,7,0.39641227235938065,0.6035877276406194,6.105286111005581,-0.00795232987641013,0.2428061585634545,0.2959500712540143,0.3268556973964742,0,7.03520619250383,0.5061238235902016,0.24820169262760983,0.24567448378218862,8,0.3663965776730226,0.20403203758198518,0.16236454009103735
v2_eval_identity_02,identity_stress,16,15,0.45146236860433786,0.5485376313956621,7.373385476486911,0.07889538074793931,0.33239160759213415,0.19032022767602014,0.2936571860377707,0,8.598747960058908,0.5987948266264448,0.0,0.4012051733735552,8,0.48220812924757944,0.10841235036261174,0.37379577888496773
v2_eval_identity_02,identity_stress,24,23,0.5509406100629644,0.44905938993703565,4.2739153107795875,0.09080419960513932,0.3686003284984018,0.15334652338346613,0.3478843450784933,0,6.085616901209564,0.11619858328362635,0.35537459627064494,0.5284268204457288,8,-0.25255306380925563,0.002242889280705776,-0.2547959530899614
v2_eval_identity_03,identity_stress,8,7,0.3910930042666455,0.6089069957333545,6.722421866637673,0.004931400284845364,0.21812550237502734,0.24332880319602207,0.29510412550772314,0,5.61646705447701,0.6278716368134282,0.24555264887405856,0.12657571431251327,8,-0.36934948336061624,-0.05577089330487958,-0.31357859005573663
v2_eval_identity_03,identity_stress,16,15,0.370372738088059,0.629627261911941,6.662673736514515,-0.015194465357736515,0.22374171220731845,0.14201900094887163,0.3229047852541747,0,5.117148789530665,0.3313237868977482,0.417714829126262,0.2509613839759897,8,-0.8121168883189966,-0.10308047238717254,-0.7090364159318242
v2_eval_identity_03,identity_stress,24,23,0.44341596367788977,0.5565840363221102,5.841124124398812,0.030668184770500578,0.2531312154185979,0.1495695189600843,0.23998446743279375,0,2.4865509600994935,0.0,0.2705979888388186,0.7294020111611814,8,-0.47044267074899504,-0.49865718650018703,0.02821451575119196
v2_eval_identity_04,identity_stress,8,7,0.4488798048107391,0.5511201951892609,6.725176373146899,0.06202018457133838,0.34766825481202673,0.28379288321012436,0.3349364089583188,0,3.9903461584775552,0.6185942333313772,0.3814057666686229,0.0,8,0.046416655319385804,0.16726993106059213,-0.1208532757412063
v2_eval_identity_04,identity_stress,16,15,0.49274841952283116,0.5072515804771689,4.331521419824172,0.01551776115097305,0.31466191002169586,0.28326709773280556,0.3404325127366773,0,3.6935759946379014,0.25505971532782046,0.7449402846721795,0.0,8,-0.010806985565207719,0.5716581946884502,-0.582465180253658
v2_eval_identity_04,identity_stress,24,23,0.3782068856713691,0.6217931143286308,5.749680553317079,-0.037384222724124325,0.123970929621343,0.12720722663997755,0.1815629646897546,2,3.3418037517538766,0.0,0.3732242734622459,0.626775726537754,8,0.1293024740888584,-0.2615922719392548,0.3908947460281132
v2_eval_identity_05,identity_stress,8,7,0.35194394598382395,0.648056054016176,7.289001048267677,-0.015447799932991628,0.22394376031148933,0.26409408518909666,0.3377360475441027,0,7.108774984320014,0.37169296195374646,0.5140588825302166,0.11424815551603681,8,0.28298370615836516,0.15327877317714655,0.12970493298121866
v2_eval_identity_05,identity_stress,16,15,0.4459942330257129,0.554005766974287,4.87550264804013,-0.007795013477531017,0.2935738837833419,0.15522849390019852,0.3808895301738145,0,7.933370437381602,0.20067880289210493,0.5126991888268738,0.2866220082810213,8,-0.6323666557917853,-0.011292062194075442,-0.6210745935977098
v2_eval_identity_05,identity_stress,24,23,0.3988696084693681,0.6011303915306319,5.968999957963648,-0.010132868917717537,0.31214084088997274,0.26879969210550714,0.3301161846218074,0,6.116655894878507,0.11702629594600222,0.12360641822774206,0.7593672858262558,8,0.24049462558029622,-0.1903694900184097,0.43086411559870597
v2_eval_ontology_01,ontology_collapse,8,7,0.4499995604338971,0.5500004395661029,5.3616423105232744,0.019655542720356575,0.44309082866561583,0.2756211274621724,0.3372282229225271,0,8.6439330464875,0.2595232160440319,0.5027185333100562,0.23775825064591188,8,-0.31236863079380617,-0.1281465488159304,-0.18422208197787582
v2_eval_ontology_01,ontology_collapse,16,15,0.3195287937075147,0.6804712062924854,7.244893331904535,-0.041683045253856854,0.13189546500305252,0.159139827934733,0.19447877907004654,0,3.8793836371591723,0.0,0.9999999999999999,0.0,8,-0.12620765231844594,0.018621242292824587,-0.14482889461127055
v2_eval_ontology_01,ontology_collapse,24,23,1.0,0.0,1.0,,0.0011548258053933492,0.12465613575695128,0.228402537152129,7,9.323677247466595,0.23345759342080216,0.6421016572999235,0.12444074927927437,8,-0.5217429492803105,-0.09862965137407254,-0.423113297906238
v2_eval_ontology_02,ontology_collapse,8,7,0.44449122829435234,0.5555087717056477,7.45015265246167,0.07316802453802067,0.19610742360437497,0.2133455444373909,0.2646843734177812,0,5.795915836369479,0.237441582236891,0.7625584177631091,0.0,8,-0.6578053299624165,0.30613587422094213,-0.9639412041833586
v2_eval_ontology_02,ontology_collapse,16,15,0.44436272888102996,0.5556372711189701,4.774216952384011,-0.015179717717352909,0.09732087827916193,0.14761040968029002,0.179087222843334,2,2.2648599763672386,0.0,1.0,0.0,8,0.6301050554223628,-0.16495944371689386,0.7950644991392566
v2_eval_ontology_02,ontology_collapse,24,23,0.4554810086884058,0.5445189913115942,5.226570317826947,0.019949908884309198,0.30569532040050323,0.15750057737291373,0.2859734881910037,0,6.203446138512302,0.2335482253198432,0.0,0.7664517746801567,8,0.08084828658707417,-0.016116634075548697,0.09696492066262287
v2_eval_ontology_03,ontology_collapse,8,7,0.5011242034207861,0.4988757965792139,5.61401962674568,0.088821317439724,0.25159842999635995,0.18080367905680594,0.2276908215923639,0,3.8309107803849534,0.629796124205328,0.37020387579467195,0.0,8,0.5226516508323855,-0.49677086541939275,1.0194225162517783
v2_eval_ontology_03,ontology_collapse,16,15,0.5144959892173284,0.4855040107826716,3.5229316139172635,-0.026738113230265502,0.09252252064687422,0.16162123339630197,0.16922393380210274,3,2.9934725488206424,0.0,0.6251015505681268,0.37489844943187334,8,-0.19144051566073694,-0.0034848759582407317,-0.1879556397024962
v2_eval_ontology_03,ontology_collapse,24,23,0.49657867937450706,0.5034213206254929,7.460436802940691,0.12997139476708802,0.23189987181927432,0.2321639483337873,0.35960229279415135,0,7.181508277951524,0.0,0.6228040719396848,0.3771959280603153,8,0.2895981732256389,0.44385847185417504,-0.15426029862853607
v2_eval_ontology_04,ontology_collapse,8,7,0.4090069899064632,0.5909930100935368,4.890244576486106,-0.04676493521704144,0.1868566249238012,0.2922186438756199,0.4011225193878952,0,14.632879196527917,0.0,0.3279929448883288,0.6720070551116711,8,0.759203786016818,0.16440621521095755,0.5947975708058605
v2_eval_ontology_04,ontology_collapse,16,15,0.49820597715050957,0.5017940228494904,4.891947481581805,0.055043484186191045,0.2866508281144815,0.2418936741060914,0.34671598744496246,0,4.828819244618691,0.26145185630557566,0.7385481436944242,0.0,8,0.2862449354088434,-0.07627879615753265,0.3625237315663761
v2_eval_ontology_04,ontology_collapse,24,23,0.47599238195272725,0.5240076180472728,7.531481638420913,0.10815285138585529,0.2330306790573439,0.2440219180350985,0.27292088957758415,0,7.246609344761029,0.249734899588826,0.2513439609403726,0.4989211394708015,8,-0.5473420163196695,-0.2709996917108045,-0.276342324608865
v2_eval_ontology_05,ontology_collapse,8,7,0.39878251688520505,0.601217483114795,7.604817810706152,0.03170036452926699,0.18543111216665242,0.23340291062277668,0.2586041412908889,0,5.046013122434401,0.491553176957341,0.5084468230426589,0.0,8,-0.3137110213208998,-0.13957885993877878,-0.17413216138212104
v2_eval_ontology_05,ontology_collapse,16,15,0.42906031425555996,0.57093968574444,7.073627064717991,0.049756674014137275,0.16852606211364424,0.21126736830243478,0.3134824655161041,0,2.783770174012704,0.2358745576533825,0.6337289749757712,0.13039646737084637,8,-0.26755977581772294,-0.3511096018954762,0.08354982607775324
v2_eval_ontology_05,ontology_collapse,24,23,0.4144838161687407,0.5855161838312593,6.476033355828981,0.020555394612585594,0.22057766749960073,0.13719363910687973,0.2485835662670724,0,4.259958218990141,0.0,0.36771224178707174,0.6322877582129284,8,0.4779119302569952,0.020281006066966752,0.45763092419002843
