scope,component,magnitude,cells,prompts,delta_plus,delta_minus,odd,even
all,coexact,0.25,60,20,-0.005920860068145118,-0.002999898533329673,-0.0014604807674077239,-0.004460379300737393
all,coexact,0.5,60,20,-0.02677091812219673,-0.010767199597534468,-0.008001859262331126,-0.018769058859865594
all,coexact,1.0,60,20,-0.1448472379094645,-0.07962771054881765,-0.032609763680323416,-0.11223747422914106
all,random_tangent,0.25,60,20,-0.012802321473103052,0.003983467269641287,-0.008392894371372169,-0.004409427101730882
all,random_tangent,0.5,60,20,-0.03816453708008558,-0.002885438207371984,-0.017639549436356795,-0.02052498764372878
all,random_tangent,1.0,60,20,-0.16779721017789986,-0.09871102215346671,-0.03454309401221657,-0.13325411616568328
prefix_8,coexact,0.25,20,20,0.03209690285721436,-0.016927203050077465,0.02451205295364591,0.007584849903568447
prefix_8,coexact,0.5,20,20,0.06269984372548727,-0.009671486689194708,0.03618566520734099,0.026514178518146282
prefix_8,coexact,1.0,20,20,0.06407237027823598,-0.006810463108927678,0.03544141669358183,0.028630953584654152
prefix_8,random_tangent,0.25,20,20,-0.0003008968050645766,0.01394784988579718,-0.007124373345430879,0.006823476540366302
prefix_8,random_tangent,0.5,20,20,0.004165538526923385,0.03636443166818526,-0.016099446570630938,0.02026498509755432
prefix_8,random_tangent,1.0,20,20,-0.04482632595838587,0.015530487932090997,-0.030178406945238434,-0.014647919013147437
prefix_16,coexact,0.25,20,20,-0.04795891842102336,0.018523623884350825,-0.03324127115268709,-0.014717647268336265
prefix_16,coexact,0.5,20,20,-0.12296327415447124,0.00748240450676505,-0.06522283933061815,-0.05774043482385309
prefix_16,coexact,1.0,20,20,-0.3583542674399304,-0.11290475975675492,-0.12272475384158774,-0.23562951359834267
prefix_16,random_tangent,0.25,20,20,-0.018085644972933725,-0.011876629370199421,-0.0031045078013671513,-0.014981137171566572
prefix_16,random_tangent,0.5,20,20,-0.06831946103355872,-0.05314862332158241,-0.007585418855988157,-0.06073404217757057
prefix_16,random_tangent,1.0,20,20,-0.29357133247470724,-0.23964845210171629,-0.02696144018649549,-0.26660989228821175
prefix_24,coexact,0.25,20,20,-0.0019005646406263566,-0.01059611643426237,0.004347775896818007,-0.006248340537444363
prefix_24,coexact,0.5,20,20,-0.020049323937606188,-0.030112516610173758,0.005031596336283783,-0.025080920273889973
prefix_24,coexact,1.0,20,20,-0.14025981656669906,-0.1191679087807703,-0.010545953892964376,-0.1297138626737347
prefix_24,random_tangent,0.25,20,20,-0.020020422641310855,0.0098791812933261,-0.014949801967318477,-0.005070620673992376
prefix_24,random_tangent,0.5,20,20,-0.05033968873362138,0.008127877031281195,-0.029233782882451285,-0.021105905851170094
prefix_24,random_tangent,1.0,20,20,-0.16499397210060648,-0.07201510229077486,-0.04648943490491582,-0.11850453719569068
