prompt_id,prefix_length,component,magnitude,delta_plus,delta_minus,odd,even
v2_eval_identity_01,8,coexact,0.25,-0.10592336386662282,0.16147934446490808,-0.13370135416576545,0.02777799029914263
v2_eval_identity_01,8,coexact,0.5,-0.15181101511994655,0.3899338294039012,-0.2708724222619239,0.11906140714197733
v2_eval_identity_01,8,coexact,1.0,-0.01357552762780756,1.0524284330091689,-0.5330019803184882,0.5194264526906807
v2_eval_identity_01,8,random_tangent,0.25,-0.021910226167562996,0.15743566289001798,-0.08967294452879049,0.06776271836122749
v2_eval_identity_01,8,random_tangent,0.5,0.09154869857767878,0.43238686385569913,-0.17041908263901018,0.26196778121668896
v2_eval_identity_01,8,random_tangent,1.0,0.6410803218271468,1.147443323303463,-0.25318150073815815,0.894261822565305
v2_eval_identity_01,16,coexact,0.25,-0.04157081300638765,0.03700202483700821,-0.03928641892169793,-0.0022843940846897226
v2_eval_identity_01,16,coexact,0.5,-0.07947299332347768,0.06412841530463709,-0.07180070431405738,-0.007672289009420297
v2_eval_identity_01,16,coexact,1.0,-0.12678666965611285,0.05419893710693202,-0.09049280338152244,-0.036293866274590414
v2_eval_identity_01,16,random_tangent,0.25,0.007374334828142537,-0.022472310700933917,0.014923322764538227,-0.00754898793639569
v2_eval_identity_01,16,random_tangent,0.5,-0.013843052024810731,-0.06148443208218879,0.02382069002868903,-0.03766374205349976
v2_eval_identity_01,16,random_tangent,1.0,-0.30234298579472885,-0.22942190800385553,-0.036460538895436656,-0.2658824468992922
v2_eval_identity_01,24,coexact,0.25,0.011433284490962592,-0.013270231127492593,0.012351757809227593,-0.0009184733182650007
v2_eval_identity_01,24,coexact,0.5,0.00036390414612696986,-0.026519863816815814,0.013441883981471392,-0.013077979835344422
v2_eval_identity_01,24,coexact,1.0,-0.177857935689687,-0.055955065983965824,-0.060951434852860586,-0.11690650083682641
v2_eval_identity_01,24,random_tangent,0.25,0.00040419319249096475,-0.001801249532068283,0.001102721362279624,-0.0006985281697886592
v2_eval_identity_01,24,random_tangent,0.5,-0.0037260617965113596,-0.007819708501164868,0.0020468233523267543,-0.005772885148838114
v2_eval_identity_01,24,random_tangent,1.0,-0.07833858526808157,-0.09282332004745975,0.007242367389689086,-0.08558095265777066
v2_eval_identity_02,8,coexact,0.25,0.16291052762505132,-0.16983836890443627,0.1663744482647438,-0.003463920639692475
v2_eval_identity_02,8,coexact,0.5,0.3165547379972722,-0.34122304180005614,0.32888888989866416,-0.012334151901391976
v2_eval_identity_02,8,coexact,1.0,-0.10276804144520213,-0.6524829438058504,0.2748574511803241,-0.37762549262552625
v2_eval_identity_02,8,random_tangent,0.25,0.02632112817879495,-0.0457899366425325,0.036055532410663726,-0.009734404231868776
v2_eval_identity_02,8,random_tangent,0.5,0.030730101459162995,-0.1050126278152197,0.06787136463719134,-0.03714126317802835
v2_eval_identity_02,8,random_tangent,1.0,-0.031119387783198782,-0.48080435559338675,0.22484248390509398,-0.25596187168829276
v2_eval_identity_02,16,coexact,0.25,0.14353057175682693,-0.17759148639977695,0.16056102907830194,-0.017030457321475012
v2_eval_identity_02,16,coexact,0.5,0.2509408912690674,-0.3653259396554063,0.3081334154622368,-0.05719252419316945
v2_eval_identity_02,16,coexact,1.0,0.33461340868763045,-0.5427690005858778,0.43869120463675415,-0.1040777959491237
v2_eval_identity_02,16,random_tangent,0.25,0.029559128404251567,-0.04679339392509618,0.038176261164673875,-0.008617132760422308
v2_eval_identity_02,16,random_tangent,0.5,0.03929711286113857,-0.09916237151357699,0.06922974218735778,-0.029932629326219207
v2_eval_identity_02,16,random_tangent,1.0,0.015939765072925383,-0.18032478185923573,0.09813227346608056,-0.08219250839315517
v2_eval_identity_02,24,coexact,0.25,-0.056865130807082664,0.05026439376248959,-0.05356476228478613,-0.0033003685222965373
v2_eval_identity_02,24,coexact,0.5,-0.1276650023389294,0.09758287119974796,-0.11262393676933868,-0.015041065569590728
v2_eval_identity_02,24,coexact,1.0,-0.33780937262324073,0.18573610196432355,-0.26177273729378214,-0.07603663532945859
v2_eval_identity_02,24,random_tangent,0.25,-0.006292974551755037,0.006577137021857027,-0.006435055786806032,0.0001420812350509948
v2_eval_identity_02,24,random_tangent,0.5,-0.011391839477061794,0.00997036725483369,-0.010681103365947742,-0.000710736111114052
v2_eval_identity_02,24,random_tangent,1.0,-0.018651547565129434,-0.03843776318633285,0.009893107810601709,-0.028544655375731143
v2_eval_identity_03,8,coexact,0.25,-0.06419638207652412,0.14578517569938754,-0.10499077888795583,0.04079439681143171
v2_eval_identity_03,8,coexact,0.5,-0.07111175936905312,0.3640422906549645,-0.21757702501200882,0.1464652656429557
v2_eval_identity_03,8,coexact,1.0,0.18927518803965881,0.8887451674052897,-0.34973498968281547,0.5390101777224743
v2_eval_identity_03,8,random_tangent,0.25,0.049992741490567205,0.03867977018462376,0.005656485652971721,0.044336255837595484
v2_eval_identity_03,8,random_tangent,0.5,0.16097212422309326,0.15706842400769006,0.0019518501077016026,0.15902027411539166
v2_eval_identity_03,8,random_tangent,1.0,0.3042911372053734,0.45546982506486966,-0.07558934392974814,0.3798804811351215
v2_eval_identity_03,16,coexact,0.25,-0.29751973792488684,0.19389111894011535,-0.2457054284325011,-0.051814309492385746
v2_eval_identity_03,16,coexact,0.5,-0.6864531217820655,0.2849856517772338,-0.48571938677964965,-0.20073373500241587
v2_eval_identity_03,16,coexact,1.0,-1.4710604872743858,0.052174243567080225,-0.761617365420733,-0.7094431218536528
v2_eval_identity_03,16,random_tangent,0.25,-0.03714359108734122,0.0001437034429727646,-0.018643647265156993,-0.01849994382218423
v2_eval_identity_03,16,random_tangent,0.5,-0.1013839669581067,-0.035457912033859174,-0.03296302746212376,-0.06842093949598294
v2_eval_identity_03,16,random_tangent,1.0,-0.4304754719961199,-0.20217408307449425,-0.11415069446081283,-0.3163247775353071
v2_eval_identity_03,24,coexact,0.25,-0.10910858978698457,0.10402438364606326,-0.10656648671652391,-0.002542103070460655
v2_eval_identity_03,24,coexact,0.5,-0.22063497544159816,0.19056592821500828,-0.20560045182830322,-0.015034523613294937
v2_eval_identity_03,24,coexact,1.0,-0.7682230633926679,0.20780525213687895,-0.4880141577647734,-0.28020890562789447
v2_eval_identity_03,24,random_tangent,0.25,-0.14930194861159762,0.1531332895633799,-0.15121761908748876,0.0019156704758911403
v2_eval_identity_03,24,random_tangent,0.5,-0.2921756995001612,0.28059620759418635,-0.2863859535471738,-0.005789745952987424
v2_eval_identity_03,24,random_tangent,1.0,-0.7060941905242455,0.24088616094782722,-0.47349017573603636,-0.23260401478820913
v2_eval_identity_04,8,coexact,0.25,-0.01931792626992035,0.025259142258079237,-0.022288534263999793,0.002970607994079444
v2_eval_identity_04,8,coexact,0.5,-0.030661723730545987,0.042182198281054184,-0.036421961005800085,0.005760237275254099
v2_eval_identity_04,8,coexact,1.0,0.11661589524969429,-0.05279405310149343,0.08470497417559386,0.03191092107410043
v2_eval_identity_04,8,random_tangent,0.25,0.06863411464600055,-0.06251472259856072,0.06557441862228064,0.0030596960237199156
v2_eval_identity_04,8,random_tangent,0.5,0.1264577465341059,-0.10802454000094563,0.11724114326752577,0.009216603266580137
v2_eval_identity_04,8,random_tangent,1.0,0.15867491603400374,-0.13038030042138438,0.14452760822769406,0.014147307806309684
v2_eval_identity_04,16,coexact,0.25,0.0026894105826755776,-0.045459760127101845,0.02407458535488871,-0.021385174772213134
v2_eval_identity_04,16,coexact,0.5,-0.04384391509681507,-0.10856054818350458,0.032358316543344756,-0.07620223164015982
v2_eval_identity_04,16,coexact,1.0,-0.24405037854985778,-0.1712864322203984,-0.036381973164729686,-0.2076684053851281
v2_eval_identity_04,16,random_tangent,0.25,0.12294455244288294,-0.22438843318788315,0.17366649281538304,-0.05072194037250011
v2_eval_identity_04,16,random_tangent,0.5,0.13744150239661224,-0.5390443326479701,0.3382429175222912,-0.20080141512567895
v2_eval_identity_04,16,random_tangent,1.0,-0.23405896580127283,-1.309585562928472,0.5377632985635996,-0.7718222643648724
v2_eval_identity_04,24,coexact,0.25,0.03122113919434355,-0.12446575236990043,0.07784344578212199,-0.04662230658777844
v2_eval_identity_04,24,coexact,0.5,-0.04579497870027183,-0.2868472648184053,0.12052614305906673,-0.16632112175933855
v2_eval_identity_04,24,coexact,1.0,-0.30043596319654853,-0.4804070917296741,0.08998556426656279,-0.3904215274631113
v2_eval_identity_04,24,random_tangent,0.25,-0.09723660277422397,0.08236220080471313,-0.08979940178946855,-0.007437200984755421
v2_eval_identity_04,24,random_tangent,0.5,-0.20053101952180796,0.13234855541434065,-0.1664397874680743,-0.034091232053733656
v2_eval_identity_04,24,random_tangent,1.0,-0.4586684055195551,0.016671819958180123,-0.23767011273886762,-0.2209982927806875
v2_eval_identity_05,8,coexact,0.25,0.16639239997334698,-0.1382443178962518,0.1523183589347994,0.014074041038547591
v2_eval_identity_05,8,coexact,0.5,0.2833593578448159,-0.1806924890608883,0.2320259234528521,0.051333434391963806
v2_eval_identity_05,8,coexact,1.0,0.3262984050793136,-0.1083487206661431,0.21732356287272836,0.10897484220658527
v2_eval_identity_05,8,random_tangent,0.25,0.0834085289091746,-0.036285774978338736,0.05984715194375667,0.023561376965417935
v2_eval_identity_05,8,random_tangent,0.5,0.19092967671993577,-0.033784031469213716,0.11235685409457474,0.07857282262536103
v2_eval_identity_05,8,random_tangent,1.0,0.2669076917164759,0.006831342192919365,0.13003817476177826,0.13686951695469762
v2_eval_identity_05,16,coexact,0.25,-0.13118856998582373,0.18109789155231226,-0.156143230769068,0.024954660783244265
v2_eval_identity_05,16,coexact,0.5,-0.21899737826799992,0.40762108923699714,-0.31330923375249853,0.09431185548449861
v2_eval_identity_05,16,coexact,1.0,-0.37303587751836176,0.8955457447980422,-0.634290811158202,0.2612549336398402
v2_eval_identity_05,16,random_tangent,0.25,0.04239012374791429,0.031223965798744757,0.005583078974584765,0.03680704477332952
v2_eval_identity_05,16,random_tangent,0.5,0.14856443642419137,0.14152506335902082,0.0035196865325852755,0.1450447498916061
v2_eval_identity_05,16,random_tangent,1.0,0.499805795170138,0.5357586844494637,-0.01797644463966286,0.5177822398098009
v2_eval_identity_05,24,coexact,0.25,0.03129570470065346,-0.038559351226084004,0.03492752796336873,-0.0036318232627152724
v2_eval_identity_05,24,coexact,0.5,0.0729113181206884,-0.10131097577007608,0.08711114694538225,-0.014199828824693839
v2_eval_identity_05,24,coexact,1.0,0.17952499063015637,-0.34719849059105456,0.26336174061060547,-0.0838367499804491
v2_eval_identity_05,24,random_tangent,0.25,-0.052034628511730574,0.018795407548708454,-0.035415018030219514,-0.01661961048151106
v2_eval_identity_05,24,random_tangent,0.5,-0.13804790112064502,0.014195019079954463,-0.07612146010029974,-0.06192644102034528
v2_eval_identity_05,24,random_tangent,1.0,-0.430278143907346,-0.024387201724429985,-0.202945471091458,-0.22733267281588798
v2_eval_literal_01,8,coexact,0.25,-0.18504884333412974,0.29249170454171747,-0.2387702739379236,0.05372143060379386
v2_eval_literal_01,8,coexact,0.5,-0.27624198327518457,0.6826529822562861,-0.47944748276573534,0.20320549949055078
v2_eval_literal_01,8,coexact,1.0,-0.061315089011173995,1.3763961931678637,-0.7188556410895188,0.6575405520783448
v2_eval_literal_01,8,random_tangent,0.25,0.14905840012498395,0.07733564549162786,0.035861377316678045,0.1131970228083059
v2_eval_literal_01,8,random_tangent,0.5,0.5014267980896374,0.3307672336232059,0.08532978223321575,0.41609701585642167
v2_eval_literal_01,8,random_tangent,1.0,1.4051300979110888,0.8422882455896463,0.28142092616072123,1.1237091717503676
v2_eval_literal_01,16,coexact,0.25,-0.013602820670229221,0.00802733397786426,-0.01081507732404674,-0.0027877433461824808
v2_eval_literal_01,16,coexact,0.5,-0.027700979640002288,0.008170532553251064,-0.017935756096626676,-0.009765223543375612
v2_eval_literal_01,16,coexact,1.0,-0.048031312318798314,-0.0030028597586237993,-0.022514226280087257,-0.025517086038711057
v2_eval_literal_01,16,random_tangent,0.25,0.005059628765614832,-0.011096304416453151,0.008077966591033992,-0.0030183378254191595
v2_eval_literal_01,16,random_tangent,0.5,0.0019699885098329872,-0.02736075732096488,0.014665372915398933,-0.012695384405565946
v2_eval_literal_01,16,random_tangent,1.0,-0.0512579543558811,-0.07735476729796353,0.013048406471041218,-0.06430636082692232
v2_eval_literal_01,24,coexact,0.25,0.0439315849401396,-0.046768596054576506,0.04535009049735805,-0.0014185055572184524
v2_eval_literal_01,24,coexact,0.5,0.08337458314050394,-0.08654021295699721,0.08495739804875058,-0.0015828149082466325
v2_eval_literal_01,24,coexact,1.0,0.15458762801333847,-0.14140751948603025,0.14799757374968436,0.00659005426365411
v2_eval_literal_01,24,random_tangent,0.25,0.06114778013063482,-0.06748769531464394,0.06431773772263938,-0.0031699575920045575
v2_eval_literal_01,24,random_tangent,0.5,0.10428871514147176,-0.13291581104831884,0.1186022630948953,-0.014313547953423544
v2_eval_literal_01,24,random_tangent,1.0,0.0568978928676076,-0.34728685854606667,0.20209237570683714,-0.14519448283922953
v2_eval_literal_02,8,coexact,0.25,-0.0019295984230822683,-0.034478541812532626,0.01627447169472518,-0.018204070117807447
v2_eval_literal_02,8,coexact,0.5,-0.03158459202606423,-0.10841379423726494,0.038414601105600354,-0.06999919313166458
v2_eval_literal_02,8,coexact,1.0,-0.11273587267821483,-0.49664945044387565,0.1919567888828304,-0.30469266156104524
v2_eval_literal_02,8,random_tangent,0.25,0.01256538642176075,-0.027591881950950636,0.020078634186355693,-0.007513247764594944
v2_eval_literal_02,8,random_tangent,0.5,0.011421785244127847,-0.0690478017526468,0.04023479349838732,-0.028813008254259476
v2_eval_literal_02,8,random_tangent,1.0,-0.025103821795223524,-0.2761796391830984,0.12553790869393744,-0.15064173048916096
v2_eval_literal_02,16,coexact,0.25,0.08033758669121482,-0.0626301400975251,0.07148386339436996,0.008853723296844862
v2_eval_literal_02,16,coexact,0.5,0.14974606190186535,-0.10248136914282213,0.12611371552234374,0.023632346379521607
v2_eval_literal_02,16,coexact,1.0,0.0982252794073446,-0.47151766465920275,0.2848714720332737,-0.18664619262592907
v2_eval_literal_02,16,random_tangent,0.25,-0.09659799420479054,0.04861011186108577,-0.07260405303293815,-0.023993941171852384
v2_eval_literal_02,16,random_tangent,0.5,-0.24552523870610443,0.043332470584877214,-0.14442885464549082,-0.10109638406061361
v2_eval_literal_02,16,random_tangent,1.0,-0.774415036027726,-0.18824262084687327,-0.29308620759042636,-0.4813288284372996
v2_eval_literal_02,24,coexact,0.25,0.01729459007113121,0.014638838072571048,0.0013278759992800815,0.01596671407185113
v2_eval_literal_02,24,coexact,0.5,0.059838411990654095,0.06835339737780544,-0.004257492693575671,0.06409590468422977
v2_eval_literal_02,24,coexact,1.0,0.19650552339552974,0.2829880123402546,-0.04324124447236244,0.23974676786789217
v2_eval_literal_02,24,random_tangent,0.25,-0.012064287473316782,0.03524164913078032,-0.02365296830204855,0.011588680828731768
v2_eval_literal_02,24,random_tangent,0.5,0.0060765070024704215,0.09147664834516789,-0.04270007067134873,0.048776577673819155
v2_eval_literal_02,24,random_tangent,1.0,0.17627864861374398,0.24793797775721416,-0.03582966457173509,0.21210831318547907
v2_eval_literal_03,8,coexact,0.25,0.06406184632919576,-0.05600241941650097,0.060032132872848365,0.004029713456347395
v2_eval_literal_03,8,coexact,0.5,0.1314253440044837,-0.10126359035746191,0.1163444671809728,0.015080876823510891
v2_eval_literal_03,8,coexact,1.0,0.25402310613857537,-0.1630003054853546,0.208511705811965,0.045511400326610385
v2_eval_literal_03,8,random_tangent,0.25,-0.006723587173468104,0.003721094568753358,-0.005222340871110731,-0.001501246302357373
v2_eval_literal_03,8,random_tangent,0.5,-0.017260631919810976,0.0064889245765673564,-0.011874778248189166,-0.00538585367162181
v2_eval_literal_03,8,random_tangent,1.0,-0.05567399063288114,0.023755332930724293,-0.03971466178180272,-0.015959328851078425
v2_eval_literal_03,16,coexact,0.25,-0.03325825073069666,0.015733335228219403,-0.02449579297945803,-0.008762457751238628
v2_eval_literal_03,16,coexact,0.5,-0.09651522009374958,0.021745036248930205,-0.05913012817133989,-0.037385091922409686
v2_eval_literal_03,16,coexact,1.0,-0.34724734081181907,0.027922298129311685,-0.18758481947056538,-0.1596625213412537
v2_eval_literal_03,16,random_tangent,0.25,-0.018166216024354753,0.0017469002034360415,-0.009956558113895397,-0.008209657910459356
v2_eval_literal_03,16,random_tangent,0.5,-0.05645557188022288,-0.010542044106097492,-0.022956763887062692,-0.033498807993160185
v2_eval_literal_03,16,random_tangent,1.0,-0.243115034720085,-0.09020702666686553,-0.07645400402660973,-0.16666103069347526
v2_eval_literal_03,24,coexact,0.25,-0.0009176838093765127,-0.0005533451752910423,-0.0001821693170427352,-0.0007355144923337775
v2_eval_literal_03,24,coexact,0.5,-0.004152456630677648,-0.0026850859553917417,-0.0007336853376429531,-0.0034187712930346947
v2_eval_literal_03,24,coexact,1.0,-0.036175018340898646,-0.016298978549045273,-0.009938019895926686,-0.02623699844497196
v2_eval_literal_03,24,random_tangent,0.25,-0.0012781660370695391,-0.0005417371809777194,-0.00036821442804590987,-0.0009099516090236293
v2_eval_literal_03,24,random_tangent,0.5,-0.006772782968306856,-0.0035367970648145786,-0.0016179929517461389,-0.0051547900165607174
v2_eval_literal_03,24,random_tangent,1.0,-0.1818709155680054,-0.05316195954504721,-0.06435447801147909,-0.1175164375565263
v2_eval_literal_04,8,coexact,0.25,0.05739476657032583,-0.059501169452857994,0.05844796801159191,-0.0010532014412660828
v2_eval_literal_04,8,coexact,0.5,0.08993302686806715,-0.09587022824571534,0.09290162755689124,-0.0029686006888240968
v2_eval_literal_04,8,coexact,1.0,0.01701685431613953,-0.060085243420303414,0.03855104886822147,-0.021534194552081942
v2_eval_literal_04,8,random_tangent,0.25,-0.006195611387415312,0.0045864131017641085,-0.00539101224458971,-0.0008045991428256016
v2_eval_literal_04,8,random_tangent,0.5,-0.019471705911271897,0.008935352008528241,-0.01420352895990007,-0.005268176951371828
v2_eval_literal_04,8,random_tangent,1.0,-0.20929650267316546,-0.0494744401869216,-0.07991103124312193,-0.12938547143004353
v2_eval_literal_04,16,coexact,0.25,-0.011912364326519764,0.027840505354745915,-0.01987643484063284,0.007964070514113075
v2_eval_literal_04,16,coexact,0.5,-0.012156155086117337,0.0695387865821715,-0.04084747083414442,0.02869131574802708
v2_eval_literal_04,16,coexact,1.0,-0.037931102688673946,0.1418208981168192,-0.08987600040274657,0.051944897714072624
v2_eval_literal_04,16,random_tangent,0.25,-0.002716277127979616,-0.004557590442486159,0.0009206566572532715,-0.0036369337852328876
v2_eval_literal_04,16,random_tangent,0.5,-0.008876500825546252,-0.017365463008860438,0.004244481091657093,-0.013120981917203345
v2_eval_literal_04,16,random_tangent,1.0,-0.034424513020314684,-0.11884735753700859,0.04221142225834695,-0.07663593527866164
v2_eval_literal_04,24,coexact,0.25,0.06745919296014335,0.00957405509583964,0.028942568932151858,0.0385166240279915
v2_eval_literal_04,24,coexact,0.5,0.20857134286944756,0.07614374455269513,0.06621379915837622,0.14235754371107134
v2_eval_literal_04,24,coexact,1.0,0.6486558749704443,0.13221195806175956,0.25822195845434237,0.39043391651610193
v2_eval_literal_04,24,random_tangent,0.25,0.01770241086154556,-0.016274573506034784,0.01698849218379017,0.0007139186777553874
v2_eval_literal_04,24,random_tangent,0.5,0.04704703985007619,-0.0410101778641927,0.044028608857134444,0.003018430992941745
v2_eval_literal_04,24,random_tangent,1.0,0.13830988944600442,-0.20085769766928507,0.16958379355764475,-0.03127390411164033
v2_eval_literal_05,8,coexact,0.25,0.04686386745163418,-0.0482693176012674,0.04756659252645079,-0.0007027250748166125
v2_eval_literal_05,8,coexact,0.5,0.09024426813135733,-0.09557899511362677,0.09291163162249205,-0.002667363491134722
v2_eval_literal_05,8,coexact,1.0,0.17234635023407918,-0.168284351237034,0.1703153507355566,0.00203099949852259
v2_eval_literal_05,8,random_tangent,0.25,-0.00901709873600609,0.004015543631677332,-0.006516321183841711,-0.0025007775521643794
v2_eval_literal_05,8,random_tangent,0.5,-0.024908277063737216,0.004912852352410013,-0.014910564708073615,-0.009997712355663602
v2_eval_literal_05,8,random_tangent,1.0,-0.10727609942021132,-0.022613116775183073,-0.042331491322514125,-0.0649446080976972
v2_eval_literal_05,16,coexact,0.25,0.06701358767357135,-0.06821005625971566,0.0676118219666435,-0.0005982342930721529
v2_eval_literal_05,16,coexact,0.5,0.13741423363947547,-0.14106568289649601,0.13923995826798574,-0.0018257246285102724
v2_eval_literal_05,16,coexact,1.0,0.26751365691123397,-0.2993525387068985,0.2834330978090662,-0.01591944089783226
v2_eval_literal_05,16,random_tangent,0.25,0.00645414670812805,0.005838210444448322,0.00030796813183986416,0.006146178576288186
v2_eval_literal_05,16,random_tangent,0.5,0.022652424159009144,0.02282632000381568,-8.694792240326876e-05,0.022739372081412412
v2_eval_literal_05,16,random_tangent,1.0,0.03600819662625199,0.023981227853351328,0.0060134843864503296,0.029994712239801657
v2_eval_literal_05,24,coexact,0.25,-0.047251639583791416,-0.021790212452557967,-0.012730713565616725,-0.03452092601817469
v2_eval_literal_05,24,coexact,0.5,-0.1444745121084452,-0.11811665910782665,-0.013178926500309274,-0.13129558560813592
v2_eval_literal_05,24,coexact,1.0,-0.412608616561414,-0.42526668219514363,0.00632903281686481,-0.4189376493782788
v2_eval_literal_05,24,random_tangent,0.25,-0.02594517814058861,-0.00037034703130700564,-0.012787415554640802,-0.013157762585947808
v2_eval_literal_05,24,random_tangent,0.5,-0.08594938709722655,-0.026409537348778045,-0.02976992487422425,-0.0561794622230023
v2_eval_literal_05,24,random_tangent,1.0,-0.31200134505480115,-0.23539997846878613,-0.03830068329300751,-0.27370066176179364
v2_eval_metaphor_01,8,coexact,0.25,0.05640259522111535,-0.011695929625318513,0.03404926242321693,0.022353332797898418
v2_eval_metaphor_01,8,coexact,0.5,0.15285424907969514,-0.003768411640209024,0.07831133035995208,0.07454291871974306
v2_eval_metaphor_01,8,coexact,1.0,0.13088039174384392,-0.02630435476444859,0.07859237325414625,0.05228801848969766
v2_eval_metaphor_01,8,random_tangent,0.25,-0.004547807944550897,-0.005311816869721042,0.0003820044625850727,-0.0049298124071359695
v2_eval_metaphor_01,8,random_tangent,0.5,-0.020192251921125504,-0.020201917015934434,4.8325474044652594e-06,-0.02019708446852997
v2_eval_metaphor_01,8,random_tangent,1.0,-0.09548718463383032,-0.11461312132924828,0.009562968347708978,-0.1050501529815393
v2_eval_metaphor_01,16,coexact,0.25,-0.1662029013638744,0.06667893611150078,-0.11644091873768758,-0.04976198262618681
v2_eval_metaphor_01,16,coexact,0.5,-0.4143317033250753,0.03437885131360474,-0.22435527731934002,-0.18997642600573528
v2_eval_metaphor_01,16,coexact,1.0,-0.970363363271602,-0.2569497990614593,-0.35670678210507134,-0.6136565811665307
v2_eval_metaphor_01,16,random_tangent,0.25,0.013431110108484745,-0.0940424764073704,0.05373679325792757,-0.04030568314944283
v2_eval_metaphor_01,16,random_tangent,0.5,-0.055224119795001414,-0.27064390372844827,0.10770989196672343,-0.16293401176172484
v2_eval_metaphor_01,16,random_tangent,1.0,-0.3747305638163496,-0.8573469590636265,0.24130819762363842,-0.616038761439988
v2_eval_metaphor_01,24,coexact,0.25,-0.038638943069059906,0.0979730090836739,-0.0683059760763669,0.029667033007306998
v2_eval_metaphor_01,24,coexact,0.5,-0.02869420231107256,0.22836185904112938,-0.12852803067610097,0.09983382836502841
v2_eval_metaphor_01,24,coexact,1.0,0.13762700801994754,-0.00282122512808769,0.07022411657401761,0.06740289144592992
v2_eval_metaphor_01,24,random_tangent,0.25,0.03657784906421746,0.011576258527677297,0.012500795268270082,0.02407705379594738
v2_eval_metaphor_01,24,random_tangent,0.5,0.11753673389345387,0.05726108825298759,0.03013782282023314,0.08739891107322073
v2_eval_metaphor_01,24,random_tangent,1.0,0.28382423824062464,0.13969008606281896,0.07206707608890284,0.2117571621517218
v2_eval_metaphor_02,8,coexact,0.25,0.056176876563526434,-0.01070783909905515,0.03344235783129079,0.022734518732235642
v2_eval_metaphor_02,8,coexact,0.5,0.06741404373484272,0.0975554612408871,-0.015070708753022188,0.08248475248786491
v2_eval_metaphor_02,8,coexact,1.0,-0.17970707827109322,0.5247661664564021,-0.35223662236374764,0.17252954409265442
v2_eval_metaphor_02,8,random_tangent,0.25,0.03271620082364812,-0.013780021835318124,0.023248111329483123,0.009468089494165
v2_eval_metaphor_02,8,random_tangent,0.5,0.037533820626805436,0.01836290739823987,0.009585456614282784,0.027948364012522653
v2_eval_metaphor_02,8,random_tangent,1.0,-0.20124802097437744,0.15555943360503477,-0.1784037272897061,-0.022844293684671335
v2_eval_metaphor_02,16,coexact,0.25,-0.43937523941583834,0.2821890310059132,-0.36078213521087577,-0.07859310420496257
v2_eval_metaphor_02,16,coexact,0.5,-0.9430849732157469,0.4090030347067426,-0.6760440039612448,-0.26704096925450216
v2_eval_metaphor_02,16,coexact,1.0,-1.8369577896426534,0.4685038271435076,-1.1527308083930805,-0.6842269812495729
v2_eval_metaphor_02,16,random_tangent,0.25,0.018888707816241634,-0.03331300644166468,0.02610085712895316,-0.007212149312711524
v2_eval_metaphor_02,16,random_tangent,0.5,0.028834310759588533,-0.07469644754323035,0.05176537915140944,-0.022931068391820908
v2_eval_metaphor_02,16,random_tangent,1.0,0.06567587652146045,-0.13953471673656104,0.10260529662901074,-0.03692942010755029
v2_eval_metaphor_02,24,coexact,0.25,0.06728837039902658,-0.08567532433437464,0.0764818473667006,-0.00919347696767403
v2_eval_metaphor_02,24,coexact,0.5,0.1197854325180856,-0.1757757287749797,0.14778058064653266,-0.027995148128447056
v2_eval_metaphor_02,24,coexact,1.0,0.19202766561451767,-0.2791664780398264,0.23559707182717204,-0.04356940621265437
v2_eval_metaphor_02,24,random_tangent,0.25,-0.009666945303298036,0.00015588097332930317,-0.0049114131383136694,-0.004755532164984366
v2_eval_metaphor_02,24,random_tangent,0.5,-0.027501155809538602,-0.002587172471610444,-0.01245699166896408,-0.015044164140574523
v2_eval_metaphor_02,24,random_tangent,1.0,-0.002756608685167805,0.013403989462865695,-0.00808029907401675,0.005323690388848945
v2_eval_metaphor_03,8,coexact,0.25,-0.02605171204088208,0.030076244845162137,-0.02806397844302211,0.0020122664021400283
v2_eval_metaphor_03,8,coexact,0.5,-0.031384574071765314,0.05049580279845145,-0.04094018843510838,0.009555614363343068
v2_eval_metaphor_03,8,coexact,1.0,0.04361412441203072,0.05509733713537912,-0.005741606361674201,0.04935573077370492
v2_eval_metaphor_03,8,random_tangent,0.25,-0.023172226648700445,0.01244289988464864,-0.017807563266674542,-0.005364663382025903
v2_eval_metaphor_03,8,random_tangent,0.5,-0.053686230621879716,0.017811684878171974,-0.035748957750025845,-0.01793727287185387
v2_eval_metaphor_03,8,random_tangent,1.0,-0.09970226626245804,0.027421990493250448,-0.06356212837785424,-0.036140137884603796
v2_eval_metaphor_03,16,coexact,0.25,-0.34376696912615046,0.313101170273967,-0.32843406970005873,-0.015332899426091728
v2_eval_metaphor_03,16,coexact,0.5,-0.6794977255806174,0.5242901474503299,-0.6018939365154736,-0.07760378906514376
v2_eval_metaphor_03,16,coexact,1.0,-1.2981348419682774,0.4283136613323961,-0.8632242516503368,-0.43491059031794066
v2_eval_metaphor_03,16,random_tangent,0.25,-0.1047872913869341,0.03628576540658379,-0.07053652839675895,-0.034250762990175154
v2_eval_metaphor_03,16,random_tangent,0.5,-0.2694900070154276,-0.009777521546434187,-0.1298562427344967,-0.13963376428093088
v2_eval_metaphor_03,16,random_tangent,1.0,-0.7785542591763601,-0.3407472174147994,-0.21890352088078036,-0.5596507382955798
v2_eval_metaphor_03,24,coexact,0.25,0.04207028451449446,-0.0019207224410138224,0.02199550347775414,0.02007478103674032
v2_eval_metaphor_03,24,coexact,0.5,0.09358650767109111,0.04139543620021868,0.026095535735436215,0.0674909719356549
v2_eval_metaphor_03,24,coexact,1.0,0.07141167965440331,0.22618990954758544,-0.07738911494659106,0.14880079460099438
v2_eval_metaphor_03,24,random_tangent,0.25,-0.025468762225308694,0.05258613443108828,-0.03902744832819849,0.013558686102889794
v2_eval_metaphor_03,24,random_tangent,0.5,-0.03908800786744493,0.1480909540964852,-0.09358948098196507,0.05450147311452014
v2_eval_metaphor_03,24,random_tangent,1.0,-0.06468447255438292,0.42976210934687664,-0.24722329095062978,0.18253881839624686
v2_eval_metaphor_04,8,coexact,0.25,0.23994357106312236,-0.32205017036304895,0.28099687071308566,-0.04105329964996329
v2_eval_metaphor_04,8,coexact,0.5,0.4310383021679485,-0.7525565991468994,0.591797450657424,-0.16075914848947548
v2_eval_metaphor_04,8,coexact,1.0,0.7370689310654797,-1.8660097157487385,1.301539323407109,-0.5644703923416294
v2_eval_metaphor_04,8,random_tangent,0.25,-0.1306234869627101,0.08614085557169382,-0.10838217126720195,-0.022241315695508135
v2_eval_metaphor_04,8,random_tangent,0.5,-0.2944729313164789,0.12007668676463013,-0.2072748090405545,-0.08719812227592438
v2_eval_metaphor_04,8,random_tangent,1.0,-0.5491599282256345,0.0989072563446598,-0.32403359228514717,-0.22512633594048737
v2_eval_metaphor_04,16,coexact,0.25,0.22565775689724887,-0.20800600791322665,0.21683188240523776,0.00882587449201111
v2_eval_metaphor_04,16,coexact,0.5,0.45643330309489727,-0.3829708665320908,0.419702084813494,0.036731218281403244
v2_eval_metaphor_04,16,coexact,1.0,0.8612286277919026,-0.5465021245782253,0.703865376185064,0.15736325160683862
v2_eval_metaphor_04,16,random_tangent,0.25,-0.03654375642184604,0.05846901590784981,-0.047506386164847925,0.010962629743001884
v2_eval_metaphor_04,16,random_tangent,0.5,-0.026097879594694007,0.12487686794122688,-0.07548737376796044,0.049389494173266435
v2_eval_metaphor_04,16,random_tangent,1.0,0.17236750136195056,0.24926016832956321,-0.03844633348380633,0.2108138348457569
v2_eval_metaphor_04,24,coexact,0.25,0.012843780927966009,0.002680988401493778,0.005081396263236115,0.007762384664729893
v2_eval_metaphor_04,24,coexact,0.5,0.03897334259488616,0.005399887879775633,0.016786727357555264,0.022186615237330898
v2_eval_metaphor_04,24,coexact,1.0,0.09925623947879103,-0.10752721426823086,0.10339172687351095,-0.004135487394719917
v2_eval_metaphor_04,24,random_tangent,0.25,0.02801614078293113,-0.014690790241044027,0.02135346551198758,0.006662675270943552
v2_eval_metaphor_04,24,random_tangent,0.5,0.06093449934405015,-0.019355761753793388,0.04014513054892177,0.020789368795128382
v2_eval_metaphor_04,24,random_tangent,1.0,0.05982324742016942,-0.04242527069055946,0.05112425905536444,0.008698988364804983
v2_eval_metaphor_05,8,coexact,0.25,0.049153889741901935,-0.05400145737569062,0.05157767355879628,-0.0024237838168943426
v2_eval_metaphor_05,8,coexact,0.5,0.08473516020819716,-0.11380223736239259,0.09926869878529487,-0.014533538577097715
v2_eval_metaphor_05,8,coexact,1.0,0.015980650880436542,-0.36510648707195514,0.19054356897619584,-0.1745629180957593
v2_eval_metaphor_05,8,random_tangent,0.25,-0.07930517623547217,0.008869634290647355,-0.044087405263059765,-0.03521777097241241
v2_eval_metaphor_05,8,random_tangent,0.5,-0.2286935350613728,-0.0499019309963078,-0.0893958020325325,-0.1392977330288403
v2_eval_metaphor_05,8,random_tangent,1.0,-0.7594074609725041,-0.3367025347148065,-0.2113524631288488,-0.5480549978436553
v2_eval_metaphor_05,16,coexact,0.25,-0.07175947114865266,0.04131217673287324,-0.05653582394076295,-0.015223647207889712
v2_eval_metaphor_05,16,coexact,0.5,-0.17690931882604843,0.032195792485836705,-0.10455255565594257,-0.07235676317010586
v2_eval_metaphor_05,16,coexact,1.0,-0.6891400952283959,-0.222166988606034,-0.23348655331118096,-0.45565354191721497
v2_eval_metaphor_05,16,random_tangent,0.25,-0.08293592215688861,0.02087836167300594,-0.051907141914947275,-0.031028780241941334
v2_eval_metaphor_05,16,random_tangent,0.5,-0.23672295147327738,-0.030065504744786864,-0.10332872336424526,-0.13339422810903212
v2_eval_metaphor_05,16,random_tangent,1.0,-0.7740619148192991,-0.4075619354913407,-0.1832499896639792,-0.5908119251553199
v2_eval_metaphor_05,24,coexact,0.25,-0.010518550561073425,0.007002799578430086,-0.008760675069751755,-0.0017578754913216699
v2_eval_metaphor_05,24,coexact,0.5,-0.03315059899426842,0.028345514825062423,-0.030748056909665422,-0.002402542084602999
v2_eval_metaphor_05,24,coexact,1.0,-0.11620720392186001,0.14405640697701472,-0.13013180544943737,0.013924601527577352
v2_eval_metaphor_05,24,random_tangent,0.25,-0.05256158060052485,0.05289168035400493,-0.05272663047726489,0.00016504987674004212
v2_eval_metaphor_05,24,random_tangent,0.5,-0.10977949322772318,0.1090514154248936,-0.10941545432630839,-0.0003640389014147871
v2_eval_metaphor_05,24,random_tangent,1.0,-0.24716144283165242,0.2163336207483848,-0.2317475317900186,-0.01541391104163381
v2_eval_ontology_01,8,coexact,0.25,-0.038354254963302026,-0.04782641701196155,0.0047360810243297635,-0.04309033598763179
v2_eval_ontology_01,8,coexact,0.5,-0.21541573694842242,-0.1572951554477413,-0.029060290750340556,-0.18635544619808186
v2_eval_ontology_01,8,coexact,1.0,-1.1317521201167011,-0.3384767145211356,-0.39663770279778277,-0.7351144173189184
v2_eval_ontology_01,8,random_tangent,0.25,-0.07553375284152253,0.002648788665666757,-0.03909127075359464,-0.036442482087927885
v2_eval_ontology_01,8,random_tangent,0.5,-0.2592095381497863,-0.1046174554281869,-0.0772960413607997,-0.1819134967889866
v2_eval_ontology_01,8,random_tangent,1.0,-1.1154496792009372,-0.8759066652967169,-0.11977150695211014,-0.995678172248827
v2_eval_ontology_01,16,coexact,0.25,-0.03620439105169737,0.01590046820012958,-0.026052429625913476,-0.010151961425783895
v2_eval_ontology_01,16,coexact,0.5,-0.09975687890759843,0.011154036074245255,-0.055455457490921845,-0.04430142141667659
v2_eval_ontology_01,16,coexact,1.0,-0.3420562017158346,-0.07924278668379259,-0.13140670751602102,-0.2106494941998136
v2_eval_ontology_01,16,random_tangent,0.25,0.00473963733574756,-0.04724867452891779,0.025994155932332674,-0.021254518596585115
v2_eval_ontology_01,16,random_tangent,0.5,-0.052449762155541535,-0.1315615224040112,0.03955588012423483,-0.09200564227977637
v2_eval_ontology_01,16,random_tangent,1.0,-0.4777993301398986,-0.474127133068162,-0.0018360985358683024,-0.4759632316040303
v2_eval_ontology_01,24,coexact,0.25,-0.12666533554241255,0.03298130999249338,-0.07982332276745296,-0.046842012774959585
v2_eval_ontology_01,24,coexact,0.5,-0.3664881460637446,-0.01219654096848899,-0.1771458025476278,-0.18934234351611678
v2_eval_ontology_01,24,coexact,1.0,-1.3878797247487,-0.23536194681923917,-0.5762588889647304,-0.8116208357839696
v2_eval_ontology_01,24,random_tangent,0.25,-0.06546808838308671,0.02488230718868678,-0.045175197785886745,-0.020292890597199964
v2_eval_ontology_01,24,random_tangent,0.5,-0.16540735260927875,0.005037292920123448,-0.0852223227647011,-0.08018502984457765
v2_eval_ontology_01,24,random_tangent,1.0,-0.4222402613449976,-0.2711473481457016,-0.07554645659964798,-0.3466938047453496
v2_eval_ontology_02,8,coexact,0.25,-0.1204859578801063,0.15666024235665077,-0.13857310011837853,0.018087142238272236
v2_eval_ontology_02,8,coexact,0.5,-0.25434773531625865,0.40928906512307606,-0.33181840021966735,0.0774706649034087
v2_eval_ontology_02,8,coexact,1.0,-0.5318089575756488,0.7938250832968379,-0.6628170204362434,0.13100806286059452
v2_eval_ontology_02,8,random_tangent,0.25,0.07632143742402597,-0.0694488192049203,0.07288512831447314,0.0034363091095528375
v2_eval_ontology_02,8,random_tangent,0.5,0.154241367799262,-0.13930083289162276,0.14677110034544238,0.007470267453819623
v2_eval_ontology_02,8,random_tangent,1.0,0.20464460192607348,-0.41574840340122066,0.31019650266364707,-0.10555190073757359
v2_eval_ontology_02,16,coexact,0.25,0.08524607729312095,-0.18306166435820614,0.13415387082566355,-0.0489077935325426
v2_eval_ontology_02,16,coexact,0.5,0.09630381609872529,-0.46829659048808026,0.2823002032934028,-0.18599638719467748
v2_eval_ontology_02,16,coexact,1.0,0.05019638851958064,-1.2544522432578873,0.652324315888734,-0.6021279273691533
v2_eval_ontology_02,16,random_tangent,0.25,-0.061422692542556945,-0.01224954333049233,-0.024586574606032308,-0.03683611793652464
v2_eval_ontology_02,16,random_tangent,0.5,-0.20259274494138246,-0.07710387152986442,-0.06274443670575902,-0.13984830823562344
v2_eval_ontology_02,16,random_tangent,1.0,-0.6702564687674197,-0.31227565301934845,-0.17899040787403564,-0.4912660608933841
v2_eval_ontology_02,24,coexact,0.25,-0.038320567117978044,-0.022829147482710255,-0.0077457098176338945,-0.03057485730034415
v2_eval_ontology_02,24,coexact,0.5,-0.11654471221609697,-0.10588623501563177,-0.0053292386002326,-0.11121547361586437
v2_eval_ontology_02,24,coexact,1.0,-0.2851123720811728,-0.506541217881292,0.11071442290005962,-0.3958267949812324
v2_eval_ontology_02,24,random_tangent,0.25,-0.028897538511678533,-0.06078700473587517,0.01594473311209832,-0.04484227162377685
v2_eval_ontology_02,24,random_tangent,0.5,-0.15170440423679388,-0.1946275332338505,0.02146156449852832,-0.1731659687353222
v2_eval_ontology_02,24,random_tangent,1.0,-0.6382044738020678,-0.566464378299175,-0.03587004775144642,-0.6023344260506214
v2_eval_ontology_03,8,coexact,0.25,0.12044429642887167,-0.05982914829905894,0.0901367223639653,0.030307574064906362
v2_eval_ontology_03,8,coexact,0.5,0.3171923225570623,-0.08920680114908919,0.20319956185307575,0.11399276070398656
v2_eval_ontology_03,8,coexact,1.0,0.9297661838089368,-0.1939264765910167,0.5618463301999768,0.36791985360896007
v2_eval_ontology_03,8,random_tangent,0.25,-0.13001362477775125,0.1460841915491624,-0.13804890816345683,0.008035283385705583
v2_eval_ontology_03,8,random_tangent,0.5,-0.2353144479540994,0.29890345036612054,-0.26710894916010997,0.03179450120601057
v2_eval_ontology_03,8,random_tangent,1.0,-0.4071380908308182,0.5607520276532494,-0.4839450592420338,0.07680696841121559
v2_eval_ontology_03,16,coexact,0.25,-0.015955820315255664,-0.007254115420479934,-0.004350852447387865,-0.0116049678678678
v2_eval_ontology_03,16,coexact,0.5,-0.07894773623237938,-0.02675048410341674,-0.026098626064481323,-0.05284911016789806
v2_eval_ontology_03,16,coexact,1.0,-0.5525587585893987,-0.07830145726813953,-0.2371286506606296,-0.31543010792876913
v2_eval_ontology_03,16,random_tangent,0.25,-0.028283156848697644,0.007566808579767326,-0.017924982714232485,-0.010358174134465159
v2_eval_ontology_03,16,random_tangent,0.5,-0.0736134811135134,-0.012159180297580008,-0.030727150407966697,-0.042886330705546705
v2_eval_ontology_03,16,random_tangent,1.0,-0.2229789569008016,-0.25352079927550264,0.015270921187350517,-0.23824987808815212
v2_eval_ontology_03,24,coexact,0.25,0.10861569215373379,-0.18267210313568683,0.1456438976447103,-0.03702820549097652
v2_eval_ontology_03,24,coexact,0.5,0.1258785920898191,-0.37212364035787004,0.24900111622384458,-0.12312252413402547
v2_eval_ontology_03,24,coexact,1.0,-0.10709881929187759,-0.54547095896298,0.21918606983555122,-0.3262848891274288
v2_eval_ontology_03,24,random_tangent,0.25,0.06962721234631175,-0.17388141273595004,0.1217543125411309,-0.05212710019481914
v2_eval_ontology_03,24,random_tangent,0.5,0.04209866666860229,-0.43080495675988395,0.23645181171424312,-0.19435314504564083
v2_eval_ontology_03,24,random_tangent,1.0,-0.1946293651687565,-1.0624288858011575,0.4338997603162005,-0.628529125484957
v2_eval_ontology_04,8,coexact,0.25,0.20166249583368767,-0.21291445820932609,0.20728847702150688,-0.005625981187819207
v2_eval_ontology_04,8,coexact,0.5,0.3716717239373679,-0.4257317993464369,0.3987017616419024,-0.027030037704534493
v2_eval_ontology_04,8,coexact,1.0,0.5955897493534508,-0.8949741887880407,0.7452819690707457,-0.14969221971729496
v2_eval_ontology_04,8,random_tangent,0.25,0.01871039420944598,-0.039065799117496525,0.028888096663471252,-0.010177702454025273
v2_eval_ontology_04,8,random_tangent,0.5,0.027070121447890116,-0.10088202881774144,0.06397607513281578,-0.03690595368492566
v2_eval_ontology_04,8,random_tangent,1.0,0.05766241663060789,-0.29548377483360433,0.1765730957321061,-0.11891067910149822
v2_eval_ontology_04,16,coexact,0.25,0.129109114395888,-0.0644356907999395,0.09677240259791375,0.03233671179797426
v2_eval_ontology_04,16,coexact,0.5,0.2846490085103852,-0.0561137670175782,0.1703813877639817,0.11426762074640351
v2_eval_ontology_04,16,coexact,1.0,0.5355445989750365,0.0029192325897611227,0.2663126831926377,0.2692319157823988
v2_eval_ontology_04,16,random_tangent,0.25,-0.013522699382914283,0.028609379168880622,-0.021066039275897452,0.00754333989298317
v2_eval_ontology_04,16,random_tangent,0.5,-0.01736468703529681,0.06559050618189666,-0.041477596608596734,0.024112909573299923
v2_eval_ontology_04,16,random_tangent,1.0,-0.07876995414314258,0.06945126952383518,-0.07411061183348888,-0.004659342309653702
v2_eval_ontology_04,24,coexact,0.25,-0.11940368030404613,0.15676695773413485,-0.1380853190190905,0.018681638715044357
v2_eval_ontology_04,24,coexact,0.5,-0.20796293599902071,0.34218937176653696,-0.27507615388277884,0.06711321788375813
v2_eval_ontology_04,24,coexact,1.0,-0.39992491820062526,0.6927290612461832,-0.5463269897234042,0.14640207152277895
v2_eval_ontology_04,24,random_tangent,0.25,-0.04618930117814024,0.09953023339035738,-0.07285976728424881,0.02667046610610857
v2_eval_ontology_04,24,random_tangent,0.5,-0.04489049749068563,0.24507886366033382,-0.14498468057550973,0.1000941830848241
v2_eval_ontology_04,24,random_tangent,1.0,0.043165165976258635,0.5731247924994864,-0.2649798132616139,0.30814497923787254
v2_eval_ontology_05,8,coexact,0.25,-0.01816103680292258,0.07506363989985232,-0.04661233835138745,0.02845130154846487
v2_eval_ontology_05,8,coexact,0.5,-0.019866542164123757,0.23582177936526705,-0.1278441607646954,0.10797761860057165
v2_eval_ontology_05,8,coexact,1.0,-0.11336573803107797,0.5589753629958949,-0.33617055051348643,0.22280481248240847
v2_eval_ontology_05,8,random_tangent,0.25,-0.03670366945453374,0.03678527108349883,-0.03674447026901628,4.080081448254447e-05
v2_eval_ontology_05,8,random_tangent,0.5,-0.09581192026366914,0.062347419720261144,-0.07907966999196514,-0.016732250271703997
v2_eval_ontology_05,8,random_tangent,1.0,-0.2788552690132473,-0.00991266680042635,-0.13447130110641048,-0.14438396790683683
v2_eval_ontology_05,16,coexact,0.25,-0.09044512464500087,0.004347406848339119,-0.04739626574667,-0.04304885889833088
v2_eval_ontology_05,16,coexact,0.5,-0.27708469822614745,-0.06599803557928396,-0.10554333132343174,-0.1715413669027157
v2_eval_ontology_05,16,coexact,1.0,-0.977053089857165,-0.403950142532409,-0.286551473662378,-0.690501616194787
v2_eval_ontology_05,16,random_tangent,0.25,-0.13043467243177886,0.019256923490534206,-0.07484579796115653,-0.05558887447062233
v2_eval_ontology_05,16,random_tangent,0.5,-0.3855090322626218,-0.06469842999461228,-0.16040530113400475,-0.22510373112861704
v2_eval_ontology_05,16,random_tangent,1.0,-1.2139823747674718,-0.4901478699064299,-0.361917252430521,-0.8520651223369509
v2_eval_ontology_05,24,coexact,0.25,0.07622520341668348,-0.14932427825274885,0.11277474083471617,-0.036549537418032685
v2_eval_ontology_05,24,coexact,0.5,0.09129260691069874,-0.3925861357189717,0.24193937131483523,-0.1506467644041365
v2_eval_ontology_05,24,coexact,1.0,-0.15545993306241712,-1.1116520082548362,0.47809603759620956,-0.6335559706586267
v2_eval_ontology_05,24,random_tangent,0.25,-0.04147803690202956,-0.004313742790159836,-0.01858214705593486,-0.022895889846094697
v2_eval_ontology_05,24,random_tangent,0.5,-0.10781033384936656,-0.0714814153712755,-0.018164459239045527,-0.08964587461032103
v2_eval_ontology_05,24,random_tangent,1.0,-0.3025987667823493,-0.38329194047515003,0.040346586846400356,-0.34294535362874967
