prompt_id,l7_natural_step_norm,l8_natural_step_norm,l8_to_l7_scale_ratio
fresh_literal_01,41.50393837212518,45.79808409999235,1.1034635722847739
fresh_literal_02,41.4380485231186,46.24144174144206,1.1159174572529305
fresh_literal_03,39.6921442594098,45.165334503524385,1.1378910196522591
fresh_literal_04,39.87991351885482,44.85291178131403,1.1246993241374013
fresh_literal_05,41.51136214673009,47.02874451377674,1.1329125830066566
fresh_metaphor_01,42.32534932194564,47.727284676443865,1.127628842786593
fresh_metaphor_02,41.61338552496396,48.376463828419325,1.1625217034888493
fresh_metaphor_03,41.38454163288533,47.30333468442431,1.1430194178310227
fresh_metaphor_04,40.613481734441606,46.33858633752109,1.1409656192619508
fresh_metaphor_05,42.9014815102102,47.46278876987831,1.1063205068706672
fresh_identity_01,39.668897022068215,45.574562912075386,1.1488739625586712
fresh_identity_02,39.81721281265297,44.83355036614026,1.1259841460297597
fresh_identity_03,40.56837520722294,45.476492841269085,1.1209838355363142
fresh_identity_04,39.48426581965022,44.77694190894219,1.1340451944444654
fresh_identity_05,38.34633858035178,44.416978717630045,1.1583108156351802
fresh_ontology_01,40.28745074528504,45.86346212129752,1.138405664117754
fresh_ontology_02,40.1736055263594,45.40687273501851,1.1302663064490281
fresh_ontology_03,40.782776091632805,45.50951296352292,1.1159003217748062
fresh_ontology_04,40.65551853721073,45.85816555820501,1.1279690238419282
fresh_ontology_05,38.51292158546454,43.35274340123402,1.1256674803294102
