prompt_id,l7,l8,l8_minus_l7,family
fresh_literal_01,0.25258003111498345,0.4221400255487579,0.16955999443377445,literal_stable
fresh_literal_02,0.33011503648314433,-0.11596641603367802,-0.44608145251682235,literal_stable
fresh_literal_03,0.6445425833102254,0.9355212761074385,0.2909786927972131,literal_stable
fresh_literal_04,0.5914084384834972,0.3445731911468932,-0.246835247336604,literal_stable
fresh_literal_05,-0.10513355474208715,-0.0032034730432784347,0.10193008169880871,literal_stable
fresh_metaphor_01,0.050695594510677955,0.5320107328923169,0.481315138381639,metaphor_shift
fresh_metaphor_02,0.17426911178186413,0.4716467217173248,0.2973776099354607,metaphor_shift
fresh_metaphor_03,0.03710478585770227,0.4916471277367697,0.45454234187906745,metaphor_shift
fresh_metaphor_04,-0.07694855121385318,-3.8980305654273684e-05,0.0769095709081989,metaphor_shift
fresh_metaphor_05,0.5719637158644375,0.7602374607342849,0.18827374486984738,metaphor_shift
fresh_identity_01,0.0037290088257625753,0.13503739180247384,0.13130838297671127,identity_stress
fresh_identity_02,-0.041437820674364224,0.30732059802552614,0.3487584186998904,identity_stress
fresh_identity_03,0.2520948051773737,0.2870389086988431,0.03494410352146937,identity_stress
fresh_identity_04,0.5534539151995819,0.7396210711015963,0.18616715590201438,identity_stress
fresh_identity_05,0.013434686454476971,-0.018527313574852856,-0.03196200002932983,identity_stress
fresh_ontology_01,0.6441764367403516,1.1299024195148468,0.4857259827744952,ontology_collapse
fresh_ontology_02,0.6228109693449226,0.7053709584518484,0.08255998910692575,ontology_collapse
fresh_ontology_03,0.8647314385968361,1.0480777978080862,0.1833463592112501,ontology_collapse
fresh_ontology_04,0.683222997224509,0.4894557726946637,-0.19376722452984524,ontology_collapse
fresh_ontology_05,0.13830853825153805,0.18393825188057855,0.0456297136290405,ontology_collapse
