prompt_id,position_bin,n_active_tokens
fresh_literal_01,0,2
fresh_literal_01,1,3
fresh_literal_01,2,2
fresh_literal_01,3,3
fresh_literal_02,0,2
fresh_literal_02,1,2
fresh_literal_02,2,3
fresh_literal_02,3,2
fresh_literal_03,0,2
fresh_literal_03,1,3
fresh_literal_03,2,2
fresh_literal_03,3,3
fresh_literal_04,0,2
fresh_literal_04,1,3
fresh_literal_04,2,3
fresh_literal_04,3,2
fresh_literal_05,0,2
fresh_literal_05,1,3
fresh_literal_05,2,3
fresh_literal_05,3,2
fresh_metaphor_01,0,2
fresh_metaphor_01,1,2
fresh_metaphor_01,2,3
fresh_metaphor_01,3,1
fresh_metaphor_02,0,2
fresh_metaphor_02,1,3
fresh_metaphor_02,2,2
fresh_metaphor_02,3,3
fresh_metaphor_03,0,2
fresh_metaphor_03,1,3
fresh_metaphor_03,2,2
fresh_metaphor_03,3,1
fresh_metaphor_04,0,2
fresh_metaphor_04,1,1
fresh_metaphor_04,2,2
fresh_metaphor_04,3,2
fresh_metaphor_05,0,2
fresh_metaphor_05,1,2
fresh_metaphor_05,2,3
fresh_metaphor_05,3,2
fresh_identity_01,0,2
fresh_identity_01,1,3
fresh_identity_01,2,2
fresh_identity_01,3,3
fresh_identity_02,0,2
fresh_identity_02,1,3
fresh_identity_02,2,2
fresh_identity_02,3,3
fresh_identity_03,0,2
fresh_identity_03,1,3
fresh_identity_03,2,2
fresh_identity_03,3,3
fresh_identity_04,0,2
fresh_identity_04,1,3
fresh_identity_04,2,2
fresh_identity_04,3,3
fresh_identity_05,0,2
fresh_identity_05,1,2
fresh_identity_05,2,3
fresh_identity_05,3,2
fresh_ontology_01,0,2
fresh_ontology_01,1,2
fresh_ontology_01,2,3
fresh_ontology_01,3,2
fresh_ontology_02,0,2
fresh_ontology_02,1,2
fresh_ontology_02,2,3
fresh_ontology_02,3,2
fresh_ontology_03,0,2
fresh_ontology_03,1,3
fresh_ontology_03,2,2
fresh_ontology_03,3,2
fresh_ontology_04,0,2
fresh_ontology_04,1,3
fresh_ontology_04,2,2
fresh_ontology_04,3,3
fresh_ontology_05,0,2
fresh_ontology_05,1,3
fresh_ontology_05,2,3
fresh_ontology_05,3,2
