node_index,prompt_id,actual_defined,distance_supported,common_defined,v2_random_invalid_draws,within_prompt_shuffle_invalid_draws,within_prompt_position_shuffle_invalid_draws
0,fresh_identity_01,True,True,True,0,0,0
1,fresh_identity_01,True,True,True,0,0,0
2,fresh_identity_01,True,True,True,0,0,0
3,fresh_identity_01,True,True,True,0,0,0
4,fresh_identity_01,True,True,True,0,0,0
5,fresh_identity_01,True,True,True,0,0,0
6,fresh_identity_01,True,True,True,0,0,0
7,fresh_identity_01,True,True,True,0,0,0
8,fresh_identity_01,True,True,True,0,0,0
9,fresh_identity_01,True,True,True,0,0,0
10,fresh_identity_01,False,True,False,8,128,128
11,fresh_identity_01,True,True,True,0,0,0
12,fresh_identity_01,True,True,True,0,0,0
13,fresh_identity_01,True,True,True,0,0,0
14,fresh_identity_01,True,True,True,0,0,0
15,fresh_identity_01,True,True,True,0,0,0
16,fresh_identity_01,True,True,True,0,0,0
17,fresh_identity_01,True,True,True,0,0,0
18,fresh_identity_01,True,True,True,0,0,0
19,fresh_identity_01,False,True,False,8,128,128
20,fresh_identity_01,True,True,True,0,0,0
21,fresh_identity_01,True,True,True,0,0,0
22,fresh_identity_01,True,True,True,0,0,0
23,fresh_identity_01,True,True,True,0,0,0
24,fresh_identity_01,True,True,True,0,0,0
25,fresh_identity_01,True,True,True,0,0,0
26,fresh_identity_01,True,True,True,0,0,0
27,fresh_identity_01,True,True,True,0,0,0
28,fresh_identity_01,True,True,True,0,0,0
29,fresh_identity_01,True,True,True,0,0,0
30,fresh_identity_01,True,True,True,0,0,0
31,fresh_identity_02,True,True,True,0,0,0
32,fresh_identity_02,True,True,True,0,0,0
33,fresh_identity_02,True,True,True,0,0,0
34,fresh_identity_02,True,True,True,0,0,0
35,fresh_identity_02,True,True,True,0,0,0
36,fresh_identity_02,True,True,True,0,0,0
37,fresh_identity_02,True,True,True,0,0,0
38,fresh_identity_02,True,True,True,0,0,0
39,fresh_identity_02,True,True,True,0,0,0
40,fresh_identity_02,True,True,True,0,0,0
41,fresh_identity_02,True,True,True,0,0,0
42,fresh_identity_02,True,True,True,0,0,0
43,fresh_identity_02,False,True,False,8,128,128
44,fresh_identity_02,True,True,True,0,0,0
45,fresh_identity_02,True,True,True,0,0,0
46,fresh_identity_02,True,True,True,0,0,0
47,fresh_identity_02,True,True,True,0,0,0
48,fresh_identity_02,True,True,True,0,0,0
49,fresh_identity_02,True,True,True,0,0,0
50,fresh_identity_02,True,True,True,0,0,0
51,fresh_identity_02,True,True,True,0,0,0
52,fresh_identity_02,True,True,True,0,0,0
53,fresh_identity_02,True,True,True,0,0,0
54,fresh_identity_02,False,True,False,8,128,128
55,fresh_identity_02,True,True,True,0,0,0
56,fresh_identity_02,True,True,True,0,0,0
57,fresh_identity_02,True,True,True,0,0,0
58,fresh_identity_02,True,False,True,0,0,0
59,fresh_identity_02,True,True,True,0,0,0
60,fresh_identity_02,True,True,True,0,0,0
61,fresh_identity_03,True,True,True,0,0,0
62,fresh_identity_03,True,True,True,0,0,0
63,fresh_identity_03,True,True,True,0,0,0
64,fresh_identity_03,True,True,True,0,0,0
65,fresh_identity_03,True,True,True,0,0,0
66,fresh_identity_03,True,True,True,0,0,0
67,fresh_identity_03,True,True,True,0,0,0
68,fresh_identity_03,True,True,True,0,0,0
69,fresh_identity_03,True,True,True,0,0,0
70,fresh_identity_03,False,True,False,8,128,128
71,fresh_identity_03,True,True,True,0,0,0
72,fresh_identity_03,True,True,True,0,0,0
73,fresh_identity_03,True,True,True,0,0,0
74,fresh_identity_03,True,True,True,0,0,0
75,fresh_identity_03,True,True,True,0,0,0
76,fresh_identity_03,True,True,True,0,0,0
77,fresh_identity_03,True,True,True,0,0,0
78,fresh_identity_03,True,True,True,0,0,0
79,fresh_identity_03,True,True,True,0,0,0
80,fresh_identity_03,True,True,True,0,0,0
81,fresh_identity_03,True,True,True,0,0,0
82,fresh_identity_03,True,True,True,0,0,0
83,fresh_identity_03,True,True,True,0,0,0
84,fresh_identity_03,True,True,True,0,0,0
85,fresh_identity_03,True,True,True,0,0,0
86,fresh_identity_03,True,True,True,0,0,0
87,fresh_identity_03,True,True,True,0,0,0
88,fresh_identity_03,True,True,True,0,0,0
89,fresh_identity_03,True,True,True,0,0,0
90,fresh_identity_03,True,True,True,0,0,0
91,fresh_identity_03,True,True,True,0,0,0
92,fresh_identity_04,True,True,True,0,0,0
93,fresh_identity_04,True,True,True,0,0,0
94,fresh_identity_04,True,True,True,0,0,0
95,fresh_identity_04,True,True,True,0,0,0
96,fresh_identity_04,True,True,True,0,0,0
97,fresh_identity_04,True,True,True,0,0,0
98,fresh_identity_04,True,True,True,0,0,0
99,fresh_identity_04,True,True,True,0,0,0
100,fresh_identity_04,True,True,True,0,0,0
101,fresh_identity_04,True,True,True,0,0,0
102,fresh_identity_04,True,True,True,0,0,0
103,fresh_identity_04,True,True,True,0,0,0
104,fresh_identity_04,True,True,True,0,0,0
105,fresh_identity_04,False,True,False,8,128,128
106,fresh_identity_04,True,True,True,0,0,0
107,fresh_identity_04,True,True,True,0,0,0
108,fresh_identity_04,True,True,True,0,0,0
109,fresh_identity_04,True,True,True,0,0,0
110,fresh_identity_04,True,True,True,0,0,0
111,fresh_identity_04,True,True,True,0,0,0
112,fresh_identity_04,True,True,True,0,0,0
113,fresh_identity_04,True,True,True,0,0,0
114,fresh_identity_04,True,True,True,0,0,0
115,fresh_identity_04,True,True,True,0,0,0
116,fresh_identity_04,True,True,True,0,0,0
117,fresh_identity_04,True,True,True,0,0,0
118,fresh_identity_04,True,True,True,0,0,0
119,fresh_identity_04,True,True,True,0,0,0
120,fresh_identity_04,True,True,True,0,0,0
121,fresh_identity_04,True,True,True,0,0,0
122,fresh_identity_05,True,True,True,0,0,0
123,fresh_identity_05,True,True,True,0,0,0
124,fresh_identity_05,True,True,True,0,0,0
125,fresh_identity_05,True,True,True,0,0,0
126,fresh_identity_05,True,True,True,0,0,0
127,fresh_identity_05,True,True,True,0,0,0
128,fresh_identity_05,True,True,True,0,0,0
129,fresh_identity_05,True,True,True,0,0,0
130,fresh_identity_05,True,True,True,0,0,0
131,fresh_identity_05,True,True,True,0,0,0
132,fresh_identity_05,True,True,True,0,0,0
133,fresh_identity_05,True,True,True,0,0,0
134,fresh_identity_05,True,True,True,0,0,0
135,fresh_identity_05,True,True,True,0,0,0
136,fresh_identity_05,True,True,True,0,0,0
137,fresh_identity_05,True,True,True,0,0,0
138,fresh_identity_05,True,True,True,0,0,0
139,fresh_identity_05,True,True,True,0,0,0
140,fresh_identity_05,True,True,True,0,0,0
141,fresh_identity_05,True,True,True,0,0,0
142,fresh_identity_05,True,True,True,0,0,0
143,fresh_identity_05,True,True,True,0,0,0
144,fresh_identity_05,True,True,True,0,0,0
145,fresh_identity_05,True,True,True,0,0,0
146,fresh_identity_05,True,True,True,0,0,0
147,fresh_identity_05,False,True,False,8,128,128
148,fresh_identity_05,True,True,True,0,0,0
149,fresh_identity_05,True,True,True,0,0,0
150,fresh_identity_05,True,True,True,0,0,0
151,fresh_literal_01,True,True,True,0,0,0
152,fresh_literal_01,True,True,True,0,0,0
153,fresh_literal_01,True,True,True,0,0,0
154,fresh_literal_01,True,True,True,0,0,0
155,fresh_literal_01,True,True,True,0,0,0
156,fresh_literal_01,True,True,True,0,0,0
157,fresh_literal_01,True,True,True,0,0,0
158,fresh_literal_01,True,True,True,0,0,0
159,fresh_literal_01,True,True,True,0,0,0
160,fresh_literal_01,True,True,True,0,0,0
161,fresh_literal_01,True,True,True,0,0,0
162,fresh_literal_01,True,True,True,0,0,0
163,fresh_literal_01,True,True,True,0,0,0
164,fresh_literal_01,True,True,True,0,0,0
165,fresh_literal_01,True,True,True,0,0,0
166,fresh_literal_01,True,True,True,0,0,0
167,fresh_literal_01,True,True,True,0,0,0
168,fresh_literal_01,True,True,True,0,0,0
169,fresh_literal_01,True,True,True,0,0,0
170,fresh_literal_01,True,True,True,0,0,0
171,fresh_literal_01,True,True,True,0,0,0
172,fresh_literal_01,True,True,True,0,0,0
173,fresh_literal_01,True,True,True,0,0,0
174,fresh_literal_01,True,True,True,0,0,0
175,fresh_literal_01,True,True,True,0,0,0
176,fresh_literal_01,True,False,True,0,0,0
177,fresh_literal_01,True,True,True,0,0,0
178,fresh_literal_01,True,True,True,0,0,0
179,fresh_literal_01,True,True,True,0,0,0
180,fresh_literal_01,True,True,True,0,0,0
181,fresh_literal_02,True,True,True,0,0,0
182,fresh_literal_02,True,True,True,0,0,0
183,fresh_literal_02,True,True,True,0,0,0
184,fresh_literal_02,True,True,True,0,0,0
185,fresh_literal_02,True,True,True,0,0,0
186,fresh_literal_02,True,True,True,0,0,0
187,fresh_literal_02,True,True,True,0,0,0
188,fresh_literal_02,False,True,False,8,128,128
189,fresh_literal_02,False,True,False,8,128,128
190,fresh_literal_02,True,True,True,0,0,0
191,fresh_literal_02,True,True,True,0,0,0
192,fresh_literal_02,True,True,True,0,0,0
193,fresh_literal_02,True,True,True,0,0,0
194,fresh_literal_02,True,True,True,0,0,0
195,fresh_literal_02,True,True,True,0,0,0
196,fresh_literal_02,True,True,True,0,0,0
197,fresh_literal_02,True,True,True,0,0,0
198,fresh_literal_02,True,True,True,0,0,0
199,fresh_literal_02,True,True,True,0,0,0
200,fresh_literal_02,True,True,True,0,0,0
201,fresh_literal_02,True,True,True,0,0,0
202,fresh_literal_02,True,True,True,0,0,0
203,fresh_literal_02,True,True,True,0,0,0
204,fresh_literal_02,True,True,True,0,0,0
205,fresh_literal_02,True,True,True,0,0,0
206,fresh_literal_02,True,True,True,0,0,0
207,fresh_literal_02,False,False,False,8,128,128
208,fresh_literal_02,True,True,True,0,0,0
209,fresh_literal_02,True,True,True,0,0,0
210,fresh_literal_03,True,True,True,0,0,0
211,fresh_literal_03,True,True,True,0,0,0
212,fresh_literal_03,True,True,True,0,0,0
213,fresh_literal_03,True,True,True,0,0,0
214,fresh_literal_03,True,True,True,0,0,0
215,fresh_literal_03,True,True,True,0,0,0
216,fresh_literal_03,True,True,True,0,0,0
217,fresh_literal_03,True,True,True,0,0,0
218,fresh_literal_03,True,True,True,0,0,0
219,fresh_literal_03,True,True,True,0,0,0
220,fresh_literal_03,True,True,True,0,0,0
221,fresh_literal_03,True,True,True,0,0,0
222,fresh_literal_03,False,True,False,8,128,128
223,fresh_literal_03,True,True,True,0,0,0
224,fresh_literal_03,True,True,True,0,0,0
225,fresh_literal_03,True,True,True,0,0,0
226,fresh_literal_03,True,True,True,0,0,0
227,fresh_literal_03,True,True,True,0,0,0
228,fresh_literal_03,True,True,True,0,0,0
229,fresh_literal_03,True,True,True,0,0,0
230,fresh_literal_03,True,True,True,0,0,0
231,fresh_literal_03,True,True,True,0,0,0
232,fresh_literal_03,True,True,True,0,0,0
233,fresh_literal_03,True,True,True,0,0,0
234,fresh_literal_03,False,True,False,8,128,128
235,fresh_literal_03,True,True,True,0,0,0
236,fresh_literal_03,True,True,True,0,0,0
237,fresh_literal_03,True,True,True,0,0,0
238,fresh_literal_03,True,True,True,0,0,0
239,fresh_literal_03,True,True,True,0,0,0
240,fresh_literal_04,True,True,True,0,0,0
241,fresh_literal_04,True,True,True,0,0,0
242,fresh_literal_04,True,True,True,0,0,0
243,fresh_literal_04,True,True,True,0,0,0
244,fresh_literal_04,True,True,True,0,0,0
245,fresh_literal_04,True,True,True,0,0,0
246,fresh_literal_04,True,True,True,0,0,0
247,fresh_literal_04,True,True,True,0,0,0
248,fresh_literal_04,True,True,True,0,0,0
249,fresh_literal_04,True,True,True,0,0,0
250,fresh_literal_04,True,True,True,0,0,0
251,fresh_literal_04,True,True,True,0,0,0
252,fresh_literal_04,True,True,True,0,0,0
253,fresh_literal_04,False,False,False,8,128,128
254,fresh_literal_04,True,True,True,0,0,0
255,fresh_literal_04,True,True,True,0,0,0
256,fresh_literal_04,True,True,True,0,0,0
257,fresh_literal_04,True,True,True,0,0,0
258,fresh_literal_04,False,True,False,8,128,128
259,fresh_literal_04,True,True,True,0,0,0
260,fresh_literal_04,True,True,True,0,0,0
261,fresh_literal_04,True,True,True,0,0,0
262,fresh_literal_04,True,True,True,0,0,0
263,fresh_literal_04,True,True,True,0,0,0
264,fresh_literal_04,True,True,True,0,0,0
265,fresh_literal_04,True,True,True,0,0,0
266,fresh_literal_04,True,True,True,0,0,0
267,fresh_literal_04,True,True,True,0,0,0
268,fresh_literal_04,True,True,True,0,0,0
269,fresh_literal_04,True,True,True,0,0,0
270,fresh_literal_04,True,True,True,0,0,0
271,fresh_literal_04,True,True,True,0,0,0
272,fresh_literal_05,True,True,True,0,0,0
273,fresh_literal_05,True,True,True,0,0,0
274,fresh_literal_05,True,True,True,0,0,0
275,fresh_literal_05,True,True,True,0,0,0
276,fresh_literal_05,True,True,True,0,0,0
277,fresh_literal_05,True,False,True,0,0,0
278,fresh_literal_05,True,True,True,0,0,0
279,fresh_literal_05,True,True,True,0,0,0
280,fresh_literal_05,True,True,True,0,0,0
281,fresh_literal_05,True,True,True,0,0,0
282,fresh_literal_05,True,True,True,0,0,0
283,fresh_literal_05,True,True,True,0,0,0
284,fresh_literal_05,True,True,True,0,0,0
285,fresh_literal_05,True,True,True,0,0,0
286,fresh_literal_05,False,True,False,8,128,128
287,fresh_literal_05,True,True,True,0,0,0
288,fresh_literal_05,True,True,True,0,0,0
289,fresh_literal_05,True,True,True,0,0,0
290,fresh_literal_05,True,True,True,0,0,0
291,fresh_literal_05,True,True,True,0,0,0
292,fresh_literal_05,True,True,True,0,0,0
293,fresh_literal_05,True,True,True,0,0,0
294,fresh_literal_05,True,True,True,0,0,0
295,fresh_literal_05,True,True,True,0,0,0
296,fresh_literal_05,True,True,True,0,0,0
297,fresh_literal_05,True,True,True,0,0,0
298,fresh_literal_05,True,True,True,0,0,0
299,fresh_literal_05,True,True,True,0,0,0
300,fresh_literal_05,True,True,True,0,0,0
301,fresh_literal_05,True,True,True,0,0,0
302,fresh_literal_05,True,True,True,0,0,0
303,fresh_literal_05,True,True,True,0,0,0
304,fresh_metaphor_01,True,True,True,0,0,0
305,fresh_metaphor_01,True,True,True,0,0,0
306,fresh_metaphor_01,True,True,True,0,0,0
307,fresh_metaphor_01,True,True,True,0,0,0
308,fresh_metaphor_01,True,True,True,0,0,0
309,fresh_metaphor_01,True,True,True,0,0,0
310,fresh_metaphor_01,True,True,True,0,0,0
311,fresh_metaphor_01,True,True,True,0,0,0
312,fresh_metaphor_01,True,True,True,0,0,0
313,fresh_metaphor_01,True,True,True,0,0,0
314,fresh_metaphor_01,True,True,True,0,0,0
315,fresh_metaphor_01,True,True,True,0,0,0
316,fresh_metaphor_01,False,True,False,8,128,128
317,fresh_metaphor_01,True,True,True,0,0,0
318,fresh_metaphor_01,True,True,True,0,0,0
319,fresh_metaphor_01,True,True,True,0,0,0
320,fresh_metaphor_01,True,False,True,0,0,0
321,fresh_metaphor_01,True,True,True,0,0,0
322,fresh_metaphor_01,True,True,True,0,0,0
323,fresh_metaphor_01,True,True,True,0,0,0
324,fresh_metaphor_01,False,True,False,8,128,128
325,fresh_metaphor_01,True,True,True,0,0,0
326,fresh_metaphor_01,True,True,True,0,0,0
327,fresh_metaphor_01,True,True,True,0,0,0
328,fresh_metaphor_01,True,True,True,0,0,0
329,fresh_metaphor_01,True,True,True,0,0,0
330,fresh_metaphor_01,True,True,True,0,0,0
331,fresh_metaphor_01,True,True,True,0,0,0
332,fresh_metaphor_01,True,True,True,0,0,0
333,fresh_metaphor_02,True,True,True,0,0,0
334,fresh_metaphor_02,True,True,True,0,0,0
335,fresh_metaphor_02,True,True,True,0,0,0
336,fresh_metaphor_02,True,True,True,0,0,0
337,fresh_metaphor_02,True,True,True,0,0,0
338,fresh_metaphor_02,True,True,True,0,0,0
339,fresh_metaphor_02,True,True,True,0,0,0
340,fresh_metaphor_02,True,True,True,0,0,0
341,fresh_metaphor_02,True,True,True,0,0,0
342,fresh_metaphor_02,False,True,False,8,128,128
343,fresh_metaphor_02,False,True,False,8,128,128
344,fresh_metaphor_02,True,True,True,0,0,0
345,fresh_metaphor_02,True,True,True,0,0,0
346,fresh_metaphor_02,True,True,True,0,0,0
347,fresh_metaphor_02,True,True,True,0,0,0
348,fresh_metaphor_02,True,True,True,0,0,0
349,fresh_metaphor_02,True,True,True,0,0,0
350,fresh_metaphor_02,False,True,False,8,128,128
351,fresh_metaphor_02,False,True,False,8,128,128
352,fresh_metaphor_02,True,True,True,0,0,0
353,fresh_metaphor_02,True,True,True,0,0,0
354,fresh_metaphor_02,True,True,True,0,0,0
355,fresh_metaphor_02,True,True,True,0,0,0
356,fresh_metaphor_02,True,True,True,0,0,0
357,fresh_metaphor_02,True,True,True,0,0,0
358,fresh_metaphor_02,True,True,True,0,0,0
359,fresh_metaphor_02,True,True,True,0,0,0
360,fresh_metaphor_02,True,True,True,0,0,0
361,fresh_metaphor_02,True,True,True,0,0,0
362,fresh_metaphor_02,True,True,True,0,0,0
363,fresh_metaphor_02,True,True,True,0,0,0
364,fresh_metaphor_03,True,True,True,0,0,0
365,fresh_metaphor_03,True,True,True,0,0,0
366,fresh_metaphor_03,True,True,True,0,0,0
367,fresh_metaphor_03,True,True,True,0,0,0
368,fresh_metaphor_03,True,True,True,0,0,0
369,fresh_metaphor_03,True,True,True,0,0,0
370,fresh_metaphor_03,True,True,True,0,0,0
371,fresh_metaphor_03,True,False,True,0,0,0
372,fresh_metaphor_03,True,True,True,0,0,0
373,fresh_metaphor_03,True,True,True,0,0,0
374,fresh_metaphor_03,True,True,True,0,0,0
375,fresh_metaphor_03,True,True,True,0,0,0
376,fresh_metaphor_03,True,True,True,0,0,0
377,fresh_metaphor_03,True,True,True,0,0,0
378,fresh_metaphor_03,True,True,True,0,0,0
379,fresh_metaphor_03,True,True,True,0,0,0
380,fresh_metaphor_03,True,True,True,0,0,0
381,fresh_metaphor_03,True,True,True,0,0,0
382,fresh_metaphor_03,True,True,True,0,0,0
383,fresh_metaphor_03,True,True,True,0,0,0
384,fresh_metaphor_03,True,True,True,0,0,0
385,fresh_metaphor_03,True,True,True,0,0,0
386,fresh_metaphor_03,True,True,True,0,0,0
387,fresh_metaphor_03,True,True,True,0,0,0
388,fresh_metaphor_03,True,True,True,0,0,0
389,fresh_metaphor_03,True,True,True,0,0,0
390,fresh_metaphor_03,True,True,True,0,0,0
391,fresh_metaphor_03,True,True,True,0,0,0
392,fresh_metaphor_03,False,True,False,8,128,128
393,fresh_metaphor_03,True,False,True,0,0,0
394,fresh_metaphor_03,True,True,True,0,0,0
395,fresh_metaphor_04,True,True,True,0,0,0
396,fresh_metaphor_04,True,True,True,0,0,0
397,fresh_metaphor_04,True,True,True,0,0,0
398,fresh_metaphor_04,True,True,True,0,0,0
399,fresh_metaphor_04,True,True,True,0,0,0
400,fresh_metaphor_04,True,True,True,0,0,0
401,fresh_metaphor_04,True,True,True,0,0,0
402,fresh_metaphor_04,True,True,True,0,0,0
403,fresh_metaphor_04,True,True,True,0,0,0
404,fresh_metaphor_04,True,True,True,0,0,0
405,fresh_metaphor_04,True,True,True,0,0,0
406,fresh_metaphor_04,True,True,True,0,0,0
407,fresh_metaphor_04,True,True,True,0,0,0
408,fresh_metaphor_04,True,True,True,0,0,0
409,fresh_metaphor_04,True,True,True,0,0,0
410,fresh_metaphor_04,True,True,True,0,0,0
411,fresh_metaphor_04,True,True,True,0,0,0
412,fresh_metaphor_04,True,True,True,0,0,0
413,fresh_metaphor_04,True,True,True,0,0,0
414,fresh_metaphor_04,True,True,True,0,0,0
415,fresh_metaphor_04,True,True,True,0,0,0
416,fresh_metaphor_04,True,True,True,0,0,0
417,fresh_metaphor_04,True,True,True,0,0,0
418,fresh_metaphor_04,True,True,True,0,0,0
419,fresh_metaphor_04,True,True,True,0,0,0
420,fresh_metaphor_04,True,True,True,0,0,0
421,fresh_metaphor_04,True,True,True,0,0,0
422,fresh_metaphor_04,True,True,True,0,0,0
423,fresh_metaphor_04,True,True,True,0,0,0
424,fresh_metaphor_04,True,True,True,0,0,0
425,fresh_metaphor_05,True,True,True,0,0,0
426,fresh_metaphor_05,True,True,True,0,0,0
427,fresh_metaphor_05,True,True,True,0,0,0
428,fresh_metaphor_05,False,True,False,8,128,128
429,fresh_metaphor_05,True,True,True,0,0,0
430,fresh_metaphor_05,True,True,True,0,0,0
431,fresh_metaphor_05,True,True,True,0,0,0
432,fresh_metaphor_05,True,True,True,0,0,0
433,fresh_metaphor_05,True,True,True,0,0,0
434,fresh_metaphor_05,True,True,True,0,0,0
435,fresh_metaphor_05,True,True,True,0,0,0
436,fresh_metaphor_05,True,True,True,0,0,0
437,fresh_metaphor_05,True,True,True,0,0,0
438,fresh_metaphor_05,True,True,True,0,0,0
439,fresh_metaphor_05,True,True,True,0,0,0
440,fresh_metaphor_05,True,True,True,0,0,0
441,fresh_metaphor_05,True,True,True,0,0,0
442,fresh_metaphor_05,False,True,False,8,128,128
443,fresh_metaphor_05,True,True,True,0,0,0
444,fresh_metaphor_05,True,True,True,0,0,0
445,fresh_metaphor_05,True,True,True,0,0,0
446,fresh_metaphor_05,True,True,True,0,0,0
447,fresh_metaphor_05,True,True,True,0,0,0
448,fresh_metaphor_05,False,True,False,8,128,128
449,fresh_metaphor_05,True,True,True,0,0,0
450,fresh_metaphor_05,True,True,True,0,0,0
451,fresh_metaphor_05,True,True,True,0,0,0
452,fresh_metaphor_05,True,True,True,0,0,0
453,fresh_metaphor_05,True,True,True,0,0,0
454,fresh_ontology_01,True,True,True,0,0,0
455,fresh_ontology_01,True,True,True,0,0,0
456,fresh_ontology_01,True,True,True,0,0,0
457,fresh_ontology_01,True,True,True,0,0,0
458,fresh_ontology_01,True,True,True,0,0,0
459,fresh_ontology_01,True,True,True,0,0,0
460,fresh_ontology_01,True,True,True,0,0,0
461,fresh_ontology_01,True,True,True,0,0,0
462,fresh_ontology_01,True,True,True,0,0,0
463,fresh_ontology_01,True,True,True,0,0,0
464,fresh_ontology_01,False,True,False,8,0,0
465,fresh_ontology_01,True,True,True,0,0,0
466,fresh_ontology_01,True,True,True,0,0,0
467,fresh_ontology_01,True,True,True,0,0,0
468,fresh_ontology_01,True,True,True,0,0,0
469,fresh_ontology_01,True,True,True,0,0,0
470,fresh_ontology_01,True,True,True,0,0,0
471,fresh_ontology_01,True,True,True,0,0,0
472,fresh_ontology_01,True,True,True,0,0,0
473,fresh_ontology_01,True,True,True,0,0,0
474,fresh_ontology_01,True,True,True,0,0,0
475,fresh_ontology_01,False,True,False,8,128,128
476,fresh_ontology_01,True,True,True,0,0,0
477,fresh_ontology_01,True,True,True,0,0,0
478,fresh_ontology_01,True,True,True,0,0,0
479,fresh_ontology_01,True,True,True,0,0,0
480,fresh_ontology_01,True,True,True,0,0,0
481,fresh_ontology_01,True,True,True,0,0,0
482,fresh_ontology_01,True,True,True,0,0,0
483,fresh_ontology_02,True,True,True,0,0,0
484,fresh_ontology_02,True,True,True,0,0,0
485,fresh_ontology_02,True,True,True,0,0,0
486,fresh_ontology_02,True,True,True,0,0,0
487,fresh_ontology_02,True,True,True,0,0,0
488,fresh_ontology_02,True,True,True,0,0,0
489,fresh_ontology_02,True,True,True,0,0,0
490,fresh_ontology_02,True,True,True,0,0,0
491,fresh_ontology_02,True,True,True,0,0,0
492,fresh_ontology_02,True,True,True,0,0,0
493,fresh_ontology_02,True,True,True,0,0,0
494,fresh_ontology_02,True,True,True,0,0,0
495,fresh_ontology_02,True,True,True,0,0,0
496,fresh_ontology_02,True,True,True,0,0,0
497,fresh_ontology_02,True,True,True,0,0,0
498,fresh_ontology_02,True,True,True,0,0,0
499,fresh_ontology_02,True,True,True,0,0,0
500,fresh_ontology_02,True,True,True,0,0,0
501,fresh_ontology_02,True,True,True,0,0,0
502,fresh_ontology_02,True,True,True,0,0,0
503,fresh_ontology_02,True,True,True,0,0,0
504,fresh_ontology_02,True,True,True,0,0,0
505,fresh_ontology_02,True,True,True,0,0,0
506,fresh_ontology_02,True,True,True,0,0,0
507,fresh_ontology_02,True,True,True,0,0,0
508,fresh_ontology_02,True,True,True,0,0,0
509,fresh_ontology_02,True,True,True,0,0,0
510,fresh_ontology_02,True,True,True,0,0,0
511,fresh_ontology_02,True,False,True,0,0,0
512,fresh_ontology_03,True,True,True,0,0,0
513,fresh_ontology_03,True,True,True,0,0,0
514,fresh_ontology_03,True,True,True,0,0,0
515,fresh_ontology_03,True,True,True,0,0,0
516,fresh_ontology_03,True,True,True,0,0,0
517,fresh_ontology_03,True,True,True,0,0,0
518,fresh_ontology_03,True,True,True,0,0,0
519,fresh_ontology_03,True,True,True,0,0,0
520,fresh_ontology_03,False,True,False,8,128,128
521,fresh_ontology_03,True,True,True,0,0,0
522,fresh_ontology_03,True,True,True,0,0,0
523,fresh_ontology_03,True,True,True,0,0,0
524,fresh_ontology_03,True,True,True,0,0,0
525,fresh_ontology_03,True,True,True,0,0,0
526,fresh_ontology_03,False,True,False,8,128,128
527,fresh_ontology_03,False,True,False,8,128,128
528,fresh_ontology_03,False,True,False,8,128,128
529,fresh_ontology_03,True,True,True,0,0,0
530,fresh_ontology_03,True,True,True,0,0,0
531,fresh_ontology_03,True,False,True,0,0,0
532,fresh_ontology_03,True,True,True,0,0,0
533,fresh_ontology_03,True,True,True,0,0,0
534,fresh_ontology_03,True,True,True,0,0,0
535,fresh_ontology_03,True,True,True,0,0,0
536,fresh_ontology_03,True,False,True,0,0,0
537,fresh_ontology_03,True,True,True,0,0,0
538,fresh_ontology_03,True,True,True,0,0,0
539,fresh_ontology_03,True,True,True,0,0,0
540,fresh_ontology_03,True,True,True,0,0,0
541,fresh_ontology_03,True,True,True,0,0,0
542,fresh_ontology_03,True,True,True,0,0,0
543,fresh_ontology_04,True,True,True,0,0,0
544,fresh_ontology_04,True,True,True,0,0,0
545,fresh_ontology_04,True,True,True,0,0,0
546,fresh_ontology_04,True,True,True,0,0,0
547,fresh_ontology_04,True,True,True,0,0,0
548,fresh_ontology_04,True,True,True,0,0,0
549,fresh_ontology_04,True,True,True,0,0,0
550,fresh_ontology_04,True,True,True,0,0,0
551,fresh_ontology_04,True,True,True,0,0,0
552,fresh_ontology_04,True,True,True,0,0,0
553,fresh_ontology_04,True,True,True,0,0,0
554,fresh_ontology_04,True,True,True,0,0,0
555,fresh_ontology_04,True,True,True,0,0,0
556,fresh_ontology_04,True,False,True,0,0,0
557,fresh_ontology_04,True,True,True,0,0,0
558,fresh_ontology_04,True,True,True,0,0,0
559,fresh_ontology_04,True,True,True,0,0,0
560,fresh_ontology_04,True,True,True,0,0,0
561,fresh_ontology_04,True,True,True,0,0,0
562,fresh_ontology_04,True,True,True,0,0,0
563,fresh_ontology_04,True,True,True,0,0,0
564,fresh_ontology_04,True,True,True,0,0,0
565,fresh_ontology_04,True,True,True,0,0,0
566,fresh_ontology_04,True,True,True,0,0,0
567,fresh_ontology_04,True,True,True,0,0,0
568,fresh_ontology_04,True,True,True,0,0,0
569,fresh_ontology_04,True,True,True,0,0,0
570,fresh_ontology_04,True,True,True,0,0,0
571,fresh_ontology_04,True,True,True,0,0,0
572,fresh_ontology_04,True,True,True,0,0,0
573,fresh_ontology_04,True,True,True,0,0,0
574,fresh_ontology_05,True,True,True,0,0,0
575,fresh_ontology_05,True,True,True,0,0,0
576,fresh_ontology_05,True,True,True,0,0,0
577,fresh_ontology_05,True,True,True,0,0,0
578,fresh_ontology_05,True,True,True,0,0,0
579,fresh_ontology_05,True,True,True,0,0,0
580,fresh_ontology_05,True,True,True,0,0,0
581,fresh_ontology_05,True,True,True,0,0,0
582,fresh_ontology_05,True,True,True,0,0,0
583,fresh_ontology_05,True,True,True,0,0,0
584,fresh_ontology_05,True,True,True,0,0,0
585,fresh_ontology_05,True,True,True,0,0,0
586,fresh_ontology_05,False,True,False,8,128,128
587,fresh_ontology_05,True,True,True,0,0,0
588,fresh_ontology_05,True,True,True,0,0,0
589,fresh_ontology_05,True,True,True,0,0,0
590,fresh_ontology_05,True,True,True,0,0,0
591,fresh_ontology_05,True,True,True,0,0,0
592,fresh_ontology_05,True,True,True,0,0,0
593,fresh_ontology_05,True,True,True,0,0,0
594,fresh_ontology_05,True,True,True,0,0,0
595,fresh_ontology_05,True,True,True,0,0,0
596,fresh_ontology_05,True,True,True,0,0,0
597,fresh_ontology_05,True,True,True,0,0,0
598,fresh_ontology_05,True,True,True,0,0,0
599,fresh_ontology_05,True,True,True,0,0,0
600,fresh_ontology_05,True,True,True,0,0,0
601,fresh_ontology_05,True,True,True,0,0,0
602,fresh_ontology_05,True,True,True,0,0,0
603,fresh_ontology_05,True,True,True,0,0,0
604,fresh_ontology_05,True,True,True,0,0,0
605,fresh_ontology_05,True,True,True,0,0,0
606,identity_01,True,True,True,0,0,0
607,identity_01,True,True,True,0,0,0
608,identity_01,True,True,True,0,0,0
609,identity_01,True,True,True,0,0,0
610,identity_01,True,True,True,0,0,0
611,identity_01,False,True,False,8,128,128
612,identity_01,True,True,True,0,0,0
613,identity_01,True,True,True,0,0,0
614,identity_01,True,True,True,0,0,0
615,identity_01,True,True,True,0,0,0
616,identity_01,True,True,True,0,0,0
617,identity_01,True,True,True,0,0,0
618,identity_01,False,True,False,8,128,128
619,identity_01,True,True,True,0,0,0
620,identity_01,True,True,True,0,0,0
621,identity_01,True,True,True,0,0,0
622,identity_01,True,True,True,0,0,0
623,identity_01,True,True,True,0,0,0
624,identity_01,True,True,True,0,0,0
625,identity_01,True,True,True,0,0,0
626,identity_01,True,True,True,0,0,0
627,identity_01,True,True,True,0,0,0
628,identity_01,True,True,True,0,0,0
629,identity_01,True,True,True,0,0,0
630,identity_01,True,True,True,0,0,0
631,identity_01,True,True,True,0,0,0
632,identity_01,True,True,True,0,0,0
633,identity_01,True,True,True,0,0,0
634,identity_01,True,True,True,0,0,0
635,identity_01,True,True,True,0,0,0
636,identity_01,True,True,True,0,0,0
637,identity_01,True,True,True,0,0,0
638,identity_01,True,True,True,0,0,0
639,identity_02,True,True,True,0,0,0
640,identity_02,True,True,True,0,0,0
641,identity_02,True,True,True,0,0,0
642,identity_02,True,True,True,0,0,0
643,identity_02,True,True,True,0,0,0
644,identity_02,True,True,True,0,0,0
645,identity_02,True,True,True,0,0,0
646,identity_02,False,True,False,8,128,128
647,identity_02,True,True,True,0,0,0
648,identity_02,True,True,True,0,0,0
649,identity_02,True,True,True,0,0,0
650,identity_02,True,True,True,0,0,0
651,identity_02,True,True,True,0,0,0
652,identity_02,True,True,True,0,0,0
653,identity_02,True,True,True,0,0,0
654,identity_02,True,True,True,0,0,0
655,identity_02,True,True,True,0,0,0
656,identity_02,True,True,True,0,0,0
657,identity_02,True,True,True,0,0,0
658,identity_02,True,True,True,0,0,0
659,identity_02,True,True,True,0,0,0
660,identity_02,True,True,True,0,0,0
661,identity_02,False,True,False,8,128,128
662,identity_02,False,True,False,8,128,128
663,identity_02,True,True,True,0,0,0
664,identity_02,True,True,True,0,0,0
665,identity_02,True,True,True,0,0,0
666,identity_02,True,True,True,0,0,0
667,identity_02,True,True,True,0,0,0
668,identity_02,True,True,True,0,0,0
669,identity_03,True,True,True,0,0,0
670,identity_03,True,True,True,0,0,0
671,identity_03,True,True,True,0,0,0
672,identity_03,True,True,True,0,0,0
673,identity_03,True,True,True,0,0,0
674,identity_03,True,True,True,0,0,0
675,identity_03,True,True,True,0,0,0
676,identity_03,True,True,True,0,0,0
677,identity_03,True,True,True,0,0,0
678,identity_03,True,True,True,0,0,0
679,identity_03,False,True,False,8,128,128
680,identity_03,True,True,True,0,0,0
681,identity_03,True,True,True,0,0,0
682,identity_03,True,False,True,0,0,0
683,identity_03,True,True,True,0,0,0
684,identity_03,False,True,False,8,128,128
685,identity_03,True,True,True,0,0,0
686,identity_03,True,True,True,0,0,0
687,identity_03,True,True,True,0,0,0
688,identity_03,True,True,True,0,0,0
689,identity_03,False,True,False,8,128,128
690,identity_03,False,True,False,8,128,128
691,identity_03,True,True,True,0,0,0
692,identity_03,True,True,True,0,0,0
693,identity_03,True,True,True,0,0,0
694,identity_03,True,True,True,0,0,0
695,identity_03,True,True,True,0,0,0
696,identity_03,True,True,True,0,0,0
697,identity_03,True,True,True,0,0,0
698,identity_03,True,True,True,0,0,0
699,identity_04,True,True,True,0,0,0
700,identity_04,True,True,True,0,0,0
701,identity_04,True,True,True,0,0,0
702,identity_04,True,True,True,0,0,0
703,identity_04,True,True,True,0,0,0
704,identity_04,True,True,True,0,0,0
705,identity_04,True,True,True,0,0,0
706,identity_04,True,True,True,0,0,0
707,identity_04,True,True,True,0,0,0
708,identity_04,True,True,True,0,0,0
709,identity_04,True,True,True,0,0,0
710,identity_04,True,True,True,0,0,0
711,identity_04,True,True,True,0,0,0
712,identity_04,True,True,True,0,0,0
713,identity_04,True,True,True,0,0,0
714,identity_04,True,True,True,0,0,0
715,identity_04,True,True,True,0,0,0
716,identity_04,True,True,True,0,0,0
717,identity_04,True,True,True,0,0,0
718,identity_04,True,True,True,0,0,0
719,identity_04,True,True,True,0,0,0
720,identity_04,True,True,True,0,0,0
721,identity_04,True,True,True,0,0,0
722,identity_04,True,True,True,0,0,0
723,identity_04,True,True,True,0,0,0
724,identity_04,True,True,True,0,0,0
725,identity_04,True,True,True,0,0,0
726,identity_05,True,True,True,0,0,0
727,identity_05,True,True,True,0,0,0
728,identity_05,True,True,True,0,0,0
729,identity_05,True,True,True,0,0,0
730,identity_05,True,True,True,0,0,0
731,identity_05,True,True,True,0,0,0
732,identity_05,True,True,True,0,0,0
733,identity_05,True,True,True,0,0,0
734,identity_05,True,True,True,0,0,0
735,identity_05,True,True,True,0,0,0
736,identity_05,True,True,True,0,0,0
737,identity_05,True,True,True,0,0,0
738,identity_05,True,True,True,0,0,0
739,identity_05,True,True,True,0,0,0
740,identity_05,True,True,True,0,0,0
741,identity_05,True,True,True,0,0,0
742,identity_05,False,True,False,8,128,128
743,identity_05,False,True,False,8,128,128
744,identity_05,True,True,True,0,0,0
745,identity_05,True,True,True,0,0,0
746,identity_05,True,True,True,0,0,0
747,identity_05,True,True,True,0,0,0
748,identity_05,True,True,True,0,0,0
749,identity_05,True,True,True,0,0,0
750,identity_05,True,True,True,0,0,0
751,identity_05,True,True,True,0,0,0
752,identity_05,True,True,True,0,0,0
753,literal_01,True,True,True,0,0,0
754,literal_01,True,True,True,0,0,0
755,literal_01,True,True,True,0,0,0
756,literal_01,True,True,True,0,0,0
757,literal_01,True,True,True,0,0,0
758,literal_01,True,True,True,0,0,0
759,literal_01,True,True,True,0,0,0
760,literal_01,True,True,True,0,0,0
761,literal_01,True,True,True,0,0,0
762,literal_01,True,True,True,0,0,0
763,literal_01,True,True,True,0,0,0
764,literal_01,True,True,True,0,0,0
765,literal_01,True,True,True,0,0,0
766,literal_01,True,True,True,0,0,0
767,literal_01,True,True,True,0,0,0
768,literal_01,True,True,True,0,0,0
769,literal_01,True,True,True,0,0,0
770,literal_01,True,True,True,0,0,0
771,literal_01,True,True,True,0,0,0
772,literal_01,True,True,True,0,0,0
773,literal_01,True,True,True,0,0,0
774,literal_01,True,True,True,0,0,0
775,literal_01,True,True,True,0,0,0
776,literal_01,True,True,True,0,0,0
777,literal_01,True,True,True,0,0,0
778,literal_01,True,True,True,0,0,0
779,literal_01,True,True,True,0,0,0
780,literal_01,True,True,True,0,0,0
781,literal_01,True,True,True,0,0,0
782,literal_01,True,True,True,0,0,0
783,literal_01,False,True,False,8,128,128
784,literal_01,True,True,True,0,0,0
785,literal_02,True,True,True,0,0,0
786,literal_02,True,True,True,0,0,0
787,literal_02,True,True,True,0,0,0
788,literal_02,True,True,True,0,0,0
789,literal_02,True,True,True,0,0,0
790,literal_02,True,True,True,0,0,0
791,literal_02,True,True,True,0,0,0
792,literal_02,True,True,True,0,0,0
793,literal_02,True,True,True,0,0,0
794,literal_02,True,True,True,0,0,0
795,literal_02,True,True,True,0,0,0
796,literal_02,True,True,True,0,0,0
797,literal_02,True,True,True,0,0,0
798,literal_02,True,True,True,0,0,0
799,literal_02,True,True,True,0,0,0
800,literal_02,True,True,True,0,0,0
801,literal_02,True,True,True,0,0,0
802,literal_02,True,True,True,0,0,0
803,literal_02,True,True,True,0,0,0
804,literal_02,True,True,True,0,0,0
805,literal_02,True,True,True,0,0,0
806,literal_02,True,True,True,0,0,0
807,literal_02,True,True,True,0,0,0
808,literal_02,True,True,True,0,0,0
809,literal_02,True,False,True,0,0,0
810,literal_02,True,True,True,0,0,0
811,literal_02,True,True,True,0,0,0
812,literal_03,True,True,True,0,0,0
813,literal_03,True,True,True,0,0,0
814,literal_03,True,True,True,0,0,0
815,literal_03,True,True,True,0,0,0
816,literal_03,True,True,True,0,0,0
817,literal_03,True,True,True,0,0,0
818,literal_03,True,True,True,0,0,0
819,literal_03,True,True,True,0,0,0
820,literal_03,True,True,True,0,0,0
821,literal_03,True,True,True,0,0,0
822,literal_03,True,True,True,0,0,0
823,literal_03,True,True,True,0,0,0
824,literal_03,True,True,True,0,0,0
825,literal_03,True,True,True,0,0,0
826,literal_03,True,True,True,0,0,0
827,literal_03,True,True,True,0,0,0
828,literal_03,True,True,True,0,0,0
829,literal_03,True,True,True,0,0,0
830,literal_03,True,True,True,0,0,0
831,literal_03,True,True,True,0,0,0
832,literal_03,True,True,True,0,0,0
833,literal_03,True,True,True,0,0,0
834,literal_03,True,True,True,0,0,0
835,literal_03,True,True,True,0,0,0
836,literal_03,True,True,True,0,0,0
837,literal_03,True,True,True,0,0,0
838,literal_04,True,True,True,0,0,0
839,literal_04,True,True,True,0,0,0
840,literal_04,True,True,True,0,0,0
841,literal_04,True,True,True,0,0,0
842,literal_04,True,True,True,0,0,0
843,literal_04,True,True,True,0,0,0
844,literal_04,True,True,True,0,0,0
845,literal_04,True,True,True,0,0,0
846,literal_04,True,True,True,0,0,0
847,literal_04,True,True,True,0,0,0
848,literal_04,True,True,True,0,0,0
849,literal_04,True,True,True,0,0,0
850,literal_04,True,True,True,0,0,0
851,literal_04,True,True,True,0,0,0
852,literal_04,True,True,True,0,0,0
853,literal_04,True,True,True,0,0,0
854,literal_04,True,True,True,0,0,0
855,literal_04,True,True,True,0,0,0
856,literal_04,True,True,True,0,0,0
857,literal_04,True,True,True,0,0,0
858,literal_04,False,True,False,8,128,128
859,literal_04,True,True,True,0,0,0
860,literal_04,True,True,True,0,0,0
861,literal_04,True,True,True,0,0,0
862,literal_05,True,True,True,0,0,0
863,literal_05,True,True,True,0,0,0
864,literal_05,True,True,True,0,0,0
865,literal_05,True,True,True,0,0,0
866,literal_05,True,True,True,0,0,0
867,literal_05,True,True,True,0,0,0
868,literal_05,True,True,True,0,0,0
869,literal_05,True,False,True,0,0,0
870,literal_05,True,True,True,0,0,0
871,literal_05,True,True,True,0,0,0
872,literal_05,True,True,True,0,0,0
873,literal_05,True,True,True,0,0,0
874,literal_05,True,True,True,0,0,0
875,literal_05,True,True,True,0,0,0
876,literal_05,True,True,True,0,0,0
877,literal_05,True,True,True,0,0,0
878,literal_05,True,True,True,0,0,0
879,literal_05,True,True,True,0,0,0
880,literal_05,True,True,True,0,0,0
881,literal_05,True,True,True,0,0,0
882,literal_05,True,True,True,0,0,0
883,literal_05,True,True,True,0,0,0
884,literal_05,True,True,True,0,0,0
885,literal_05,True,True,True,0,0,0
886,literal_05,True,True,True,0,0,0
887,metaphor_01,True,True,True,0,0,0
888,metaphor_01,True,True,True,0,0,0
889,metaphor_01,True,True,True,0,0,0
890,metaphor_01,True,False,True,0,0,0
891,metaphor_01,True,True,True,0,0,0
892,metaphor_01,True,True,True,0,0,0
893,metaphor_01,True,True,True,0,0,0
894,metaphor_01,True,True,True,0,0,0
895,metaphor_01,True,True,True,0,0,0
896,metaphor_01,True,True,True,0,0,0
897,metaphor_01,True,True,True,0,0,0
898,metaphor_01,True,True,True,0,0,0
899,metaphor_01,True,True,True,0,0,0
900,metaphor_01,True,True,True,0,0,0
901,metaphor_01,True,True,True,0,0,0
902,metaphor_01,True,True,True,0,0,0
903,metaphor_01,False,True,False,8,128,128
904,metaphor_01,True,True,True,0,0,0
905,metaphor_01,True,True,True,0,0,0
906,metaphor_01,True,True,True,0,0,0
907,metaphor_01,True,True,True,0,0,0
908,metaphor_01,True,True,True,0,0,0
909,metaphor_01,True,True,True,0,0,0
910,metaphor_01,True,True,True,0,0,0
911,metaphor_01,True,True,True,0,0,0
912,metaphor_01,True,True,True,0,0,0
913,metaphor_01,True,True,True,0,0,0
914,metaphor_01,True,True,True,0,0,0
915,metaphor_01,True,True,True,0,0,0
916,metaphor_01,True,True,True,0,0,0
917,metaphor_01,True,True,True,0,0,0
918,metaphor_01,True,True,True,0,0,0
919,metaphor_01,True,True,True,0,0,0
920,metaphor_02,True,True,True,0,0,0
921,metaphor_02,True,True,True,0,0,0
922,metaphor_02,True,True,True,0,0,0
923,metaphor_02,True,True,True,0,0,0
924,metaphor_02,True,True,True,0,0,0
925,metaphor_02,True,True,True,0,0,0
926,metaphor_02,True,True,True,0,0,0
927,metaphor_02,True,True,True,0,0,0
928,metaphor_02,True,True,True,0,0,0
929,metaphor_02,True,True,True,0,0,0
930,metaphor_02,True,True,True,0,0,0
931,metaphor_02,True,True,True,0,0,0
932,metaphor_02,True,True,True,0,0,0
933,metaphor_02,True,True,True,0,0,0
934,metaphor_02,True,True,True,0,0,0
935,metaphor_02,True,True,True,0,0,0
936,metaphor_02,True,True,True,0,0,0
937,metaphor_02,True,True,True,0,0,0
938,metaphor_02,True,True,True,0,0,0
939,metaphor_02,True,True,True,0,0,0
940,metaphor_02,True,True,True,0,0,0
941,metaphor_02,True,True,True,0,0,0
942,metaphor_02,True,True,True,0,0,0
943,metaphor_02,True,True,True,0,0,0
944,metaphor_02,True,True,True,0,0,0
945,metaphor_02,True,True,True,0,0,0
946,metaphor_02,True,True,True,0,0,0
947,metaphor_02,True,True,True,0,0,0
948,metaphor_03,True,True,True,0,0,0
949,metaphor_03,True,True,True,0,0,0
950,metaphor_03,True,True,True,0,0,0
951,metaphor_03,True,True,True,0,0,0
952,metaphor_03,True,True,True,0,0,0
953,metaphor_03,True,True,True,0,0,0
954,metaphor_03,True,True,True,0,0,0
955,metaphor_03,False,True,False,8,128,128
956,metaphor_03,True,True,True,0,0,0
957,metaphor_03,True,True,True,0,0,0
958,metaphor_03,True,True,True,0,0,0
959,metaphor_03,True,True,True,0,0,0
960,metaphor_03,True,True,True,0,0,0
961,metaphor_03,True,True,True,0,0,0
962,metaphor_03,True,True,True,0,0,0
963,metaphor_03,True,True,True,0,0,0
964,metaphor_03,True,True,True,0,0,0
965,metaphor_03,True,True,True,0,0,0
966,metaphor_03,True,True,True,0,0,0
967,metaphor_03,True,True,True,0,0,0
968,metaphor_03,False,True,False,8,128,128
969,metaphor_03,True,True,True,0,0,0
970,metaphor_03,True,True,True,0,0,0
971,metaphor_03,True,False,True,0,0,0
972,metaphor_03,True,True,True,0,0,0
973,metaphor_03,True,True,True,0,0,0
974,metaphor_03,True,True,True,0,0,0
975,metaphor_03,True,True,True,0,0,0
976,metaphor_03,True,True,True,0,0,0
977,metaphor_04,True,True,True,0,0,0
978,metaphor_04,True,True,True,0,0,0
979,metaphor_04,True,True,True,0,0,0
980,metaphor_04,True,True,True,0,0,0
981,metaphor_04,True,True,True,0,0,0
982,metaphor_04,True,True,True,0,0,0
983,metaphor_04,False,True,False,8,128,128
984,metaphor_04,True,True,True,0,0,0
985,metaphor_04,True,True,True,0,0,0
986,metaphor_04,True,True,True,0,0,0
987,metaphor_04,True,True,True,0,0,0
988,metaphor_04,True,True,True,0,0,0
989,metaphor_04,True,True,True,0,0,0
990,metaphor_04,True,True,True,0,0,0
991,metaphor_04,True,True,True,0,0,0
992,metaphor_04,True,True,True,0,0,0
993,metaphor_04,True,True,True,0,0,0
994,metaphor_04,True,True,True,0,0,0
995,metaphor_04,True,True,True,0,0,0
996,metaphor_04,True,True,True,0,0,0
997,metaphor_04,True,True,True,0,0,0
998,metaphor_04,True,True,True,0,0,0
999,metaphor_04,True,True,True,0,0,0
1000,metaphor_04,True,True,True,0,0,0
1001,metaphor_04,True,True,True,0,0,0
1002,metaphor_04,True,True,True,0,0,0
1003,metaphor_04,True,True,True,0,0,0
1004,metaphor_05,True,True,True,0,0,0
1005,metaphor_05,True,True,True,0,0,0
1006,metaphor_05,True,True,True,0,0,0
1007,metaphor_05,True,True,True,0,0,0
1008,metaphor_05,True,True,True,0,0,0
1009,metaphor_05,False,True,False,8,128,128
1010,metaphor_05,True,True,True,0,0,0
1011,metaphor_05,True,True,True,0,0,0
1012,metaphor_05,True,True,True,0,0,0
1013,metaphor_05,True,True,True,0,0,0
1014,metaphor_05,True,True,True,0,0,0
1015,metaphor_05,True,True,True,0,0,0
1016,metaphor_05,True,True,True,0,0,0
1017,metaphor_05,True,True,True,0,0,0
1018,metaphor_05,True,True,True,0,0,0
1019,metaphor_05,True,True,True,0,0,0
1020,metaphor_05,True,True,True,0,0,0
1021,metaphor_05,True,True,True,0,0,0
1022,metaphor_05,True,True,True,0,0,0
1023,metaphor_05,True,True,True,0,0,0
1024,metaphor_05,True,False,True,0,0,0
1025,metaphor_05,True,True,True,0,0,0
1026,metaphor_05,False,True,False,8,128,128
1027,metaphor_05,True,True,True,0,0,0
1028,metaphor_05,True,True,True,0,0,0
1029,metaphor_05,True,True,True,0,0,0
1030,ontology_01,True,True,True,0,0,0
1031,ontology_01,True,True,True,0,0,0
1032,ontology_01,True,True,True,0,0,0
1033,ontology_01,True,True,True,0,0,0
1034,ontology_01,True,True,True,0,0,0
1035,ontology_01,True,True,True,0,0,0
1036,ontology_01,True,True,True,0,0,0
1037,ontology_01,True,True,True,0,0,0
1038,ontology_01,True,True,True,0,0,0
1039,ontology_01,True,True,True,0,0,0
1040,ontology_01,True,True,True,0,0,0
1041,ontology_01,True,True,True,0,0,0
1042,ontology_01,True,True,True,0,0,0
1043,ontology_01,True,True,True,0,0,0
1044,ontology_01,True,True,True,0,0,0
1045,ontology_01,True,True,True,0,0,0
1046,ontology_01,True,True,True,0,0,0
1047,ontology_01,True,True,True,0,0,0
1048,ontology_01,True,True,True,0,0,0
1049,ontology_01,True,True,True,0,0,0
1050,ontology_01,True,True,True,0,0,0
1051,ontology_01,True,False,True,0,0,0
1052,ontology_01,True,True,True,0,0,0
1053,ontology_01,True,False,True,0,0,0
1054,ontology_01,False,True,False,8,128,128
1055,ontology_01,True,True,True,0,0,0
1056,ontology_01,True,True,True,0,0,0
1057,ontology_01,True,True,True,0,0,0
1058,ontology_01,True,True,True,0,0,0
1059,ontology_01,True,True,True,0,0,0
1060,ontology_02,True,True,True,0,0,0
1061,ontology_02,True,True,True,0,0,0
1062,ontology_02,True,True,True,0,0,0
1063,ontology_02,True,True,True,0,0,0
1064,ontology_02,True,True,True,0,0,0
1065,ontology_02,True,True,True,0,0,0
1066,ontology_02,True,True,True,0,0,0
1067,ontology_02,True,True,True,0,0,0
1068,ontology_02,True,True,True,0,0,0
1069,ontology_02,True,True,True,0,0,0
1070,ontology_02,True,True,True,0,0,0
1071,ontology_02,True,True,True,0,0,0
1072,ontology_02,True,True,True,0,0,0
1073,ontology_02,True,True,True,0,0,0
1074,ontology_02,True,True,True,0,0,0
1075,ontology_02,True,True,True,0,0,0
1076,ontology_02,True,True,True,0,0,0
1077,ontology_02,True,True,True,0,0,0
1078,ontology_02,True,True,True,0,0,0
1079,ontology_02,True,True,True,0,0,0
1080,ontology_02,True,True,True,0,0,0
1081,ontology_02,True,True,True,0,0,0
1082,ontology_02,True,True,True,0,0,0
1083,ontology_02,True,True,True,0,0,0
1084,ontology_02,True,True,True,0,0,0
1085,ontology_02,True,True,True,0,0,0
1086,ontology_02,True,True,True,0,0,0
1087,ontology_03,True,True,True,0,0,0
1088,ontology_03,True,True,True,0,0,0
1089,ontology_03,True,True,True,0,0,0
1090,ontology_03,True,True,True,0,0,0
1091,ontology_03,True,True,True,0,0,0
1092,ontology_03,True,True,True,0,0,0
1093,ontology_03,True,True,True,0,0,0
1094,ontology_03,True,True,True,0,0,0
1095,ontology_03,True,True,True,0,0,0
1096,ontology_03,True,True,True,0,0,0
1097,ontology_03,True,False,True,0,0,0
1098,ontology_03,True,True,True,0,0,0
1099,ontology_03,True,True,True,0,0,0
1100,ontology_03,True,True,True,0,0,0
1101,ontology_03,True,True,True,0,0,0
1102,ontology_03,True,True,True,0,0,0
1103,ontology_03,True,True,True,0,0,0
1104,ontology_03,True,True,True,0,0,0
1105,ontology_03,True,True,True,0,0,0
1106,ontology_03,False,True,False,8,128,128
1107,ontology_03,True,True,True,0,0,0
1108,ontology_03,True,True,True,0,0,0
1109,ontology_03,True,True,True,0,0,0
1110,ontology_03,True,True,True,0,0,0
1111,ontology_03,True,True,True,0,0,0
1112,ontology_03,True,True,True,0,0,0
1113,ontology_03,True,True,True,0,0,0
1114,ontology_03,True,True,True,0,0,0
1115,ontology_04,True,True,True,0,0,0
1116,ontology_04,True,True,True,0,0,0
1117,ontology_04,True,True,True,0,0,0
1118,ontology_04,True,True,True,0,0,0
1119,ontology_04,True,True,True,0,0,0
1120,ontology_04,True,True,True,0,0,0
1121,ontology_04,True,True,True,0,0,0
1122,ontology_04,True,True,True,0,0,0
1123,ontology_04,True,True,True,0,0,0
1124,ontology_04,True,True,True,0,0,0
1125,ontology_04,True,True,True,0,0,0
1126,ontology_04,True,True,True,0,0,0
1127,ontology_04,True,True,True,0,0,0
1128,ontology_04,True,True,True,0,0,0
1129,ontology_04,True,True,True,0,0,0
1130,ontology_04,True,True,True,0,0,0
1131,ontology_04,True,True,True,0,0,0
1132,ontology_04,True,True,True,0,0,0
1133,ontology_04,True,True,True,0,0,0
1134,ontology_04,True,True,True,0,0,0
1135,ontology_04,True,True,True,0,0,0
1136,ontology_04,True,True,True,0,0,0
1137,ontology_04,True,True,True,0,0,0
1138,ontology_04,True,True,True,0,0,0
1139,ontology_04,True,True,True,0,0,0
1140,ontology_04,True,True,True,0,0,0
1141,ontology_04,True,True,True,0,0,0
1142,ontology_04,True,True,True,0,0,0
1143,ontology_05,True,True,True,0,0,0
1144,ontology_05,True,True,True,0,0,0
1145,ontology_05,True,True,True,0,0,0
1146,ontology_05,True,True,True,0,0,0
1147,ontology_05,True,True,True,0,0,0
1148,ontology_05,True,True,True,0,0,0
1149,ontology_05,True,True,True,0,0,0
1150,ontology_05,True,True,True,0,0,0
1151,ontology_05,True,True,True,0,0,0
1152,ontology_05,True,True,True,0,0,0
1153,ontology_05,True,True,True,0,0,0
1154,ontology_05,True,True,True,0,0,0
1155,ontology_05,True,True,True,0,0,0
1156,ontology_05,True,True,True,0,0,0
1157,ontology_05,True,True,True,0,0,0
1158,ontology_05,True,True,True,0,0,0
1159,ontology_05,True,True,True,0,0,0
1160,ontology_05,True,True,True,0,0,0
1161,ontology_05,True,True,True,0,0,0
1162,ontology_05,True,True,True,0,0,0
1163,ontology_05,True,True,True,0,0,0
1164,ontology_05,True,True,True,0,0,0
1165,ontology_05,True,True,True,0,0,0
1166,ontology_05,True,True,True,0,0,0
1167,ontology_05,True,True,True,0,0,0
1168,ontology_05,True,True,True,0,0,0
1169,ontology_05,True,True,True,0,0,0
