scope,comparator,prompt_id,n_valid,mean
all,actual,fresh_identity_01,29,0.1422038027669069
all,actual,fresh_identity_02,28,0.11710818751390503
all,actual,fresh_identity_03,30,0.14439209951944149
all,actual,fresh_identity_04,29,0.185520550942005
all,actual,fresh_identity_05,28,0.11143845282546613
all,actual,fresh_literal_01,30,0.07137050892995088
all,actual,fresh_literal_02,26,0.05227081169604489
all,actual,fresh_literal_03,28,0.13581307456146519
all,actual,fresh_literal_04,30,0.1293486365913244
all,actual,fresh_literal_05,31,0.09009556249220108
all,actual,fresh_metaphor_01,27,0.14422127122565648
all,actual,fresh_metaphor_02,27,0.16365757136483772
all,actual,fresh_metaphor_03,30,0.10213262607622788
all,actual,fresh_metaphor_04,30,0.1634258049421735
all,actual,fresh_metaphor_05,26,0.11140673815937358
all,actual,fresh_ontology_01,27,0.09971606275678584
all,actual,fresh_ontology_02,29,0.11427575730301268
all,actual,fresh_ontology_03,27,0.08490460109197581
all,actual,fresh_ontology_04,31,0.13475299216667344
all,actual,fresh_ontology_05,31,0.03416687545371619
all,actual,identity_01,31,0.13541924314028903
all,actual,identity_02,27,0.11881235590147042
all,actual,identity_03,26,0.1702292070167397
all,actual,identity_04,27,0.1772874156973294
all,actual,identity_05,25,0.16966985821702035
all,actual,literal_01,31,0.13313079260446045
all,actual,literal_02,27,0.15753433438095635
all,actual,literal_03,26,0.16598906703852392
all,actual,literal_04,23,0.13199829167338978
all,actual,literal_05,25,0.031299886648669534
all,actual,metaphor_01,32,0.11487567112601475
all,actual,metaphor_02,28,0.09077898216345015
all,actual,metaphor_03,27,0.11320395883717366
all,actual,metaphor_04,26,0.07734286045135294
all,actual,metaphor_05,24,0.11204574633036184
all,actual,ontology_01,29,0.0855354987775179
all,actual,ontology_02,27,0.17985104448533826
all,actual,ontology_03,27,0.13389337934235415
all,actual,ontology_04,28,0.11386946255039045
all,actual,ontology_05,27,0.13818503050650432
all,v2_random,fresh_identity_01,29,0.009677307063562356
all,v2_random,fresh_identity_02,28,0.024819584960361886
all,v2_random,fresh_identity_03,30,-0.008243537021276979
all,v2_random,fresh_identity_04,29,0.012814639828927617
all,v2_random,fresh_identity_05,28,-0.004948054156504174
all,v2_random,fresh_literal_01,30,0.025971791551887315
all,v2_random,fresh_literal_02,26,-0.004608914799811978
all,v2_random,fresh_literal_03,28,-0.005558112198657633
all,v2_random,fresh_literal_04,30,-0.006530862331562976
all,v2_random,fresh_literal_05,31,0.006310132332596741
all,v2_random,fresh_metaphor_01,27,-0.008442086450722726
all,v2_random,fresh_metaphor_02,27,0.012074375003891972
all,v2_random,fresh_metaphor_03,30,-0.01835988395205398
all,v2_random,fresh_metaphor_04,30,0.0005334569195628372
all,v2_random,fresh_metaphor_05,26,0.011823523113838033
all,v2_random,fresh_ontology_01,27,0.0016656870060823747
all,v2_random,fresh_ontology_02,29,-0.009963750677584848
all,v2_random,fresh_ontology_03,27,0.0007182555851598654
all,v2_random,fresh_ontology_04,31,-0.014696197159818323
all,v2_random,fresh_ontology_05,31,0.00995262247617559
all,v2_random,identity_01,31,-0.0035320758665675295
all,v2_random,identity_02,27,0.004059424377792465
all,v2_random,identity_03,26,0.0047818621047016115
all,v2_random,identity_04,27,-0.007221631046992461
all,v2_random,identity_05,25,0.000803146626848133
all,v2_random,literal_01,31,0.002109119612440003
all,v2_random,literal_02,27,-0.002707672835766234
all,v2_random,literal_03,26,0.018206834924124997
all,v2_random,literal_04,23,7.812953363477149e-05
all,v2_random,literal_05,25,0.011085615754292837
all,v2_random,metaphor_01,32,0.03500395015763678
all,v2_random,metaphor_02,28,0.008739412218073265
all,v2_random,metaphor_03,27,-0.03435776414585679
all,v2_random,metaphor_04,26,0.0095103926303136
all,v2_random,metaphor_05,24,0.010364880445552074
all,v2_random,ontology_01,29,0.009314966805243815
all,v2_random,ontology_02,27,-0.012618698547750648
all,v2_random,ontology_03,27,0.005705509076841129
all,v2_random,ontology_04,28,0.003436270146729009
all,v2_random,ontology_05,27,-0.02038975446408436
all,within_prompt_shuffle,fresh_identity_01,29,0.003155717379016607
all,within_prompt_shuffle,fresh_identity_02,28,-0.0020584798661257915
all,within_prompt_shuffle,fresh_identity_03,30,0.0016074723064484658
all,within_prompt_shuffle,fresh_identity_04,29,0.011814534161901747
all,within_prompt_shuffle,fresh_identity_05,28,0.005984193735550856
all,within_prompt_shuffle,fresh_literal_01,30,0.003018792986817895
all,within_prompt_shuffle,fresh_literal_02,26,0.007281866248511085
all,within_prompt_shuffle,fresh_literal_03,28,-0.002339859255219832
all,within_prompt_shuffle,fresh_literal_04,30,-0.0007946290657741309
all,within_prompt_shuffle,fresh_literal_05,31,-0.0017431221681931536
all,within_prompt_shuffle,fresh_metaphor_01,27,0.00381950665207578
all,within_prompt_shuffle,fresh_metaphor_02,27,-0.005161350442585285
all,within_prompt_shuffle,fresh_metaphor_03,30,-0.0021535854590121325
all,within_prompt_shuffle,fresh_metaphor_04,30,0.005307721903817379
all,within_prompt_shuffle,fresh_metaphor_05,26,0.0096489933961002
all,within_prompt_shuffle,fresh_ontology_01,27,0.004031509427434284
all,within_prompt_shuffle,fresh_ontology_02,29,0.004901641878124758
all,within_prompt_shuffle,fresh_ontology_03,27,0.011358754885688487
all,within_prompt_shuffle,fresh_ontology_04,31,0.009807605483653201
all,within_prompt_shuffle,fresh_ontology_05,31,0.0014534215834141725
all,within_prompt_shuffle,identity_01,31,0.0015706862918569544
all,within_prompt_shuffle,identity_02,27,-0.0029041696865862443
all,within_prompt_shuffle,identity_03,26,-0.00158746015474205
all,within_prompt_shuffle,identity_04,27,-0.002589786832278677
all,within_prompt_shuffle,identity_05,25,0.004443576451029641
all,within_prompt_shuffle,literal_01,31,-0.0023228263640988913
all,within_prompt_shuffle,literal_02,27,0.009130164108550042
all,within_prompt_shuffle,literal_03,26,0.011064306194316567
all,within_prompt_shuffle,literal_04,23,0.005927270940136052
all,within_prompt_shuffle,literal_05,25,0.006059923532900333
all,within_prompt_shuffle,metaphor_01,32,0.0010180494889739328
all,within_prompt_shuffle,metaphor_02,28,-0.005802024136353072
all,within_prompt_shuffle,metaphor_03,27,0.0031034818341181053
all,within_prompt_shuffle,metaphor_04,26,0.0024558500653139056
all,within_prompt_shuffle,metaphor_05,24,-0.0007819692114330845
all,within_prompt_shuffle,ontology_01,29,0.004248061516736728
all,within_prompt_shuffle,ontology_02,27,-0.006991684416238024
all,within_prompt_shuffle,ontology_03,27,0.008576267668295993
all,within_prompt_shuffle,ontology_04,28,0.001499565103162864
all,within_prompt_shuffle,ontology_05,27,0.002365556630334404
all,within_prompt_position_shuffle,fresh_identity_01,29,0.0032048292527564063
all,within_prompt_position_shuffle,fresh_identity_02,28,0.009395901719549144
all,within_prompt_position_shuffle,fresh_identity_03,30,-0.0025390958233838124
all,within_prompt_position_shuffle,fresh_identity_04,29,0.011629585508021586
all,within_prompt_position_shuffle,fresh_identity_05,28,0.006754765185249574
all,within_prompt_position_shuffle,fresh_literal_01,30,0.012248183537144016
all,within_prompt_position_shuffle,fresh_literal_02,26,-0.0008042100563803165
all,within_prompt_position_shuffle,fresh_literal_03,28,0.0014259467142049773
all,within_prompt_position_shuffle,fresh_literal_04,30,-0.0032823354692853098
all,within_prompt_position_shuffle,fresh_literal_05,31,0.004001486143505298
all,within_prompt_position_shuffle,fresh_metaphor_01,27,0.00914067439487295
all,within_prompt_position_shuffle,fresh_metaphor_02,27,0.014574000248265702
all,within_prompt_position_shuffle,fresh_metaphor_03,30,0.006290037106297693
all,within_prompt_position_shuffle,fresh_metaphor_04,30,0.005712585637691888
all,within_prompt_position_shuffle,fresh_metaphor_05,26,0.017806843231953473
all,within_prompt_position_shuffle,fresh_ontology_01,27,0.01821513008267259
all,within_prompt_position_shuffle,fresh_ontology_02,29,0.011439845150012055
all,within_prompt_position_shuffle,fresh_ontology_03,27,0.01717671281484383
all,within_prompt_position_shuffle,fresh_ontology_04,31,0.024218993131033865
all,within_prompt_position_shuffle,fresh_ontology_05,31,0.006064261272181672
all,within_prompt_position_shuffle,identity_01,31,0.010436669185318426
all,within_prompt_position_shuffle,identity_02,27,0.012754806866549607
all,within_prompt_position_shuffle,identity_03,26,-0.0019691577514474195
all,within_prompt_position_shuffle,identity_04,27,0.005680620156360476
all,within_prompt_position_shuffle,identity_05,25,0.016041758226430832
all,within_prompt_position_shuffle,literal_01,31,0.012000864411226253
all,within_prompt_position_shuffle,literal_02,27,0.014568057804359187
all,within_prompt_position_shuffle,literal_03,26,0.03170771216114412
all,within_prompt_position_shuffle,literal_04,23,0.000342402224984011
all,within_prompt_position_shuffle,literal_05,25,0.014335944181323385
all,within_prompt_position_shuffle,metaphor_01,32,0.01056322686697239
all,within_prompt_position_shuffle,metaphor_02,28,-0.018402935668409642
all,within_prompt_position_shuffle,metaphor_03,27,0.006912447591108476
all,within_prompt_position_shuffle,metaphor_04,26,0.007796491399587164
all,within_prompt_position_shuffle,metaphor_05,24,0.010637422009097638
all,within_prompt_position_shuffle,ontology_01,29,0.018483388693775034
all,within_prompt_position_shuffle,ontology_02,27,-0.011013213841904502
all,within_prompt_position_shuffle,ontology_03,27,0.025590593504708277
all,within_prompt_position_shuffle,ontology_04,28,0.0037919167331963988
all,within_prompt_position_shuffle,ontology_05,27,0.0173926897366278
supported,actual,fresh_identity_01,29,0.1422038027669069
supported,actual,fresh_identity_02,27,0.12125766019642681
supported,actual,fresh_identity_03,30,0.14439209951944149
supported,actual,fresh_identity_04,29,0.185520550942005
supported,actual,fresh_identity_05,28,0.11143845282546613
supported,actual,fresh_literal_01,29,0.06801954828559094
supported,actual,fresh_literal_02,26,0.05227081169604489
supported,actual,fresh_literal_03,28,0.13581307456146519
supported,actual,fresh_literal_04,30,0.1293486365913244
supported,actual,fresh_literal_05,30,0.0840093069943471
supported,actual,fresh_metaphor_01,26,0.1308950959548876
supported,actual,fresh_metaphor_02,27,0.16365757136483772
supported,actual,fresh_metaphor_03,28,0.11682801129237454
supported,actual,fresh_metaphor_04,30,0.1634258049421735
supported,actual,fresh_metaphor_05,26,0.11140673815937358
supported,actual,fresh_ontology_01,27,0.09971606275678584
supported,actual,fresh_ontology_02,28,0.11146039207583748
supported,actual,fresh_ontology_03,25,0.06530544126287245
supported,actual,fresh_ontology_04,30,0.12792493634346286
supported,actual,fresh_ontology_05,31,0.03416687545371619
supported,actual,identity_01,31,0.13541924314028903
supported,actual,identity_02,27,0.11881235590147042
supported,actual,identity_03,25,0.16716718400895458
supported,actual,identity_04,27,0.1772874156973294
supported,actual,identity_05,25,0.16966985821702035
supported,actual,literal_01,31,0.13313079260446045
supported,actual,literal_02,26,0.1669555368249953
supported,actual,literal_03,26,0.16598906703852392
supported,actual,literal_04,23,0.13199829167338978
supported,actual,literal_05,24,0.03151268728122592
supported,actual,metaphor_01,31,0.12137647279689852
supported,actual,metaphor_02,28,0.09077898216345015
supported,actual,metaphor_03,26,0.10352624110162333
supported,actual,metaphor_04,26,0.07734286045135294
supported,actual,metaphor_05,23,0.10441181950796037
supported,actual,ontology_01,27,0.08513681088576085
supported,actual,ontology_02,27,0.17985104448533826
supported,actual,ontology_03,26,0.1345783954478243
supported,actual,ontology_04,28,0.11386946255039045
supported,actual,ontology_05,27,0.13818503050650432
supported,v2_random,fresh_identity_01,29,0.009677307063562356
supported,v2_random,fresh_identity_02,27,0.024795931612253654
supported,v2_random,fresh_identity_03,30,-0.008243537021276979
supported,v2_random,fresh_identity_04,29,0.012814639828927617
supported,v2_random,fresh_identity_05,28,-0.004948054156504174
supported,v2_random,fresh_literal_01,29,0.025969205126203848
supported,v2_random,fresh_literal_02,26,-0.004608914799811978
supported,v2_random,fresh_literal_03,28,-0.005558112198657633
supported,v2_random,fresh_literal_04,30,-0.006530862331562976
supported,v2_random,fresh_literal_05,30,0.007026716802729447
supported,v2_random,fresh_metaphor_01,26,-0.009457462996641047
supported,v2_random,fresh_metaphor_02,27,0.012074375003891972
supported,v2_random,fresh_metaphor_03,28,-0.015121461067846455
supported,v2_random,fresh_metaphor_04,30,0.0005334569195628372
supported,v2_random,fresh_metaphor_05,26,0.011823523113838033
supported,v2_random,fresh_ontology_01,27,0.0016656870060823747
supported,v2_random,fresh_ontology_02,28,-0.0044570370506401506
supported,v2_random,fresh_ontology_03,25,0.0029863104005154423
supported,v2_random,fresh_ontology_04,30,-0.017125480697605843
supported,v2_random,fresh_ontology_05,31,0.00995262247617559
supported,v2_random,identity_01,31,-0.0035320758665675295
supported,v2_random,identity_02,27,0.004059424377792465
supported,v2_random,identity_03,25,0.0036767825263225307
supported,v2_random,identity_04,27,-0.007221631046992461
supported,v2_random,identity_05,25,0.000803146626848133
supported,v2_random,literal_01,31,0.002109119612440003
supported,v2_random,literal_02,26,0.0019099058727690041
supported,v2_random,literal_03,26,0.018206834924124997
supported,v2_random,literal_04,23,7.812953363477149e-05
supported,v2_random,literal_05,24,0.010928272221241675
supported,v2_random,metaphor_01,31,0.03535532085162866
supported,v2_random,metaphor_02,28,0.008739412218073265
supported,v2_random,metaphor_03,26,-0.035276405784743683
supported,v2_random,metaphor_04,26,0.0095103926303136
supported,v2_random,metaphor_05,23,0.007402177854730081
supported,v2_random,ontology_01,27,0.007382033690137079
supported,v2_random,ontology_02,27,-0.012618698547750648
supported,v2_random,ontology_03,26,0.008200547372223792
supported,v2_random,ontology_04,28,0.003436270146729009
supported,v2_random,ontology_05,27,-0.02038975446408436
supported,within_prompt_shuffle,fresh_identity_01,29,0.003155717379016607
supported,within_prompt_shuffle,fresh_identity_02,27,-0.002191179389515108
supported,within_prompt_shuffle,fresh_identity_03,30,0.0016074723064484658
supported,within_prompt_shuffle,fresh_identity_04,29,0.011814534161901747
supported,within_prompt_shuffle,fresh_identity_05,28,0.005984193735550856
supported,within_prompt_shuffle,fresh_literal_01,29,0.0032539865065774037
supported,within_prompt_shuffle,fresh_literal_02,26,0.007281866248511085
supported,within_prompt_shuffle,fresh_literal_03,28,-0.002339859255219832
supported,within_prompt_shuffle,fresh_literal_04,30,-0.0007946290657741309
supported,within_prompt_shuffle,fresh_literal_05,30,-0.0006638339285765816
supported,within_prompt_shuffle,fresh_metaphor_01,26,0.004683149854696162
supported,within_prompt_shuffle,fresh_metaphor_02,27,-0.005161350442585285
supported,within_prompt_shuffle,fresh_metaphor_03,28,-0.0056872323840743925
supported,within_prompt_shuffle,fresh_metaphor_04,30,0.005307721903817379
supported,within_prompt_shuffle,fresh_metaphor_05,26,0.0096489933961002
supported,within_prompt_shuffle,fresh_ontology_01,27,0.004031509427434284
supported,within_prompt_shuffle,fresh_ontology_02,28,0.005702231282814448
supported,within_prompt_shuffle,fresh_ontology_03,25,0.011684641258569922
supported,within_prompt_shuffle,fresh_ontology_04,30,0.010823831819504779
supported,within_prompt_shuffle,fresh_ontology_05,31,0.0014534215834141725
supported,within_prompt_shuffle,identity_01,31,0.0015706862918569544
supported,within_prompt_shuffle,identity_02,27,-0.0029041696865862443
supported,within_prompt_shuffle,identity_03,25,-0.0012147939032003182
supported,within_prompt_shuffle,identity_04,27,-0.002589786832278677
supported,within_prompt_shuffle,identity_05,25,0.004443576451029641
supported,within_prompt_shuffle,literal_01,31,-0.0023228263640988913
supported,within_prompt_shuffle,literal_02,26,0.010158261098981877
supported,within_prompt_shuffle,literal_03,26,0.011064306194316567
supported,within_prompt_shuffle,literal_04,23,0.005927270940136052
supported,within_prompt_shuffle,literal_05,24,0.005314611145613597
supported,within_prompt_shuffle,metaphor_01,31,0.001380595631481731
supported,within_prompt_shuffle,metaphor_02,28,-0.005802024136353072
supported,within_prompt_shuffle,metaphor_03,26,0.0015581534491910605
supported,within_prompt_shuffle,metaphor_04,26,0.0024558500653139056
supported,within_prompt_shuffle,metaphor_05,23,-0.002053466173889458
supported,within_prompt_shuffle,ontology_01,27,0.004746422287947775
supported,within_prompt_shuffle,ontology_02,27,-0.006991684416238024
supported,within_prompt_shuffle,ontology_03,26,0.009027593692822996
supported,within_prompt_shuffle,ontology_04,28,0.001499565103162864
supported,within_prompt_shuffle,ontology_05,27,0.002365556630334404
supported,within_prompt_position_shuffle,fresh_identity_01,29,0.0032048292527564063
supported,within_prompt_position_shuffle,fresh_identity_02,27,0.008608396448769338
supported,within_prompt_position_shuffle,fresh_identity_03,30,-0.0025390958233838124
supported,within_prompt_position_shuffle,fresh_identity_04,29,0.011629585508021586
supported,within_prompt_position_shuffle,fresh_identity_05,28,0.006754765185249574
supported,within_prompt_position_shuffle,fresh_literal_01,29,0.01203676694820501
supported,within_prompt_position_shuffle,fresh_literal_02,26,-0.0008042100563803165
supported,within_prompt_position_shuffle,fresh_literal_03,28,0.0014259467142049773
supported,within_prompt_position_shuffle,fresh_literal_04,30,-0.0032823354692853098
supported,within_prompt_position_shuffle,fresh_literal_05,30,0.006711301599717217
supported,within_prompt_position_shuffle,fresh_metaphor_01,26,0.008159415893560786
supported,within_prompt_position_shuffle,fresh_metaphor_02,27,0.014574000248265702
supported,within_prompt_position_shuffle,fresh_metaphor_03,28,0.005310453620125403
supported,within_prompt_position_shuffle,fresh_metaphor_04,30,0.005712585637691888
supported,within_prompt_position_shuffle,fresh_metaphor_05,26,0.017806843231953473
supported,within_prompt_position_shuffle,fresh_ontology_01,27,0.01821513008267259
supported,within_prompt_position_shuffle,fresh_ontology_02,28,0.01116605501688323
supported,within_prompt_position_shuffle,fresh_ontology_03,25,0.017686092010038984
supported,within_prompt_position_shuffle,fresh_ontology_04,30,0.025103841463859775
supported,within_prompt_position_shuffle,fresh_ontology_05,31,0.006064261272181672
supported,within_prompt_position_shuffle,identity_01,31,0.010436669185318426
supported,within_prompt_position_shuffle,identity_02,27,0.012754806866549607
supported,within_prompt_position_shuffle,identity_03,25,-0.00495568434991915
supported,within_prompt_position_shuffle,identity_04,27,0.005680620156360476
supported,within_prompt_position_shuffle,identity_05,25,0.016041758226430832
supported,within_prompt_position_shuffle,literal_01,31,0.012000864411226253
supported,within_prompt_position_shuffle,literal_02,26,0.017378551348496436
supported,within_prompt_position_shuffle,literal_03,26,0.03170771216114412
supported,within_prompt_position_shuffle,literal_04,23,0.000342402224984011
supported,within_prompt_position_shuffle,literal_05,24,0.012435533472793693
supported,within_prompt_position_shuffle,metaphor_01,31,0.010261512148220646
supported,within_prompt_position_shuffle,metaphor_02,28,-0.018402935668409642
supported,within_prompt_position_shuffle,metaphor_03,26,0.006383003681674763
supported,within_prompt_position_shuffle,metaphor_04,26,0.007796491399587164
supported,within_prompt_position_shuffle,metaphor_05,23,0.007127347285475222
supported,within_prompt_position_shuffle,ontology_01,27,0.019045809601672455
supported,within_prompt_position_shuffle,ontology_02,27,-0.011013213841904502
supported,within_prompt_position_shuffle,ontology_03,26,0.025112383823846958
supported,within_prompt_position_shuffle,ontology_04,28,0.0037919167331963988
supported,within_prompt_position_shuffle,ontology_05,27,0.0173926897366278
