prompt_id,position_bin,nodes,singleton,fixed_point_fraction
fresh_identity_01,early,10,False,0.08671875
fresh_identity_01,middle,11,False,0.09588068181818182
fresh_identity_01,late,10,False,0.10234375
fresh_identity_02,early,10,False,0.09453125
fresh_identity_02,middle,10,False,0.09140625
fresh_identity_02,late,10,False,0.10234375
fresh_identity_03,early,10,False,0.10859375
fresh_identity_03,middle,11,False,0.08806818181818182
fresh_identity_03,late,10,False,0.0984375
fresh_identity_04,early,10,False,0.10703125
fresh_identity_04,middle,10,False,0.08046875
fresh_identity_04,late,10,False,0.090625
fresh_identity_05,early,9,False,0.0954861111111111
fresh_identity_05,middle,10,False,0.10078125
fresh_identity_05,late,10,False,0.10078125
fresh_literal_01,early,10,False,0.09765625
fresh_literal_01,middle,10,False,0.08046875
fresh_literal_01,late,10,False,0.09453125
fresh_literal_02,early,9,False,0.09722222222222222
fresh_literal_02,middle,10,False,0.10625
fresh_literal_02,late,10,False,0.1046875
fresh_literal_03,early,10,False,0.10390625
fresh_literal_03,middle,10,False,0.10234375
fresh_literal_03,late,10,False,0.0828125
fresh_literal_04,early,10,False,0.10546875
fresh_literal_04,middle,11,False,0.07315340909090909
fresh_literal_04,late,11,False,0.10866477272727272
fresh_literal_05,early,10,False,0.09296875
fresh_literal_05,middle,11,False,0.08451704545454546
fresh_literal_05,late,11,False,0.09446022727272728
fresh_metaphor_01,early,9,False,0.1171875
fresh_metaphor_01,middle,10,False,0.1125
fresh_metaphor_01,late,10,False,0.0984375
fresh_metaphor_02,early,10,False,0.09140625
fresh_metaphor_02,middle,11,False,0.09303977272727272
fresh_metaphor_02,late,10,False,0.09453125
fresh_metaphor_03,early,10,False,0.1
fresh_metaphor_03,middle,11,False,0.09303977272727272
fresh_metaphor_03,late,10,False,0.0921875
fresh_metaphor_04,early,10,False,0.08046875
fresh_metaphor_04,middle,10,False,0.11484375
fresh_metaphor_04,late,10,False,0.090625
fresh_metaphor_05,early,9,False,0.1232638888888889
fresh_metaphor_05,middle,10,False,0.090625
fresh_metaphor_05,late,10,False,0.10546875
fresh_ontology_01,early,9,False,0.11458333333333333
fresh_ontology_01,middle,10,False,0.1
fresh_ontology_01,late,10,False,0.0890625
fresh_ontology_02,early,9,False,0.11631944444444445
fresh_ontology_02,middle,10,False,0.103125
fresh_ontology_02,late,10,False,0.09765625
fresh_ontology_03,early,10,False,0.09921875
fresh_ontology_03,middle,11,False,0.08522727272727272
fresh_ontology_03,late,10,False,0.084375
fresh_ontology_04,early,10,False,0.07734375
fresh_ontology_04,middle,11,False,0.08877840909090909
fresh_ontology_04,late,10,False,0.07734375
fresh_ontology_05,early,10,False,0.11484375
fresh_ontology_05,middle,11,False,0.09517045454545454
fresh_ontology_05,late,11,False,0.08309659090909091
identity_01,early,11,False,0.09090909090909091
identity_01,middle,11,False,0.08806818181818182
identity_01,late,11,False,0.08167613636363637
identity_02,early,10,False,0.0859375
identity_02,middle,10,False,0.11640625
identity_02,late,10,False,0.09921875
identity_03,early,10,False,0.103125
identity_03,middle,10,False,0.0890625
identity_03,late,10,False,0.0875
identity_04,early,9,False,0.10243055555555555
identity_04,middle,9,False,0.10416666666666667
identity_04,late,9,False,0.11371527777777778
identity_05,early,9,False,0.109375
identity_05,middle,9,False,0.1171875
identity_05,late,9,False,0.1189236111111111
literal_01,early,10,False,0.096875
literal_01,middle,11,False,0.08735795454545454
literal_01,late,11,False,0.08664772727272728
literal_02,early,9,False,0.11371527777777778
literal_02,middle,9,False,0.10069444444444445
literal_02,late,9,False,0.11979166666666667
literal_03,early,8,False,0.12109375
literal_03,middle,9,False,0.1232638888888889
literal_03,late,9,False,0.1171875
literal_04,early,8,False,0.125
literal_04,middle,8,False,0.126953125
literal_04,late,8,False,0.150390625
literal_05,early,8,False,0.11328125
literal_05,middle,9,False,0.11197916666666667
literal_05,late,8,False,0.1240234375
metaphor_01,early,11,False,0.0859375
metaphor_01,middle,11,False,0.1015625
metaphor_01,late,11,False,0.09232954545454546
metaphor_02,early,9,False,0.109375
metaphor_02,middle,10,False,0.09609375
metaphor_02,late,9,False,0.10850694444444445
metaphor_03,early,9,False,0.11371527777777778
metaphor_03,middle,10,False,0.0890625
metaphor_03,late,10,False,0.084375
metaphor_04,early,9,False,0.09809027777777778
metaphor_04,middle,9,False,0.1171875
metaphor_04,late,9,False,0.10677083333333333
metaphor_05,early,8,False,0.14453125
metaphor_05,middle,9,False,0.1154513888888889
metaphor_05,late,9,False,0.12065972222222222
ontology_01,early,10,False,0.1
ontology_01,middle,10,False,0.09609375
ontology_01,late,10,False,0.09140625
ontology_02,early,9,False,0.1154513888888889
ontology_02,middle,9,False,0.109375
ontology_02,late,9,False,0.1076388888888889
ontology_03,early,9,False,0.1154513888888889
ontology_03,middle,10,False,0.1078125
ontology_03,late,9,False,0.1032986111111111
ontology_04,early,9,False,0.12152777777777778
ontology_04,middle,10,False,0.08984375
ontology_04,late,9,False,0.109375
ontology_05,early,9,False,0.09722222222222222
ontology_05,middle,9,False,0.10243055555555555
ontology_05,late,9,False,0.12065972222222222
